a1_filing_date,ipo_date,stock_code,isin,company_name_en,company_name_zh,hsics_category,hsics_subcategory_1,hsics_subcategory_2,is_chapter_18a,is_chapter_18c,is_chapter_19c,is_h_share,primary_listing,adr_relisting,adr_code,a_to_h_listing,a_share_stock_code,share_class,dual_primary_listing,secondary_listing,fini_platform_flag,company_industry_description,market_cap_at_listing_hkd,market_cap_at_listing_usd,latest_market_cap_hkd,latest_market_cap_20260630_usd,current_free_float_shares,current_free_float_pct,last_price_20260630_hkd,total_shares_issued_at_ipo,total_ipo_size_hkd,total_ipo_size_usd,total_ipo_size_shares,post_ipo_total_issued_shares,issued_shares_excl_treasury,offer_price_range_low_hkd,offer_price_range_high_hkd,ipo_price_hkd,ipo_price_vs_range_pct,pe_at_ipo,pb_at_ipo,day1_performance_pct,day1_traded_volume_usd,day1_volume_vs_free_float_pct,day1_open_hkd,day1_closing_price_hkd,day1_high_hkd,day1_low_hkd,hsi_return_30d_prior_pct,hsi_return_90d_prior_pct,hibor_1m_on_ipo_pct,avg_day1_perf_last_5_ipos_pct,oversubscribed,times_oversubscribed_retail,clawback_mechanism,clawback_pct_triggered,perf_3d_pct,volume_3d_usd,perf_5d_pct,volume_5d_usd,perf_20d_pct,volume_20d_usd,lockup_6m_expiry_date,perf_on_lockup_expiry_pct,perf_lockup_day0_vs_ipo_pct,perf_lockup_dayminus2_vs_ipo_pct,perf_lockup_dayminus1_vs_ipo_pct,perf_lockup_dayplus1_vs_ipo_pct,perf_lockup_dayplus2_vs_ipo_pct,ipo_perf_1y_pct,num_cornerstone_investors,cornerstone_allocation_pct,cornerstone_pedigree_global_fund,cornerstone_pedigree_sovereign_wealth,cornerstone_pedigree_large_company,cornerstone_lockup_months,top1_placee_concentration_pct,top5_placee_concentration_pct,top10_placee_concentration_pct,top20_placee_concentration_pct,top1_shareholder_concentration_pct,top5_shareholder_concentration_pct,top10_shareholder_concentration_pct,top20_shareholder_concentration_pct,hkex_high_concentration_flag,pool_a_1lot_allocation_rate_pct,num_valid_retail_applicants,greenshoe_exercised,greenshoe_broker,greenshoe_net_secondary_purchases_shares,greenshoe_avg_stabilization_price_hkd,greenshoe_last_exercise_date,prospectus_link,hkex_ipo_documentation_link,lead_brokers_underwriters,lead_broker_is_global_bank,lead_broker_is_chinese_bank,multiple_lead_brokers,lead_broker_initiated_coverage,base_underwriting_commission_pct,discretionary_incentive_fee_pct,msci_included,msci_inclusion_date,hsi_included,hsi_inclusion_date,ftse_included,ftse_inclusion_date,southbound_included,southbound_inclusion_date
02/09/2022,09/01/2023,02469,KYG3413F1046,Fenbi Ltd.,粉筆有限公司,Consumer Discretionary,Support Services,Education,False,False,False,False,True,,,,,,,False,T+5,"Fenbi Ltd is an investment holding company primarily engaged in providing non-formal vocational education and training services. The Company operates its businesses through two business segments. The Tutoring Services segment primarily provides tutoring services through classroom-based platforms which teaching to the students who physically attend the lectures in tutoring centers and tutoring bases/campuses, or through online platforms which mainly represent online tutoring courses services, membership package, and challenge exercise. The Sales of Books segment mainly includes books provided with tutoring services and printing business relevant with book selling business. The Company mainly conducts its businesses within domestic market.",20749945411.8,2660249411.77,893866237.65,114598235.6,1189062804.0,53.88,0.405,20000000,198000000.0,25384615.38,20000000,2095954082.0,2208738030.0,9.5,9.9,9.9,100.0,,,12.12,16799423.65,0.63,10.5,11.100000381469728,12.100000381469728,10.260000228881836,7.47,27.07,3.53905,,True,33.88,"4,000,000 Offer Shares reallocated from the International Offering to the Hong Kong Public Offering via clawback",30.0,5.86,5633519.32,5.05,10867929.54,21.01,28441094.71,10/07/2023,5.33,-52.12,-54.14,-54.55,-51.41,-50.4,-58.79,,,,,,,,,,,,,,,False,72.32,9493.0,True,China International Capital Corporation Hong Kong Securities Limited,3000000.0,9.895,2023-01-29,https://www1.hkexnews.hk/listedco/listconews/sehk/2022/1223/2022122300005.pdf,https://www1.hkexnews.hk/listedco/listconews/sehk/2023/0106/10569217/2023010600012.pdf,Citigroup Global Markets Asia Limited/ China International Capital Corporation Hong Kong Securities Limited/ Merrill Lynch (Asia Pacific) Limited,True,True,True,,,,,,,,,,False,
01/08/2022,12/01/2023,02402,CNE100005RX0,"Beijing SinoHytec Co., Ltd.",北京億華通科技股份有限公司,Industrials,Industrial Engineering,New Energy Materials,False,False,False,True,True,,,,,,,False,T+5,"Beijing SinoHytec Co Ltd is a China-based company primarily engaged in the research and development, production and industrial application of hydrogen fuel cell engine systems and core components. The Company is primarily engaged in the research and development and manufacturing of hydrogen fuel cell engine systems, related technology development, and the provision of technical services. The Company’s products are primarily used for commercial vehicles such as busses, logistics vehicles and heavy trucks. The Company distributes its products within the domestic market and to overseas markets.",7051163220.0,903995284.62,567813567.78,72796611.25,180620350.0,403.67,12.69,17628000,1097907000.0,140757307.69,17628000,117519387.0,44744962.0,,76.0,60.0,,,,-28.57,14016154.02,1.55,42.85714340209961,42.85714340209961,43.21428680419922,41.75,9.79,29.7,3.18196,12.12,False,0.29,,2.88,-28.57,2558461.57,-28.57,3116538.5,-24.23,12722867.5,13/07/2023,-1.55,-36.5,-36.33,-35.5,-30.5,-24.58,-44.25,1.0,,False,False,False,6.0,,,,,,,,,False,100.0,2124.0,True,Guotai Junan Securities (Hong Kong) Limited,,,2023-02-04,https://www1.hkexnews.hk/listedco/listconews/sehk/2022/1229/2022122900013.pdf,https://www1.hkexnews.hk/listedco/listconews/sehk/2023/0111/10573259/2023011100008.pdf,Guotai Junan Capital Limited/ Giraffe Capital Limited,False,True,True,,,,,,,,,,True,
30/06/2022,13/01/2023,02147,KYG989MG1150,Zhengwei Group Holdings Company Limited,正味集團控股有限公司,Consumer Staples,Food & Beverages,Packaged Foods,False,False,False,False,True,,,,,,,False,T+5,"Zhengwei Group Holdings Co Ltd is a holding company primarily engaged in the procurement, processing and trading of dried wild delicacies, snacks, dried aquatic products, grains, seasonings. The Company conducts its businesses through two segments. The Manufacturing segment is engaged in the production and sale of snacks (including vegetable snacks and meat snacks), such as crisp cones and roasted necks, packaged dry food, such as fungi, dried aquatic products, seaweed, grains and seasonings. The Trading segment purchases dried candied fruits, nuts and other products in bulk from suppliers for processing and sales.",544000000.0,69743589.74,33264000.32,4264615.43,38845520.0,57.81,0.4950000047683716,200000000,136000000.0,17435897.44,200000000,800000000.0,67200000.0,,0.82,0.68,,,,1547.06,14089599.76,20.2,14.800000190734863,11.199999809265137,15.399999618530272,11.199999809265137,10.5,31.05,3.18018,-8.23,True,18.28,,,1341.18,2520220.49,1311.76,2847469.21,1311.76,4832146.12,14/07/2023,-2.16,3900.0,4047.06,3988.24,3988.24,4223.53,767.65,,,,,,,,,,,,,,,False,100.0,6254.0,True,,,,,https://www1.hkexnews.hk/listedco/listconews/sehk/2022/1230/2022123000061.pdf,https://www1.hkexnews.hk/listedco/listconews/sehk/2023/0112/10574338/2023011200016.pdf,Grand Moore Capital Limited,False,False,False,,,,,,,,,,False,
21/09/2022,16/01/2023,02458,KYG3790R1011,Gala Technology Holding Limited,望塵科技控股有限公司,Information Technology,Software & Services,Game Software,False,False,False,False,True,,,,,,,False,T+5,"Gala Technology Holding Ltd is an investment holding company primarily engaged in the development, publishing, and operation of mobile sports games. The Company's games cover football, basketball and baseball, including Football Master, NBA Basketball Master, Total Football, Football Champion, Clutch Hit Baseball and NBA Rivals. The Company primarily distributes its games through its own channels and platforms, as well as third-party distribution channels. The Company mainly conducts its businesses within domestic market.",927615832.0,118925106.67,720686173.62,92395663.28,61974727.0,43.43,5.050000190734863,12420000,80730000.0,10350000.0,12420000,142710128.0,142710128.0,5.7,7.16,6.5,54.8,,,-11.54,2893274.68,2.43,5.0,5.75,6.150000095367432,5.0,11.8,28.57,3.19946,510.2,True,3.4,Claw-back/reallocation procedure not applied (over-subscription below the reallocation threshold),30.0,-20.0,507052.32,-20.92,708668.73,5.08,1978734.38,17/07/2023,0.0,-37.69,-37.69,-37.69,-38.62,-38.62,-20.0,,,,,,,,,,,,,,,False,50.02,4168.0,False,,,,,https://www1.hkexnews.hk/listedco/listconews/sehk/2022/1230/2022123000207.pdf,https://www1.hkexnews.hk/listedco/listconews/sehk/2023/0113/10575643/2023011300080.pdf,UOB Kay Hian (Hong Kong) Limited,False,False,False,,,,,,,,,,False,
16/11/2022,16/01/2023,02411,CNE100005RW2,Shenzhen Pagoda Industrial (Group) Corporation Limited,深圳百果園實業（集團）股份有限公司,Consumer Staples,Food & Beverages,Packaged Foods,False,False,False,True,True,,,,,,,False,T+5,"Shenzhen Pagoda Industrial Group Corp Ltd is a China-based company primarily engaged in operating a franchised retail network and trading of fruits. The Company mainly operates its business through three segments. The Franchising segment is engaged in the operation of franchised and self-owned retail networks to distribute the fruit and other food products. The Trading segment is engaged in the sales of fruit and other food products under short term contracts to overseas and local corporate customers, including food retail companies, supermarkets and fruit markets. The Others segment is engaged in local sales to individuals of fruit items other than those offered to franchisees and regional dealers and other businesses. The Company conducts its business in the domestic and overseas markets.",8842106000.0,1133603333.33,3043233245.35,390158108.38,1202813608.0,63.24,1.600000023841858,78947500,495846400.0,63570051.28,78947500,1578947500.0,1980342750.0,5.0,6.2,5.6,50.0,,,7.14,15094300.0,1.33,6.519999980926514,6.0,7.119999885559082,6.0,11.8,28.57,3.19946,379.77,True,12.2,,10.0,8.57,4183237.26,1.07,7123657.31,-0.0,18228056.61,17/07/2023,-0.19,-3.93,-4.29,-3.75,-5.71,-4.64,-25.36,3.0,,False,False,False,,,,,,,,,,False,19.99,12391.0,True,Morgan Stanley Asia Limited,2245500.0,5.565,2023-02-08,https://www1.hkexnews.hk/listedco/listconews/sehk/2022/1229/2022122900077.pdf,https://www1.hkexnews.hk/listedco/listconews/sehk/2023/0113/10575581/2023011300020.pdf,Morgan Stanley Asia Limited,True,False,False,,,,,,,,,,False,
14/11/2022,16/01/2023,02373,KYG0929L1041,Beauty Farm Medical and Health Industry Inc.,美麗田園醫療健康產業有限公司,Healthcare,Other Healthcare,Medical & Aesthetic Services,False,False,False,False,True,,,,,,,False,T+5,"Beauty Farm Medical & Health Industry Inc is an investment holding company primarily engaged in the provision of beauty and health management service. The Company primarily provides beauty and wellness services, aesthetic medical services as well as subhealth medical services. The operating brands include Beauty Farm, Palaispa, Naturade, Neology and CellCare. The Company is also engaged in the sales of care products, instruments and equipment and consumables as well as the provision of operation support services to its franchised stores. The Company primarily operates its businesses in the domestic market.",4798792693.8,615229832.54,4192733780.75,537529971.89,85106961.0,34.26,16.8799991607666,40536500,900630780.0,115465484.62,40536500,248384715.0,248384715.0,19.32,19.32,19.32,,,,53.47,57916332.59,9.41,30.5,29.649999618530273,32.900001525878906,28.049999237060547,11.8,28.57,3.19946,305.24,True,22.12,"8,107,000 Offer Shares reallocated from the International Offering to the Hong Kong Public Offering via clawback",30.0,54.76,22069672.81,56.31,28745929.29,50.62,50087907.81,17/07/2023,-3.74,-6.83,-2.07,-3.21,-6.73,-5.49,-47.93,,,,,,,,,,,,,,,False,55.74,6671.0,True,Morgan Stanley Asia Limited,,,2023-02-05,https://www1.hkexnews.hk/listedco/listconews/sehk/2022/1230/2022123000067.pdf,https://www1.hkexnews.hk/listedco/listconews/sehk/2023/0113/10575585/2023011300034.pdf,Morgan Stanley Asia Limited/  Haitong International Capital Limited/ Huatai Financial Holdings (Hong Kong) Limited,True,True,True,,,,,,,,,,False,
17/10/2022,17/01/2023,02459,KYG7802A1470,SANERGY GROUP LIMITED,昇能集團有限公司,Industrials,Industrial Engineering,Industrial Components & Equipment,False,False,False,False,True,,,,,,,False,T+5,"Sanergy Group Ltd is a company mainly engaged in the manufacturing of graphite electrodes. The Company is a global manufacturer of ultra high power (UHP) graphite electrodes with a worldwide customer base in over 25 countries comprising major global electric arc furnace (EAF) steel manufacturers in Americas, Europe, the Middle East and Africa (EMEA), Asia Pacific (APAC) and the People’s Republic of China (PRC) that sell their products to the automotive, infrastructure, construction, appliance, machinery, equipment and transportation industries. In order to better serve and support customers, the Company have sales presence in Americas, EMEA, APAC and the PRC.",310080000.0,39753846.15,108528000.46,13913846.21,157961250.0,81.51,0.5600000023841858,172400000,275840000.0,35364102.56,172400000,193800000.0,193800000.0,,2.2,1.6,,,,830.63,13070790.97,32.88,14.053503036499023,14.890021324157717,16.395753860473633,13.969850540161133,10.94,30.68,3.20696,313.51,True,9.88,,,762.66,3095374.24,762.66,3940033.2,1149.55,12769812.83,18/07/2023,0.0,1379.59,1426.65,1379.59,1458.01,1552.12,2430.47,,,,,,,,,,,,,,,False,7.72,7754.0,True,,,,2023-02-09,https://www1.hkexnews.hk/listedco/listconews/sehk/2022/1230/2022123000059.pdf,https://www1.hkexnews.hk/listedco/listconews/sehk/2023/0116/10577021/2023011600010.pdf,Southwest Securities (HK) Capital Limited,False,False,False,,,,,,,,,,False,
14/09/2022,17/01/2023,02455,KYG771601021,Runhua Living Service Group Holdings Limited,潤華生活服務集團控股有限公司,Properties & Construction,Properties,Property Service and Management,False,False,False,False,True,,,,,,,False,T+5,Runhua Living Service Group Holdings Ltd is an investment holding company principally engaged in provision of property management services. The Company operates its businesses through four business segments. The Property Management Services segment includes property management services and other related services. The Property Engineering and Landscape Construction Services segment includes property engineering related services and landscape construction services. The Leasing Services from Investment Properties segment principally involves investing in commercial space for its rental income potential. The Others segment mainly includes the technological development services which are mainly software supporting services and the intermediary services for patient nursing and post-natal caring services. The Company mainly conducts its businesses within domestic market.,500532179.8,64170792.28,200212874.03,25668317.18,84531052.0,28.71,0.6800000071525574,75000000,127500000.0,16346153.85,75000000,294430694.0,300000000.0,1.7,2.0,1.7,0.0,,,-25.88,3020123.05,4.71,1.3799999952316284,1.2599999904632568,1.399999976158142,1.2599999904632568,10.94,30.68,3.20696,485.35,True,8.74,Claw-back/reallocation procedure not applied (over-subscription below the reallocation threshold),10.0,-23.53,3651548.7,-23.53,4174574.33,-25.88,9451481.99,18/07/2023,-3.42,-33.53,-30.59,-31.18,-28.24,-32.35,-59.41,,,,,,,,,,,,,,,False,20.0,5158.0,True,,,,2023-02-08,https://www1.hkexnews.hk/listedco/listconews/sehk/2022/1230/2022123000035.pdf,https://www1.hkexnews.hk/listedco/listconews/sehk/2023/0116/10577027/2023011600026.pdf,Zhongtai International Capital Limited,False,True,False,,,,,,,,,,False,
16/11/2022,19/01/2023,02306,KYG9844S1021,YH Entertainment Group,樂華娛樂集團,Consumer Discretionary,Media & Entertainment,Movies & Entertainment,False,False,False,False,True,,,,,,,False,T+5,"YH Entertainment Group is an investment holding company mainly engaged in artist management business. The Company is also engaged in music intellectual property (IP) production and operation and IP commercialization business. The artist management business covers the entire artist management industry value chain from artist training, artist operation to artist promotion. The music IP production and operation business is engaged in the licensing of music IPs to music streaming platforms and other music service providers, and the sales of digital and physical copies of music IPs. The IP commercialization business includes virtual artist development, artist-related merchandise, and the pop toy business. The Company principally conducts its businesses in domestic and South Korea markets.",3549844800.0,455108307.69,1624879095.65,208317832.78,338368759.0,41.23,1.9800000190734863,120060000,497274480.0,63753138.46,120060000,870060000.0,830559000.0,3.91,5.06,4.08,14.8,,,47.79,40561105.64,8.91,5.599999904632568,6.03000020980835,6.480000019073486,5.300000190734863,13.39,33.56,3.02345,170.76,True,28.68,,,23.28,14436193.13,17.16,17268633.7,10.05,23861216.59,20/07/2023,7.52,26.23,13.24,17.4,33.09,28.43,-71.57,,,,,,12.0,,,,,,,,,False,50.0,9630.0,True,China Securities (International) Corporate Finance Company Limited,0.0,,2023-02-11,https://www1.hkexnews.hk/listedco/listconews/sehk/2022/1230/2022123000047.pdf,https://www1.hkexnews.hk/listedco/listconews/sehk/2023/0118/10579262/2023011800044.pdf,"China Securities (International)  Corporate Finance Company Limited/ China Merchants Securities (HK) Co., Limited",False,True,True,,,,,,,,,,False,
27/07/2022,20/01/2023,02450,CNE100005RT8,"Huaibei GreenGold Industry Investment Co., Ltd.",淮北綠金產業投資股份有限公司,Properties & Construction,Construction,Construction Materials,False,False,False,True,True,,,,,,,False,T+5,"Huaibei GreenGold Industry Investment Co Ltd is a China-based company primarily engaged in aggregates production and engineering material processing and sales business. The Company primarily operates its businesses through two segments. The Aggregate Products and Others segment is primarily engaged in the production and sales of aggregate products and others. The Concrete Products segment is primarily engaged in the production and sales of concrete products to be used in building and road construction. The Company's main products include aggregate products and others, ready-mixed concrete, cement-stabilised macadam and asphalt concrete. The Company primarily conducts its businesses in the domestic market.",126060000.0,16161538.46,311519986.15,39938459.76,62335680.0,94.45,4.71999979019165,66000000,126060000.0,16161538.46,66000000,66000000.0,66000000.0,,2.31,1.91,,,,-44.5,6390576.58,39.54,1.2100000381469729,1.059999942779541,1.2699999809265137,1.059999942779541,15.05,35.98,2.95488,182.63,True,12.26,,20.0,-46.6,2197313.5,-47.64,2604013.5,-56.02,3623115.42,21/07/2023,0.0,-67.02,-65.97,-67.02,-67.54,-67.54,-71.2,,,,,,,,,,,,,,,False,30.0,6137.0,True,,,,2023-02-12,https://www1.hkexnews.hk/listedco/listconews/sehk/2022/1230/2022123000043.pdf,https://www1.hkexnews.hk/listedco/listconews/sehk/2023/0119/10580437/2023011900020.pdf,China Everbright Capital Limited,False,False,False,,,,,,,,,,False,
29/12/2022,09/03/2023,02482,CNE100005W08,"Logory Logistics Technology Co., Ltd.",合肥維天運通信息科技股份有限公司,Industrials,Industrial Transportation,Road Transportation,False,False,False,True,True,,,,,,,False,T+5,"Logory Logistics Technology Co Ltd is a China-based company primarily engaged in digital freight businesses. The digital freight businesses include freight transportation services and freight platform services. The freight transportation services primarily provide cargo transportation services to shippers. The freight platform services primarily operate Logory digital freight carrier platform. The Company is also engaged in the development of digital human-based management and operation for truck drivers, the operation of logistics industry community and truck driver community Trucker Community, the sale of truck parts, and the provision of advertising services, leasing services, and other value-added services. The Company primarily operates its businesses in the domestic market.",1529552579.6,196096484.56,316459166.97,40571688.07,331923717.0,62.93,0.6000000238418579,43211000,125311900.0,16065628.21,43211000,527431924.0,527431924.0,,3.5,2.9,,,,-2.07,4848025.49,2.47,2.809999942779541,2.8399999141693115,2.9000000953674316,2.700000047683716,-6.45,0.12,3.30667,172.3,True,23.09,,30.0,-2.07,839566.66,-1.38,1037566.65,-3.79,2197614.07,07/09/2023,0.48,-27.24,-29.66,-27.59,-27.24,-27.24,-73.1,,,,,,6.0,,,,,,,,,False,30.01,9499.0,True,,,,2023-04-01,https://www1.hkexnews.hk/listedco/listconews/sehk/2023/0227/2023022700005.pdf,https://www1.hkexnews.hk/listedco/listconews/sehk/2023/0308/10624749/2023030800010.pdf,Haitong International Capital Limited | Bookrunners/Lead Managers: IMPORTANT,False,True,True,,,,,,,,,,False,
21/09/2022,10/03/2023,09636,KYG5139W1050,JF Wealth Holdings Ltd,九方智投控股有限公司,Information Technology,Software & Services,Application Software,False,False,False,False,True,,,,,,,False,T+5,"JF SmartInvest Holdings Ltd is an investment holding company principally engaged in the provision of equity investment tools, securities investment advisory, investor education and other services. As a next-generation stock investing assistant, the Company provides product offerings such as stock quote software, Stock Navigator, Super Investor, Artificial Intelligence (AI) Enjoy-Stock Pad, Jiuyao Stocks, Decision Master and Star-tier Services. Implementing the technology + investment research dual-driver strategy, and leveraging artificial intelligence and big data technologies, the Company has developed FinSphere Agent, AI investment advisory agent product portfolio. Centered on core investment service scenarios, the Company has established multi-agent collaborative investment advisory service capabilities to achieve industry-leading innovative practices and scenario applications.",7918744075.0,1015223599.36,14195835896.97,1819978961.15,161344303.0,34.78,30.600000381469727,59618500,1018929000.0,130631923.08,59618500,465808475.0,463916200.0,,18.78,17.0,,,,0.82,30693089.13,3.02,17.020000457763672,17.139999389648438,17.139999389648438,16.559999465942383,-9.23,-2.92,3.45476,161.19,True,2.59,,10.0,0.71,18128220.52,-0.82,19182493.62,-7.76,43644147.41,08/09/2023,-9.66,-17.53,-2.82,-8.71,-15.88,-15.88,-44.65,,,,,,,1.7,5.59,8.34,,29.62,76.99,,,False,100.0,6913.0,True,CICC,8624000.0,16.48,2023-04-02,https://www1.hkexnews.hk/listedco/listconews/sehk/2023/0228/2023022800011.pdf,https://www1.hkexnews.hk/listedco/listconews/sehk/2023/0309/10625859/2023030900010.pdf,China International Capital Corporation Hong Kong Securities Limited | Bookrunners/Lead Managers: IMPORTANT,False,True,True,,,,,,,,,,True,
14/10/2022,28/03/2023,01405,VGG2R04S1048,DPC Dash Ltd,達勢股份有限公司,Consumer Discretionary,Travel & Leisure,Restaurants,False,False,False,False,True,,,,,,,False,T+5,"DPC Dash Ltd is an investment holding company primarily engaged in the operation of fast food restaurant chains. The Company is primarily engaged in the processing and sales of fast-food items such as pizzas, chicken products and beverages through its Domino's Pizza stores. The restaurants provide dine-in and on-time delivery services. The Company primarily operates its businesses in the domestic market.",6054485546.0,776216095.64,3877503013.96,497115771.02,77459652.0,58.85,29.459999084472656,12799000,626713200.0,80347846.15,12799000,131619251.0,131619251.0,,55.0,46.0,,,,-0.11,9792652.09,1.26,46.0,45.95000076293945,46.5,45.849998474121094,-1.13,-0.57,3.19673,-4.77,False,0.45,"704,500 Offer Shares reallocated from the International Offering to the Hong Kong Public Offering via clawback",,21.74,7043171.83,22.83,8457239.75,9.67,16175371.78,26/09/2023,0.49,34.46,40.65,33.8,31.52,45.65,16.3,,,,,,,3.3,11.4,12.1,12.5,,,,,False,100.0,1412.0,True,,1094600.0,45.925,2023-04-20,https://www1.hkexnews.hk/listedco/listconews/sehk/2023/0316/2023031600013.pdf,https://www1.hkexnews.hk/listedco/listconews/sehk/2023/0327/10646031/2023032700032.pdf,Merrill Lynch (Asia Pacific) Limited,True,False,False,,,,,,,,,,True,
04/11/2022,29/03/2023,02409,KYG7945D1079,Seacon Shipping Group Holdings Limited,洲際船務集團控股有限公司,Industrials,Industrial Transportation,Shipping & Port Operation,False,False,False,False,True,,,,,,,False,T+5,"Seacon Shipping Group Holdings Ltd is an investment holding company primarily engaged in the provision of integrated shipping services. The Company mainly operates its business through two segments. The Shipping Business segment is engaged in the provision of shipping services for commodity owners, traders and shipping service companies via its controlled or chartered-in vessels, which are able to transport all major kinds of dry bulks, bunkers and petrochemical products. The Ship Management Business segment is engaged in providing ship owners, finance leasing companies, shipyards, dry bulk traders, and shipping and logistics companies with tailor-made ship management and value-added services covering the whole life cycle, including technical management, crew manning, business services, sale and purchase support of vessels, insurance and others. The Company conducts its business in the domestic and overseas markets.",1635000000.0,209615384.62,2250000000.0,288461538.46,125000000.0,25.0,4.5,125000000,408750000.0,52403846.15,125000000,500000000.0,500000000.0,3.27,3.91,3.27,0.0,,,-21.1,12290061.18,5.86,3.2799999713897705,2.5799999237060547,3.309999942779541,2.5799999237060547,1.25,2.29,3.17494,0.39,True,1.14,,,-12.84,4374006.39,-7.65,4785275.61,-10.09,6594611.54,27/09/2023,0.63,-2.14,-3.67,-2.75,-1.53,-5.2,0.92,,,,,,,,,,,,,,,False,100.0,2593.0,True,Zhongtai International Securities Limited,,,2023-04-16,https://www1.hkexnews.hk/listedco/listconews/sehk/2023/0314/2023031400009.pdf,https://www1.hkexnews.hk/listedco/listconews/sehk/2023/0328/10648100/2023032800040.pdf,Zhongtai International Capital Limited | Bookrunners/Lead Managers: ZTSC 中泰國際 ZTSC 中泰國際,False,True,True,,,,,,,,,,False,
30/11/2022,30/03/2023,02433,KYG989MU1061,Zhongtian Construction (Hunan) Group Limited,中天建設(湖南)集團有限公司,Properties & Construction,Construction,Building Construction,False,False,False,False,True,,,,,,,False,T+5,"Zhongtian Construction Hunan Group Ltd is an investment holding company primarily engaged in the provision of construction services. The Company mainly has five kinds of construction services. The civil building construction services include the provision of construction contracting mainly as general contractor for residential, industrial and commercial construction projects. The municipal works construction services include the construction of urban roads, education institutions, sports stadiums and water supply works. The foundation works services include foundation construction and earthwork construction. The prefabricated steel structure construction services include prefabricated steel structure construction works. The other specialized contracting works include building renovation and decoration construction specialized contracting. The Company also provides construction machinery and equipment services. The Company mainly conducts its business in the domestic market.",566400000.0,72615384.62,35711999.42,4578461.46,289912320.0,50.33,0.061999998986721,120000000,141600000.0,18153846.15,120000000,480000000.0,576000000.0,1.08,1.28,1.18,50.0,,,126.27,16173012.0,22.27,2.9200000762939453,2.6700000762939453,3.0899999141693115,2.4000000953674316,2.64,2.67,3.18202,-13.39,True,10.62,,,128.81,3110320.49,77.12,5020794.8,14.41,23158310.17,28/09/2023,0.0,-72.88,-72.88,-72.88,-73.73,-75.0,-85.25,,,,,,,,,,,,,,,False,40.0,3174.0,True,,,,2023-04-22,https://www1.hkexnews.hk/listedco/listconews/sehk/2023/0320/2023032000005.pdf,https://www1.hkexnews.hk/listedco/listconews/sehk/2023/0329/10650645/2023032900044.pdf,Grande Capital Limited,False,False,False,,,,,,,,,,False,
29/12/2022,31/03/2023,02439,KYG2164B1068,China Treasures New Materials Group Ltd.,中寶新材集團有限公司,Industrials,Commercial & Professional Services,Printing & Packaging,False,False,False,False,True,,,,,,,False,T+5,"China Treasures New Materials Group Ltd is an investment holding company primarily engaged in the development and manufacture of biodegradable plastic products and non-biodegradable automobile plastic parts. The Company mainly operates two segments. The Development and Manufacture of Biodegradable Plastic Products segment is engaged in the development and manufacture of biodegradable produce bag rolls, biodegradable shopping bags and biodegradable stretch wraps. The Development and Manufacture of Non-Biodegradable Automobile Plastic Parts segment is engaged in the development and manufacture of automotive plastic parts such as taillight covers, spoilers, water deflector assemblies, and water deflector brackets. The Company mainly conducts its business in the domestic market.",1050000000.0,134615384.62,319999992.85,41025640.11,573410000.0,57.34,0.3199999928474426,250000000,262500000.0,33653846.15,250000000,1000000000.0,1200000000.0,1.05,1.35,1.05,0.0,,,-35.24,9715456.51,7.22,0.6499999761581421,0.6800000071525574,0.7699999809265137,0.6399999856948853,-1.07,3.13,3.14119,20.76,True,6.33,,20.0,-24.76,3681656.47,-36.19,5213759.03,-40.0,8566618.01,29/09/2023,-6.35,12.38,18.1,20.0,10.48,18.1,-64.29,,,,,,,,,,,,,,,False,100.0,3810.0,True,,,,2023-04-23,https://www1.hkexnews.hk/listedco/listconews/sehk/2023/0321/2023032100047.pdf,https://www1.hkexnews.hk/listedco/listconews/sehk/2023/0330/10653650/2023033000222.pdf,Soochow Securities International Capital Limited,False,True,False,,,,,,,,,,False,
15/12/2022,31/03/2023,02405,KYG7223U1022,Powerwin Tech Group Limited,力盟科技集團有限公司,Consumer Discretionary,Media & Entertainment,Advertising & Marketing,False,False,False,False,True,,,,,,,False,T+5,"Powerwin Tech Group Ltd is a company mainly engaged in the provision of cross-border digital marketing services. The Company’s services are divided into standardized digital marketing, customized digital marketing and SaaS-based digital marketing services. The Company’s customers cover multiple vertical industries such as e-commerce, online games and applications. The Company is engaged in the provision of cross-border digital marketing services through the SaaS platform Adorado. In addition, the Company is also engaged in the provision of SaaS solutions for cross-border online stores through the SaaS platform Powershopy, providing comprehensive services such as establishing cross-border online stores, commodity management, integrated operation management and cross-border digital marketing.",560000000.0,71794871.79,496000003.81,63589744.08,260024000.0,32.5,0.6200000047683716,200000000,140000000.0,17948717.95,200000000,800000000.0,800000000.0,,0.75,0.7,,,,20.0,8063568.98,11.23,0.7599999904632568,0.8399999737739563,0.8799999952316284,0.6100000143051147,-1.07,3.13,3.14119,14.13,True,13.47,,10.0,37.14,14615743.72,50.0,17543989.92,131.43,46275117.96,29/09/2023,6.8,685.71,617.14,635.71,668.57,667.14,318.57,,,,,,,,,,,,,,,False,25.0,5392.0,True,,,,2023-04-23,https://www1.hkexnews.hk/listedco/listconews/sehk/2023/0321/2023032100009.pdf,https://www1.hkexnews.hk/listedco/listconews/sehk/2023/0330/10653526/2023033000100.pdf,GF Capital (Hong Kong) Limited,False,True,False,,,,,,,,,,False,
20/02/2023,13/04/2023,09669,KYG0958D1060,Beisen Holding Limited,北森控股有限公司,Information Technology,Software & Services,Application Software,False,False,False,False,True,,,,,,,False,T+5,"Beisen Holding Ltd is an investment holding company principally engaged in the provision of cloud-based human capital management (HCM) solutions. The Company's platform iTalentX provides cloud-native software-as-a-service (SaaS) products for enterprises to recruit, evaluate, manage, develop and retain talents. The Company’s main products also include Mr. Sen, artificial intelligence (AI) Interviewer, AI Interview Assistant, AI Course Assistant, AI Employee Assistant, AI Coaching Assistant and AI Assessment. The Company mainly conducts its businesses in the domestic market and overseas markets, such as Vietnam, Indonesia, Thailand, and Malaysia.",705725163.0,90477585.0,2635830416.51,337926976.48,315276770.0,43.18,3.609999895095825,8044000,238906800.0,30629076.92,8044000,23761790.0,728525725.0,29.7,29.7,29.7,,,,-12.12,24311146.51,26.87,29.600000381469727,26.100000381469727,29.799999237060547,19.020000457763672,5.7,-6.41,2.81905,17.96,True,16.57,,30.0,-44.58,4028032.54,-52.53,5898978.72,-68.08,12830664.09,12/10/2023,-1.8,-81.65,-81.08,-81.31,-82.22,-84.14,-85.56,,,,,,,,,,,,,,,False,25.0,9481.0,True,,,,2023-05-04,https://www1.hkexnews.hk/listedco/listconews/sehk/2023/0330/2023033000235.pdf,https://www1.hkexnews.hk/listedco/listconews/sehk/2023/0412/10684679/2023041200012.pdf,"Morgan Stanley Asia Limited/ China International Capital Corporation  Hong Kong Securities Limited | Bookrunners/Lead Managers: Hong Kong Exchanges and Clearing Limited, The Stock Exchange of Hong Kong Limited and Hong Kong Securities Clearing Company Limited take",True,True,True,,,,,,,,,,False,
13/01/2023,27/04/2023,06979,KYG989BA1027,ZJLD Group Inc,珍酒李渡集團有限公司,Consumer Staples,Food & Beverages,Alcohols,False,False,False,False,True,,,,,,,False,T+5,"ZJLD Group Inc is an investment holding company principally engaged in the making, production and sales of baijiu products. The Company operates through five segments. The Zhen Jiu segment engages in the making, production and sales of baijiu products under the brand Zhen Jiu. The Li Du segment engages in the making, production and sales of baijiu products under the brand Li Du. The Xiang Jiao segment engages in the making, production and sales of baijiu products under the brand Xiang Jiao. The Kai Kou Xiao segment engages in the making, production and sales of baijiu products under the brand Kai Kou Xiao. The Others segment engages in the making, production and sales of baijiu products under the brand Shao Yang and other brands.",36664906811.0,4700629078.33,24770837956.6,3175748455.97,673963338.0,19.89,7.309999942779541,490699800,5309371836.0,680688696.92,490699800,3388623550.0,3388623550.0,,12.98,10.82,,,,-17.93,126545921.63,2.69,9.0,8.880000114440918,9.970000267028809,8.819999694824219,0.28,-12.56,3.29077,15.56,True,1.94,,10.0,-13.12,62713926.22,-15.9,92022694.11,-36.04,183538492.86,26/10/2023,-5.44,-0.37,4.62,5.36,1.85,7.21,-4.07,,,,,,,,,,,,85.79,89.82,93.96,False,100.0,10670.0,True,Goldman Sachs (Asia) L.L.C.,,,2023-05-20,https://www1.hkexnews.hk/listedco/listconews/sehk/2023/0417/2023041700013.pdf,https://www1.hkexnews.hk/listedco/listconews/sehk/2023/0426/10705031/2023042600064.pdf,Goldman Sachs (Asia) L.L.C./  China Securities (International)  Corporate Finance Company Limited,True,True,True,,,,,,,,,,True,
09/11/2022,27/04/2023,02415,KYG5960J1085,MedSci Healthcare Holdings Limited,梅斯健康控股有限公司,Healthcare,Other Healthcare,Medical & Aesthetic Services,False,False,False,False,True,,,,,,,False,T+5,"MedSci Healthcare Holdings Ltd is an investment holding company mainly engaged in the operation of online professional physician platforms. The Company operates four businesses. The precision omni-channel marketing solutions business is mainly engaged in the provision of precision detailing services, medical content creation services and online survey services. The physician platform solutions business is mainly engaged in the provision of clinical study assistance services and academic medical contents through MedSci platform. The Real World Research (RWS) solutions business is mainly engaged in the design, management and execution of real-world evidence-based research projects. The data and artificial intelligence solutions business is mainly engaged in the provision of data insights, and the development of artificial intelligence products for pharmaceutical and medical device companies and consulting companies. The Company mainly operates its businesses in the domestic market.",4982404900.2,638769859.0,531091527.0,68088657.31,83080233.0,15.17,0.9700000286102296,66789000,607779900.0,77920500.0,66789000,547517022.0,607170950.0,,10.16,9.1,,,,1.1,7407828.05,1.16,8.850000381469727,9.199999809265137,9.470000267028809,8.600000381469727,0.28,-12.56,3.29077,16.2,True,9.85,Claw-back/reallocation procedure not applied (over-subscription below the reallocation threshold),10.0,-5.16,4633516.4,-5.49,5696461.94,-1.76,10924789.4,26/10/2023,0.0,-58.35,-58.79,-58.35,-56.15,-52.75,-72.42,,5.68,,,,6.0,,,,,,,,,False,20.0,11529.0,False,,,,,https://www1.hkexnews.hk/listedco/listconews/sehk/2023/0417/2023041700009.pdf,https://www1.hkexnews.hk/listedco/listconews/sehk/2023/0426/10705025/2023042600048.pdf,China International Capital Corporation Hong Kong Securities Limited/ Macquarie Capital Limited,False,True,True,,,,,,,,,,False,
13/02/2023,08/05/2023,02480,CNE100005YD8,"Beijing Luzhu Biotechnology Co., Ltd.",北京綠竹生物技術股份有限公司,Healthcare,Pharmaceuticals & Biotechnology,Biotechnology,True,False,False,True,True,,,,,,,False,T+5,"Beijing Luzhu Biotechnology Co Ltd is a China-based company primarily engaged in the research, development and production of vaccines and therapeutic biologics. The Company is also engaged in the development of innovative human vaccines and therapeutic biologics to prevent and control infectious diseases and treat cancer and autoimmune diseases. The Company's products include clinical-stage product candidates and pre-clinical-stage product candidates. The core product LZ901 is mainly used to prevent shingles caused by the varicella-zoster virus in adults aged 50 years and above. The Company mainly conducts its businesses in the domestic market.",6640328249.6,851324134.56,2548078501.92,326676731.02,52387778.0,26.34,12.81,10386000,340660800.0,43674461.54,10386000,202449032.0,198913232.0,32.8,41.65,32.8,0.0,,,-32.93,7886717.95,0.93,31.5,22.0,31.600000381469727,22.0,-0.17,-4.7,3.74857,-8.84,True,3.25,Claw-back/reallocation procedure not applied (over-subscription below the reallocation threshold),10.0,-45.49,2264661.58,-30.95,3707045.28,8.23,12733219.56,06/11/2023,-1.72,4.27,0.46,6.1,2.59,4.42,-15.4,,,,,,,2.35,4.45,5.11,5.31,,,,,False,50.0,3286.0,True,China International Capital Corporation Hong Kong Securities Limited,1557800.0,26.75,2023-05-28,https://www1.hkexnews.hk/listedco/listconews/sehk/2023/0425/2023042500039.pdf,https://www1.hkexnews.hk/listedco/listconews/sehk/2023/0505/10727095/2023050500010.pdf,China International Capital Corporation  Hong Kong Securities Limited | Bookrunners/Lead Managers: IMPORTANT,False,True,True,,,,,,,,,,False,
13/04/2023,09/05/2023,02442,KYG3R31M1020,Easy Smart Group Holdings Limited,怡俊集團控股有限公司,Properties & Construction,Construction,Building Construction,False,False,False,False,True,,,,,,,False,T+5,"Easy Smart Group Holdings Ltd is an investment holding company principally engaged in the provision of passive fire protection works and ancillary works. The passive fire protection engineering generally involves the design, selection, procurement and installation of suitable materials and components for buildings to slow or contain the spread and effects of fire, heat or smoke. Fire protection engineering includes installation of fireproof panels, fireproof windows, fireproof doors, fireproof partition walls, fire gates and smoke screens, and application of fireproof paint, fireproof paint and fireproof mortar. It also includes the installation of fire dampers, smoke exhaust gates and smoke screens. Ancillary works involve related passive fire protection materials and metal works for support frames and fixtures of components. The Company is also engaged in the provision of passive fire protection information services.",522240000.0,66953846.15,28784401245.12,3690307851.94,139813440.0,34.27,70.55000305175781,102000000,130560000.0,16738461.54,102000000,408000000.0,408000000.0,1.28,1.38,1.28,0.0,,,-23.44,6033533.45,9.01,0.8700000047683716,0.9800000190734864,1.059999942779541,0.8399999737739563,-2.28,-6.65,3.77262,-8.38,True,17.27,,,1.56,5506681.95,20.31,10313830.66,25.78,28010476.98,07/11/2023,1.65,-3.91,-11.72,-5.47,-5.47,-0.78,37.5,,,,,,,,,,,,,,,False,11.11,6150.0,True,,,,,https://www1.hkexnews.hk/listedco/listconews/sehk/2023/0425/2023042500029.pdf,https://www1.hkexnews.hk/listedco/listconews/sehk/2023/0508/10729328/2023050800006.pdf,Grande Capital Limited | Bookrunners/Lead Managers: JointBookrunnersandJointLeadManagers,False,False,True,,,,,,,,,,False,
26/01/2023,11/05/2023,02486,KYG7137P1081,Plus Group Holdings Inc.,普樂師集團控股有限公司,Consumer Discretionary,Media & Entertainment,Advertising & Marketing,False,False,False,False,True,,,,,,,False,T+5,"Plus Group Holdings Inc is an investment holding company primarily engaged in providing customised marketing solution. The Company mainly operates four businesses. The customised marketing solution business is engaged in development and implementation of customised sales and marketing plans for customers. The tasks and marketers matching service business is engaged in the operation of comprehensive intelligent business platform based on matching service functions, which integrates task publishing, undertaking of intelligent matching, automatic identification, acceptance and others. The software as a service (SaaS+) subscription and other services business is engaged in providing customers with customisation (on an as-needed basis) and subscription for digitalised tools as well as relevant derivative services. The marketers assignment service business is engaged in providing manpower assignment and management services. The Company mainly conducts its business in the domestic market.",1200000560.0,153846225.64,367924700.0,47169833.33,18859254.0,16.66,3.25,25000000,265000000.0,33974358.97,25000000,113207600.0,113207600.0,,11.8,10.6,,,,-24.62,7468396.2,4.85,10.399999618530272,7.989999771118164,10.399999618530272,6.800000190734863,-3.62,-6.83,4.52952,-17.06,True,2.2,,10.0,-32.74,2351514.08,-29.25,2505891.51,-44.81,4813897.4,09/11/2023,0.0,-43.4,-43.87,-43.4,-43.4,-40.94,-73.21,,,,,,,,,,,,,,,False,100.0,2192.0,True,,,,2023-06-03,https://www1.hkexnews.hk/listedco/listconews/sehk/2023/0428/2023042800147.pdf,https://www1.hkexnews.hk/listedco/listconews/sehk/2023/0510/10731979/2023051000026.pdf,Jefferies Hong Kong Limited/ Guotai Junan Capital Limited,True,True,True,,,,,,,,,,False,
10/03/2023,25/05/2023,02416,KYG3057B1041,Edianyun Limited,易點雲有限公司,Information Technology,Software & Services,Internet Services and Infrastructure,False,False,False,False,True,,,,,,,False,T+5,"Edianyun Ltd is an investment holding company that mainly engages in providing office information technology (IT) integrated solutions. The Company operates in three segments. Pay-as-you-go Office IT Integrated Solutions segment provides hardware and handles equipment configuration, equipment or engineer deployment, operation and maintenance support, performance optimization and equipment management services. Sales of Devices segment is mainly engaged in the sales of second-hand equipment and new equipment. SaaS and Other Services segment aims to help corporate customers manage assets and inventory from asset procurement and storage to use and disposal. The Company mainly serves small and medium-sized customers.",5098227743.64,653618941.49,1500950268.0,192429521.54,155307319.0,31.04,3.0,58575000,596879250.0,76522980.77,58575000,500316756.0,500112956.0,,12.0,10.19,,,,-3.04,1483266.68,0.23,9.460000038146973,9.880000114440918,9.979999542236328,9.15999984741211,-4.44,-6.31,4.38863,-19.56,False,0.35,,3.51,38.57,3410079.44,7.95,5339874.29,8.15,12340244.78,23/11/2023,2.9,-23.45,-23.26,-25.61,-27.18,-33.76,-71.05,,,,,,,,,,,,,,,False,100.0,1381.0,True,,,,,https://www1.hkexnews.hk/listedco/listconews/sehk/2023/0515/2023051500005.pdf,https://www1.hkexnews.hk/listedco/listconews/sehk/2023/0524/10746040/2023052400062.pdf,China International Capital Corporation Hong Kong Securities Limited,False,True,False,,,,,,,,,,False,
27/02/2023,25/05/2023,09930,KYG4R39T1073,Horizon Construction Development Limited,宏信建設發展有限公司,Industrials,Industrial Engineering,Heavy Industrial Machinery,False,False,False,False,True,,,,,,,False,T+5,"Horizon Construction Development Ltd is an investment holding company. The Company operates through three segments. Operating Lease Services segment include operating leasing of aerial work platform, turnover materials and mould bases. Engineering and Technical Services segment include construction and related services, electric power supply services, equipment repair and maintenance services and logistics services. Asset Management and Other Services segment mainly include asset management services and sale of goods. The Company operates in both domestic and overseas markets.",14451542880.0,1852761907.69,2142153533.36,274635068.38,1633695767.0,51.1,0.6700000166893005,364694000,1648416879.9999998,211335497.44,364694000,3197244000.0,3197244000.0,,4.8,4.52,,,,-28.98,1458743.36,0.08,3.259999990463257,3.2100000381469727,3.740000009536743,3.130000114440918,-4.44,-6.31,4.38863,-16.59,False,0.12,,,-40.71,642700.77,-41.37,770547.78,-44.69,1345572.46,23/11/2023,0.0,-16.59,-16.59,-16.59,-20.8,-19.03,-59.73,,,,,,,,,,,,,,,False,100.0,1497.0,True,,,,2023-06-17,https://www1.hkexnews.hk/listedco/listconews/sehk/2023/0512/2023051200007.pdf,https://www1.hkexnews.hk/listedco/listconews/sehk/2023/0524/10746038/2023052400048.pdf,Huatai Financial Holdings (Hong Kong) Limited/ Citigroup Global Markets Asia Limited/ CMB International Capital Limited/ DBS Asia Capital Limited,True,True,True,,,,,,,,,,False,
08/12/2022,12/06/2023,02487,KYG2606C1006,Cutia Therapeutics,科笛集團,Healthcare,Pharmaceuticals & Biotechnology,Biotechnology,True,False,False,False,True,,,,,,,False,T+5,"Cutia Therapeutics is an investment holding company principally engaged in the dermatology biopharmaceutical business. The Company is dedicated to developing solutions in the dermatology treatment and care market, including scalp diseases and care, skin diseases and care, topical anesthesia and localized adipose accumulation management. The Company is primarily engaged in the distribution of scalp diseases and care products, as well as certain skin care products. The Company's principal pipeline products include topical finasteride spray CU-40102, topical 4% minocycline foam CU-10201, topical novel small molecule agent CU-10101, localized topical lidocaine and tetracaine cream CU-30101 and recombinant mutant collagenase CU-20401.",6654002612.2,853077257.97,1028332223.91,131837464.6,97215549.0,26.75,2.83,21281800,465007330.0,59616324.36,21281800,304531012.0,363368277.0,20.65,24.75,21.85,29.3,,,0.46,3713489.87,0.44,21.799999237060547,21.950000762939453,22.049999237060547,19.0,-1.14,0.81,4.49143,-22.6,True,1.41,Claw-back/reallocation procedure not applied (over-subscription below the reallocation threshold),10.0,29.98,3546373.02,38.67,5546465.29,2.75,11507064.01,11/12/2023,-0.49,-25.31,-20.37,-24.94,-33.18,-40.59,-70.66,1.0,2.73,False,False,False,6.0,2.35,5.87,6.54,6.54,49.69,84.32,93.22,99.57,False,100.0,1406.0,True,,841400.0,21.8,2023-07-05,https://www1.hkexnews.hk/listedco/listconews/sehk/2023/0531/2023053100049.pdf,https://www1.hkexnews.hk/listedco/listconews/sehk/2023/0609/10768739/2023060900018.pdf,China International Capital Corporation  Hong Kong Securities Limited,False,True,False,,,,,,,,,,False,
01/06/2023,28/06/2023,09885,KYG9879S1003,YSB Inc.,藥師幫股份有限公司,Healthcare,Pharmaceuticals & Biotechnology,Medicine Distribution,False,False,False,False,True,,,,,,,False,T+5,"YSB Inc is an investment holding company mainly engaged in providing wholesale and retail of medicines and health care products as well as platform business services. The Company's businesses mainly include the wholesale of pharmaceuticals and health care products through offline or online platforms, conducting retail sales of pharmaceuticals and health care products through its retail stores, operates online platforms, provideing software-as-a-service (SaaS) solutions to downstream pharmacies, and offering medical testing services to primary medical institutions. The Company mainly conducts businesses in the domestic market.",2822499680.0,361858933.33,2973866675.08,381264958.34,351947325.0,51.01,4.31,15808800,344708000.0,44193333.33,15808800,141124984.0,691792268.0,,23.0,20.0,,,,5.5,10070651.46,2.78,23.049999237060547,21.100000381469727,23.299999237060547,20.549999237060547,3.35,-5.6,4.94589,-15.93,True,5.6,Claw-back/reallocation procedure not applied (over-subscription below the reallocation threshold),,4.25,6088859.35,22.5,9809628.58,147.25,74000317.85,27/12/2023,3.72,-59.6,-59.1,-61.05,-58.55,-58.8,-60.2,,,,,,,0.95,2.54,2.61,2.61,,,,,False,30.01,5155.0,True,,962600.0,19.79,2023-07-20,https://www1.hkexnews.hk/listedco/listconews/sehk/2023/0615/2023061500041.pdf,https://www1.hkexnews.hk/listedco/listconews/sehk/2023/0627/10785563/2023062700056.pdf,China International Capital Corporation  Hong Kong Securities Limited,False,True,False,,,,,,,,,,False,
13/03/2023,29/06/2023,02105,KYG5340S1093,"Laekna, Inc.",來凱醫藥有限公司,Healthcare,Pharmaceuticals & Biotechnology,Biotechnology,True,False,False,False,True,,,,,,,False,T+5,"Laekna Inc is an investment holding company mainly engaged in the discovery, development and commercialization of innovative therapies for cancer, liver diseases and obesity. The Company is still in the research and development stage. The Company's pipeline products include Afuresertib (LAE002), LAE001, LAE109, LAE111, LAE112, LAE113, LAE117, LAE118, LAE119, LAE102, LAE103, LAE104, LAE105, LAE106, LAE120, LAE123, and others. The Afuresertib is an adenosine triphosphate (ATP) competitive AKT inhibitor. The LAE001 is an androgen synthesis inhibitor that can inhibit CYP17A1 and CYP11B2 at the same time. The Company mainly conducts business in the Chinese, America, European, Korean, and other markets.",4840747032.14,620608593.86,3019506577.73,387116227.91,244085057.0,54.32,6.71999979019165,63728000,790864480.0,101392882.05,63728000,390068254.0,449331350.0,12.41,12.41,12.41,,,,20.87,5426923.08,0.87,12.4399995803833,15.0,15.399999618530272,12.420000076293944,1.82,-7.19,4.9375,-10.14,True,5.81,,10.0,17.65,10915023.48,22.32,12595151.78,12.17,19864865.91,28/12/2023,-1.68,65.19,43.43,68.01,60.35,36.34,-58.02,,,,,,,,,,,,,,,False,22.31,2570.0,False,,,,,https://www1.hkexnews.hk/listedco/listconews/sehk/2023/0616/2023061600013.pdf,https://www1.hkexnews.hk/listedco/listconews/sehk/2023/0628/10787145/2023062800054.pdf,China International Capital Corporation Hong Kong Securities Limited,False,True,False,,,,,,,,,,False,
03/03/2023,30/06/2023,09860,KYG0086A1076,ADICON Holdings Limited,艾迪康控股有限公司,Healthcare,Other Healthcare,Medical & Aesthetic Services,False,False,False,False,True,,,,,,,False,T+5,"Adicon Holdings Ltd is a holding company mainly engaged in the provision of independent clinical laboratory (ICL) services. The Company is engaged in the provision of medical testing, clinical trials, scientific research services, health management and pathology consultation services. The Company focuses on the development of core disease areas such as infectious diseases, women's health, solid tumors, perinatal & children's centers, and blood, covering many subjects such as internal medicine, pediatrics, obstetrics and gynecology, oncology, and neurology.",8843833004.16,1133824744.12,3000586074.61,384690522.39,236486392.0,32.94,4.179999828338623,33192500,457010400.0,58591076.92,33192500,717843588.0,725643291.0,12.32,12.32,12.32,,,,12.01,5967615.47,0.53,12.31999969482422,13.800000190734863,13.800000190734863,12.020000457763672,3.74,-7.27,4.93405,-1.04,True,1.06,Claw-back/reallocation procedure not applied (over-subscription below the reallocation threshold),10.0,7.14,3851908.99,1.62,4808762.84,3.08,10969338.89,29/12/2023,2.35,5.84,1.14,3.41,0.65,1.79,-29.14,,,,,,,,,,,,,,,False,100.0,1521.0,True,Morgan Stanley Asia Limited,1076000.0,12.18,2023-07-23,https://www1.hkexnews.hk/listedco/listconews/sehk/2023/0619/2023061900005.pdf,https://www1.hkexnews.hk/listedco/listconews/sehk/2023/0629/10789237/2023062900126.pdf,Morgan Stanley Asia Limited/ Jefferies Hong Kong Limited,True,False,True,,,,,,,,,,False,
14/03/2023,10/07/2023,02481,CNE100006376,"Wise Living Technology Co., Ltd",江蘇雙良睿能能源股份有限公司,Utilities,Utilities,Alternative/ Renewable Energy,False,False,False,True,True,,,,,,,False,T+5,"SL Gemini Energy Co Ltd is an investment holding company principally engaged in the heat supply and related services. The Company’s main businesses include heat services, heat-related engineering construction services, heat-related energy-conservation service contract (EMC) services. The Company’s heat services mainly include provision and distribution of heat and pipeline connection services. The Company is also engaged in the sale of heat service facilities (including heat service equipment, devices and relevant parts), the provision of design services, which mainly consist of indoor heat operation designing and consulting services and the provision of heat transmission services. The Company mainly operates its businesses in the domestic market.",1085760000.0,139200000.0,187488001.44,24036923.26,62117536.0,82.17,2.4800000190734863,75600000,272160000.0,34892307.69,75600000,301600000.0,301600000.0,,4.2,3.6,,,,-0.0,4874307.56,3.5,3.5999999046325684,3.5999999046325684,3.619999885559082,3.319999933242798,-4.69,-9.79,5.00446,1.97,True,1.54,,10.0,-18.06,1373551.3,-19.72,2112364.11,-20.83,4016830.77,08/01/2024,3.2,-28.33,-30.56,-30.56,-28.89,-28.89,-42.22,,,,,,,,,,,,,,,False,100.0,1373.0,True,,,,2023-08-02,https://www1.hkexnews.hk/listedco/listconews/sehk/2023/0628/2023062800029.pdf,https://www1.hkexnews.hk/listedco/listconews/sehk/2023/0707/10809436/2023070700064.pdf,Guotai Junan Capital Limited,False,True,False,,,,,,,,,,False,
24/02/2023,11/07/2023,06990,CNE1000062J1,"Sichuan Kelun-Biotech Biopharmaceutical Co., Ltd.",四川科倫博泰生物醫藥股份有限公司,Healthcare,Pharmaceuticals & Biotechnology,Biotechnology,True,False,False,True,True,,,,,,,False,T+5,"Sichuan Kelun-Biotech Biopharmaceutical Co Ltd is a China-based company principally engaged in the research and development, production and sales of drugs. The Company is mainly engaged in the research and development, manufacturing and commercialization of novel drugs in oncology, immunology and other therapeutic areas. The Company's products are antibody drug conjugates (ADCs) SKB264, A166 and others. The Company's products are mainly used for the treatment of breast cancer, non-small cell lung cancer, gastrointestinal cancer and other diseases.",10361645974.2,1328416150.54,74583334990.61,9561966024.44,94186145.0,55.08,436.2000122070313,22446100,1564267800.0,200547153.85,22446100,170984257.0,170984257.0,60.6,72.8,60.6,0.0,,,3.14,16044070.51,1.21,60.599998474121094,62.5,64.5,60.599998474121094,-3.77,-8.12,4.9653,7.77,True,1.27,,10.0,8.91,18103006.41,8.91,20953668.57,16.17,61268351.65,09/01/2024,5.75,68.32,68.32,59.16,71.62,75.74,118.98,,,,,,,,,,,,,,,False,75.03,2846.0,True,Goldman Sachs (Asia) L.L.C.,,,2023-08-03,https://www1.hkexnews.hk/listedco/listconews/sehk/2023/0629/2023062900043.pdf,https://www1.hkexnews.hk/listedco/listconews/sehk/2023/0710/10810765/2023071000010.pdf,Goldman Sachs (Asia) L.L.C./ CITIC Securities (Hong Kong) Limited | Bookrunners/Lead Managers: Sichuan,True,True,True,,,,,,,,,,True,
28/03/2023,12/07/2023,03650,KYG5244R1083,Keep Inc.,,Consumer Discretionary,Travel & Leisure,Leisure & Recreational Facilities,False,False,False,False,True,,,,,,,False,T+5,"Keep Inc is an investment holding company primarily engaged in operating an integrated online and offline platform for fitness service and online retail of fitness related products. The Company operates primarily through three segments. The Self-branded Fitness Products segment provides smart fitness devices (such as bikes, wristbands, and treadmills) and complementary fitness products (including fitness gear, apparel and food). The Online Membership and Paid Content segment provides pre-recorded online courses for subscribing members, including cardio, skipping rope, yoga, meditation, strength training, stretching and toning, and others. The Advertising and Others segment provides advertising customers online to offline integrated advertising services.",14378459684.04,1843392267.18,1024191774.77,131306637.79,228207064.0,45.9,2.059999942779541,10838600,313452312.0,40186193.85,10838600,497180487.0,499630187.0,,61.46,28.92,,,,0.28,7027666.67,0.38,30.299999237060547,29.0,32.0,28.549999237060547,-2.8,-7.29,4.96702,8.3,True,3.08,Claw-back/reallocation procedure not applied (over-subscription below the reallocation threshold),10.0,-0.07,6448081.99,-0.24,7025389.05,1.31,32384163.99,10/01/2024,-4.73,-77.7,-74.24,-76.59,-78.94,-79.74,-78.87,,,,,,,,,,,,,,,False,40.03,4811.0,True,,1625700.0,27.9,2023-08-04,https://www1.hkexnews.hk/listedco/listconews/sehk/2023/0630/2023063000203.pdf,https://www1.hkexnews.hk/listedco/listconews/sehk/2023/0711/10811913/2023071100050.pdf,China International Capital Corporation  Hong Kong Securities Limited,False,True,False,,,,,,,,,,False,
11/04/2023,13/07/2023,06683,KYG8443S1093,Star Plus Legend Holdings Limited,巨星傳奇集團有限公司,Consumer Staples,Food & Beverages,Non-alcoholic Beverages,False,False,False,False,True,,,,,,,False,T+5,"Star Plus Legend Holdings Ltd is an investment holding company principally engaged in new retail business and intellectual property (IP) creation and operation business. The Company conducts its businesses mainly through two segments. The New Retail segment develops and sells health management products and skin care products through various online and offline channels. The IP Creation and Operation segment creates and/or manages celebrity IPs, provides planning and management services for media content production and activities, and licenses its celebrity IPs and sells related products. The Company mainly conducts business in the domestic market.",4044888527.25,518575452.21,3978266670.48,510034188.52,306469307.0,32.2,4.179999828338623,126640000,546241875.0,70031009.62,126640000,951738477.0,951738477.0,4.25,4.25,4.25,,,,23.76,15489149.65,2.99,5.75,5.260000228881836,6.300000190734863,5.199999809265137,-0.87,-5.32,4.9394,7.26,True,12.99,,,55.29,13117347.43,67.06,40333677.43,40.47,65857587.52,11/01/2024,-0.94,97.41,91.76,99.29,96.71,97.18,137.65,,,,,,,,,,,58.0,84.0,89.6,94.3,False,30.02,8928.0,True,,0.0,,2023-08-04,https://www1.hkexnews.hk/listedco/listconews/sehk/2023/0630/2023063000037.pdf,https://www1.hkexnews.hk/listedco/listconews/sehk/2023/0712/10812959/2023071200012.pdf,CMBC International Capital Limited | Bookrunners/Lead Managers: IMPORTANT,False,False,True,,,,,,,,,,True,
16/03/2023,17/07/2023,01284,KYG6470W1006,New Media Lab Limited,,Consumer Discretionary,Media & Entertainment,Advertising & Marketing,False,False,False,False,True,,,,,,,False,T+5,"New Media Lab Ltd is a media representative. The Company is located in Kowloon, Hong Kong.",552000000.0,70769230.77,263999998.57,33846153.66,150000000.0,25.0,0.4399999976158142,150000000,138000000.0,17692307.69,150000000,600000000.0,600000000.0,0.84,0.92,0.92,100.0,,,1.09,10350995.46,14.63,0.8799999952316284,0.9300000071525574,0.959999978542328,0.8700000047683716,-3.13,-5.99,4.95887,7.84,True,44.2,,,17.39,20811173.85,1.09,25827372.56,-42.39,35123968.85,15/01/2024,0.0,-66.85,-68.48,-66.85,-65.22,-65.76,-61.41,,,,,,,,,,,,,,,False,30.01,7.0,False,,,,,https://www1.hkexnews.hk/listedco/listconews/sehk/2023/0630/2023063000045.pdf,https://www1.hkexnews.hk/listedco/listconews/sehk/2023/0714/10815137/2023071400018.pdf,Emperor Corporate Finance Limited/ Lego Corporate Finance Limited,False,False,True,,,,,,,,,,False,
28/04/2023,18/07/2023,02271,KYG989AC1091,Zhong An Intelligent Living Service Limited,眾安智慧生活服務有限公司,Properties & Construction,Properties,Property Service and Management,False,False,False,False,True,,,,,,,False,T+5,"Zhong An Intelligent Living Service Ltd is a holding company principally engaged in the provision of comprehensive property management services. The Company strives to provide combined services through three main business lines. The property management services mainly include security services, cleaning services, gardening and landscaping services, repair and maintenance services and car park management services. The value-added services mainly to property developers mainly include management services for real estate sales offices, consulting services for pre-planning and design, and pre-delivery inspection services. The community value-added services mainly include public area management services, decoration waste treatment services and vehicle parking space sales agency services. The Company mainly operates its businesses in the domestic market.",640579520.0,82125579.49,1872880825.89,240112926.4,165908799.0,30.56,3.450000047683716,126668000,162148520.0,20788271.79,126668000,542864000.0,542864000.0,1.18,1.48,1.18,0.0,,,2.54,5914107.88,7.2,1.2200000286102295,1.2100000381469729,1.2200000286102295,1.1200000047683716,-5.11,-6.64,5.02845,5.65,False,0.05,Claw-back/reallocation procedure not applied (over-subscription below the reallocation threshold),,-8.47,2281312.75,-10.17,2356871.72,-27.12,2679176.08,16/01/2024,-1.28,-34.75,-33.9,-33.9,-34.75,-31.36,10.17,,,,,,,,,,,,,,,False,50.0,19.0,True,Huatai Financial Holdings (Hong Kong) Limited,8254000.0,1.11,2023-08-10,https://www1.hkexnews.hk/listedco/listconews/sehk/2023/0630/2023063000209.pdf,https://www1.hkexnews.hk/listedco/listconews/sehk/2023/0717/10816647/2023071700008.pdf,"China Merchants Securities (HK) Co., Limited/ Huatai Financial Holdings (Hong Kong) Limited",False,True,True,,,,,,,,,,False,
26/03/2023,05/09/2023,01541,CNE100006624,ImmuneOnco Biopharmaceuticals (Shanghai) Inc.,宜明昂科生物醫藥技術(上海)股份有限公司,Healthcare,Pharmaceuticals & Biotechnology,Biotechnology,True,False,False,True,True,,,,,,,False,T+5,"ImmuneOnco Biopharmaceuticals Shanghai Inc is a China-based company mainly engaged in the development of tumor immunotherapy. The Company's main businesses include the development of biotechnology for the systemic utilization of innate and adaptive immunity, and the development of next-generation tumor immunotherapies, which primarily focus on the adaptive immune system. The Company's core product IMM01 is an innovative CD47-targeted molecule. The Company mainly operates its businesses in the domestic and overseas markets.",7794060393.0,999238511.92,1621667356.4,207906071.33,278930889.0,66.56,3.869999885559082,18065000,336009000.0,43078076.92,18065000,419035505.0,419035505.0,18.6,18.6,18.6,,,,4.95,2238543.64,0.22,21.200000762939453,19.520000457763672,22.0,19.299999237060547,-5.54,-4.13,4.03036,6.16,True,9.98,,10.0,29.57,2020146.13,34.41,3818743.55,34.14,11934139.79,05/03/2024,-11.74,-19.14,0.22,-8.39,-22.58,15.32,-58.98,,,,,,6.0,,,,,,,,,False,11.56,4870.0,True,Morgan Stanley Asia Limited,200.0,18.6,2023-09-28,https://www1.hkexnews.hk/listedco/listconews/sehk/2023/0824/2023082400037.pdf,https://www1.hkexnews.hk/listedco/listconews/sehk/2023/0904/10879720/2023090400008.pdf,Morgan Stanley Asia Limited/ China International Capital Corporation  Hong Kong Securities Limited,True,True,True,,,,,,,,,,False,
05/05/2023,25/09/2023,02490,KYG540821132,"LC Logistics, Inc.",樂艙物流股份有限公司,Industrials,Industrial Transportation,Shipping & Port Operation,False,False,False,False,True,,,,,,,False,T+5,"LC Logistics Inc is an investment holding company principally engaged in the provision of integrated cross-border logistics services. The Company’s businesses primarily include cross-border logistics services and time charter services. Cross-border logistics services primarily include cargo pick-up and sorting, customs clearance, cross-border seaborne transportation, warehouse transit, last-mile delivery, break bulk cargo transportation services, as well as the overseas warehousing business. The Company conducts its businesses in the domestic market and overseas markets.",1456577090.28,186740652.6,2716938297.94,348325422.81,255432243.0,41.55,4.420000076293945,28390000,157624380.0,20208253.85,28390000,283933156.0,614691912.0,,5.55,5.13,,,,-51.85,184300.0,0.1,2.5,2.4700000286102295,2.5350000858306885,2.450000047683716,-2.15,-7.41,5.29161,6.52,True,4.77,,10.0,-35.09,1287251.28,-47.56,1407484.61,-53.9,1568689.75,25/03/2024,-2.48,-54.0,-53.31,-52.83,-51.56,-51.27,172.42,,,,,,,,,,,,,,,False,30.04,2344.0,True,ABCI Securities Company Limited,1922000.0,5.005,2023-10-18,https://www1.hkexnews.hk/listedco/listconews/sehk/2023/0913/2023091300017.pdf,https://www1.hkexnews.hk/listedco/listconews/sehk/2023/0922/10905719/2023092200058.pdf,CITIC Securities (Hong Kong) Limited/ ABCI Capital Limited | Bookrunners/Lead Managers: IMPORTANT,False,True,True,,,,,,,,,,False,
11/06/2023,25/09/2023,02496,CNE1000063C4,"Wuhan YZY Biopharma Co., Ltd.",武漢友芝友生物製藥股份有限公司,Healthcare,Pharmaceuticals & Biotechnology,Biotechnology,True,False,False,True,True,,,,,,,False,T+5,"Wuhan YZY Biopharma Co Ltd is a China-based company mainly engaged in the discovery, development, and commercialization of new innovative drugs in the field of anti-tumor bispecific antibodies. The Company is committed to developing bispecific antibody (BsAb) based therapies for the treatment of cancer-related complications, cancer, and age-related eye diseases to address the medical needs in oncology and geriatric eye diseases. The Company's core product M701 is a recombinant BsAb that targets human cancer cell surface antigen EpCAM and human T cell surface antigen CD3. The Company's product pipeline also includes Y101D, Y332, Y225, and others.",2871665808.0,368162283.08,682020620.84,87438541.13,22732696.0,12.67,3.799999952316284,11001200,189587200.0,24306051.28,11001200,179479113.0,179479113.0,,20.0,16.0,,,,21.5,2376166.22,0.65,16.200000762939453,19.440000534057617,19.700000762939453,16.1200008392334,-2.15,-7.41,5.29161,-3.9,True,13.81,Claw-back/reallocation procedure not applied (over-subscription below the reallocation threshold),10.0,-1.25,2257384.6,-4.5,2908947.68,-40.38,3855545.62,25/03/2024,2.6,-50.62,-51.88,-51.88,-50.62,-50.62,-61.5,,,,,,6.0,,,,,,,,,False,18.0,8990.0,True,China Securities (International) Corporate Finance Company Limited,802000.0,15.3,2023-10-18,https://www1.hkexnews.hk/listedco/listconews/sehk/2023/0913/2023091300013.pdf,https://www1.hkexnews.hk/listedco/listconews/sehk/2023/0922/10905695/2023092200026.pdf,China Securities (International) Corporate Finance Company Limited,False,True,False,,,,,,,,,,False,
30/03/2023,26/09/2023,09690,KYG912241083,TUHU Car Inc.,途虎養車股份有限公司,Consumer Discretionary,Specialty Retail,Automotive Retailers,False,False,False,False,True,,,,,,,False,T+5,"TUHU Car Inc is an investment holding company that is primarily engaged in the provision of automotive products and services. The Company is also engaged in the provision of Qipeilong, advertising, franchise and other services. Automotive products and services mainly include auto parts, auto beauty, automated car cleaning and repair, and others. Qipilong mainly sells auto parts. Advertising, franchise and other services mainly include advertising services, franchise services and other services. The Company and its subsidiaries primarily provide automotive products and services through online interfaces such as its application Tuhu Automotive Service, its website and WeChat mini-programs.",22802400292.0,2923384652.82,9621467028.3,1233521413.88,321678799.0,42.46,12.7,40617100,1315042400.0,168595179.49,40617100,814371439.0,827690689.0,,31.0,28.0,,,,5.36,14324897.44,0.49,28.0,29.5,29.799999237060547,28.0,-3.6,-8.89,5.36298,-4.36,True,2.67,Claw-back/reallocation procedure not applied (over-subscription below the reallocation threshold),10.0,9.64,11129242.36,2.5,16226265.47,16.79,94213696.98,26/03/2024,2.78,-47.14,-48.79,-48.57,-45.93,-45.21,-31.21,,,,,,6.0,,,,,,,,,False,100.0,9305.0,True,Goldman Sachs (Asia) L.L.C.,1959400.0,27.8,2023-10-19,https://www1.hkexnews.hk/listedco/listconews/sehk/2023/0914/2023091400011.pdf,https://www1.hkexnews.hk/listedco/listconews/sehk/2023/0925/10907481/2023092500014.pdf,Goldman Sachs (Asia) L.L.C./ China International Capital Corporation  Hong Kong Securities Limited/ UBS Securities Hong Kong Limited/ Merrill Lynch (Asia Pacific) Limited,True,True,True,,,,,,,,,,True,
18/08/2023,28/09/2023,09890,KYG989M71072,ZX Inc.,貪玩,Information Technology,Software & Services,Game Software,False,False,False,False,True,,,,,,,False,T+5,"Tanwan Inc, formerly ZX Inc is a holding company primarily engaged in the marketing and operation of game products. The Company mainly distributes and operates client-developed online games under the Tan Wan brand. The Company is also engaged in the marketing of online literature products and video clips. The Company is also engaged in operation of consumer product business, primarily including rice noodle products and other fast consumer foods products under the Zha Zha Hui brand. The Company's main products include Legend, MU, and Yulgang. The Company conducts its businesses in domestic and overseas markets.",7297207652.0,935539442.56,5207078769.52,667574201.22,146162017.0,28.04,9.989999771118164,18976000,265664000.0,34059487.18,18976000,521229118.0,521229118.0,,14.0,14.0,,,,0.0,9714564.1,1.04,13.779999732971191,14.0,14.5,13.479999542236328,-6.01,-8.16,5.39887,-3.5,True,104.0,"7,590,400 Offer Shares reallocated from the International Offering to the Hong Kong Public Offering via clawback",50.0,-12.43,7127890.75,-3.86,12294112.29,-17.14,22508313.35,28/03/2024,-1.03,37.86,35.29,39.29,36.43,38.29,-50.36,,,,,,,0.43,1.41,1.98,2.23,,,,97.48,False,50.0,17818.0,True,,2846400.0,13.48,2023-10-21,https://www1.hkexnews.hk/listedco/listconews/sehk/2023/0918/2023091800015.pdf,https://www1.hkexnews.hk/listedco/listconews/sehk/2023/0927/10910719/2023092700048.pdf,China International Capital Corporation Hong Kong Securities Limited/ China Securities (International)  Corporate Finance Company Limited,False,True,True,,,,,,,,,,True,
22/05/2023,28/09/2023,09686,KYG6461A1094,Neusoft Xikang Holdings Inc.,熙康雲醫院控股有限公司,Healthcare,Other Healthcare,Medical & Aesthetic Services,False,False,False,False,True,,,,,,,False,T+5,"Neusoft Xikang Holdings Inc is a company primarily engaged in the provision of cloud hospital platform and medical services. The Company operates primarily through four business segments. The Cloud Hospital Platform Services segment is mainly engaged in the provision of cloud hospital platform construction services and platform connection services. The Internet Medical Services segment is mainly engaged in the provision of Online hospital services, remote medical services, smart family doctor services and Internet home care services. The Health Management Services segment is principally engaged in the provision of comprehensive health management services and chronic disease management services. The Smart Healthcare Products segment mainly sells smart healthcare products to local governments and primary medical institutions, as well as smart healthcare products to corporations and individuals.",4007028670.96,513721624.48,816620524.94,104694939.09,227719561.0,27.05,0.9700000286102296,133805500,636914180.0,81655664.1,133805500,841812746.0,841876805.0,,5.91,4.76,,,,-42.86,2197271.82,0.43,3.690000057220459,2.7200000286102295,3.700000047683716,2.7200000286102295,-6.01,-8.16,5.39887,-4.01,False,0.9,,8.96,-54.2,1262225.64,-51.26,2034964.08,-63.87,3209007.03,28/03/2024,0.0,-76.26,-76.05,-76.26,-78.99,-80.25,-86.55,,,,,,12.0,,,,,,,,,False,100.0,2299.0,False,,,,,https://www1.hkexnews.hk/listedco/listconews/sehk/2023/0918/2023091800017.pdf,https://www1.hkexnews.hk/listedco/listconews/sehk/2023/0927/10910713/2023092700032.pdf,China International Capital Corporation Hong Kong Securities Limited,False,True,False,,,,,,,,,,False,
24/04/2023,28/09/2023,06682,CNE100005KD7,"Beijing Fourth Paradigm Technology Co., Ltd.",範式智能技術集團股份有限公司,Information Technology,Software & Services,Digital Solution Services,False,False,False,True,True,,,,,,,False,T+5,"Phancy Group Co Ltd, formerly Beijing Fourth Paradigm Technology Co Ltd, is a China-based investment holding company primarily engaged in engaged in sales of self-developed artificial intelligence (AI) platform and other ready-to-use applications. The Company mainly operates three business segments. The 4Paradigm Sage AI Platform is the base platform for developing AI models, which can support model training, real-time reasoning and model self-learning. The SHIFT Intelligent Solutions are intelligent solutions for various industries, including finance, energy and power, telecommunications, transportation and others. The 4Paradigm SageGPT AI-generated software (AIGS) Services are engaged in empowering software development through generative AI technology to increase development efficiency. The Company conducts its business in the domestic and overseas markets.",25801765634.8,3307918671.13,7630956320.3,978327733.37,305950381.0,95.74,23.8799991607666,20194200,1122797520.0,143948400.0,20194200,464060533.0,358168196.0,55.6,61.16,55.6,0.0,,,5.22,13093500.0,0.4,63.099998474121094,58.5,65.0,56.45000076293945,-6.01,-8.16,5.39887,-13.57,True,11.4,,10.0,-2.88,6261459.62,-2.88,7437495.54,-7.01,23451625.62,28/03/2024,-1.18,12.59,14.21,13.94,13.22,9.71,-29.41,,,,,,,1.41,3.72,4.05,4.12,6.91,14.96,20.73,25.75,False,90.04,12653.0,True,China International Capital Corporation Hong Kong Securities Limited,961200.0,54.3,2023-10-21,https://www1.hkexnews.hk/listedco/listconews/sehk/2023/0918/2023091800009.pdf,https://www1.hkexnews.hk/listedco/listconews/sehk/2023/0927/10910735/2023092700072.pdf,China International Capital Corporation Hong Kong Securities Limited,False,True,False,,,,,,,,,,True,
31/03/2023,06/10/2023,01973,,"Tian Tu Capital Co., Ltd.",深圳市天圖投資管理股份有限公司,,,,False,False,False,True,True,,,,,,,False,T+5,,1063878400.0,136394666.67,489384065.56,62741546.87,85400153.0,52.18,2.990000009536743,173258000,1126177000.0,144381666.67,173258000,163673600.0,,,11.4,6.5,,,,-24.92,1282313.88,0.94,5.389999866485596,4.880000114440918,5.519999980926514,4.489999771118164,-5.22,-4.79,4.9381,-2.16,True,1.28,,2.63,-30.46,1009750.75,-38.46,1454553.83,-18.77,4065249.23,05/04/2024,-1.52,-50.31,-51.69,-49.54,-51.23,-51.85,-48.92,1.0,,False,False,False,,,,,,,,,,False,100.0,1469.0,True,,,,2023-10-28,https://www1.hkexnews.hk/listedco/listconews/sehk/2023/0925/2023092500007.pdf,https://www1.hkexnews.hk/listedco/listconews/sehk/2023/1005/10924572/2023100500008.pdf,Huatai Financial Holdings (Hong Kong) Limited/  BOCI Asia Limited,False,True,True,,,,,,,,,,False,
11/08/2023,11/10/2023,02501,KYG57Y2D1003,Maiyue Technology Limited,邁越科技股份有限公司,Information Technology,Software & Services,Digital Solution Services,False,False,False,False,True,,,,,,,False,T+5,"Maiyue Technology Ltd is an investment holding company principally engaged in the provision of integrated Information Technology (IT) solution services. The Company operates its businesses through three segments. The Provision Of Integrated It Solution Services segment is mainly engaged in the design and implementation of the solution, sales of related software and hardware to customers and the provision of follow-up maintenance services. The Sales of Hardware and Software segment is engaged in the sales of hardware and self-developed software. The Provision of Standalone IT Services segment is mainly engaged in the provision of maintenance service, system upgrade and enhancement service, warranty service, software installation, data migration and technology consulting service. The Company mainly conducts its businesses in domestic market.",590000000.0,75641025.64,500000000.0,64102564.1,125900000.0,25.18,1.0,125000000,147500000.0,18910256.41,125000000,500000000.0,500000000.0,1.05,1.4,1.18,37.1,,,38.14,10766776.89,14.23,1.2300000190734863,1.6299999952316284,1.690000057220459,1.090000033378601,-1.12,-7.53,4.95679,-11.44,True,2.46,Claw-back/reallocation procedure not applied (over-subscription below the reallocation threshold),,10.17,4629782.01,14.41,5439976.88,10.17,11008479.45,10/04/2024,0.0,-15.25,-15.25,-15.25,-15.25,-15.25,-24.58,,,,,,,,,,,,,,,False,100.0,1511.0,False,,,,,https://www1.hkexnews.hk/listedco/listconews/sehk/2023/0928/2023092800041.pdf,https://www1.hkexnews.hk/listedco/listconews/sehk/2023/1010/10929076/2023101000018.pdf,Quam Capital Limited,False,False,False,,,,,,,,,,False,
29/05/2023,12/10/2023,02451,KYG5727M1050,Luyuan Group Holding (Cayman) Limited,綠源集團控股（開曼）有限公司,Consumer Discretionary,Automobiles,Motorcycles and Others,False,False,False,False,True,,,,,,,False,T+5,"Luyuan Group Holding Cayman Ltd is an investment holding company primarily engaged in the electric vehicle business. The Company’s main business is engaged in the design, research and development, manufacturing and selling of electric two-wheeled vehicles. The Company’s products include electric bicycles, electric scooters, batteries, electric two-wheeled vehicle parts and other products. The Company provides customers with a variety of electric vehicle models including S90, Moda8, Cola10 series, K50, MS95 and Moda50D and others under the brand Luyuan. The Company is also engaged in providing training services. The Company mainly conducts its business in the domestic market.",2895260280.0,371187215.38,4981262039.89,638623338.45,132439791.0,33.71,12.68000030517578,106667000,786135790.0,100786639.74,106667000,392844000.0,409100000.0,6.0,8.0,7.37,68.5,,,0.95,9253261.61,2.49,7.340000152587891,7.440000057220459,8.050000190734863,7.210000038146973,1.18,-6.06,4.92304,-4.89,True,7.66,,10.0,1.09,3007067.91,-1.63,3357702.53,-0.95,7798662.15,11/04/2024,-1.47,-9.09,-7.73,-7.73,-5.29,-5.29,-13.16,,,,,,,,,,,,,,,False,80.03,5104.0,False,,,,,https://www1.hkexnews.hk/listedco/listconews/sehk/2023/0928/2023092800027.pdf,https://www1.hkexnews.hk/listedco/listconews/sehk/2023/1011/10930000/2023101100036.pdf,China Securities (International) Corporate Finance Company Limited,False,True,False,,,,,,,,,,False,
31/03/2023,12/10/2023,09676,CNE100006897,"Shiyue Daotian Group Co., Ltd.",十月稻田集團股份有限公司,Consumer Staples,Agricultural Products,Agricultural Products,False,False,False,True,True,,,,,,,False,T+5,"Shiyue Daotian Group Co Ltd is a China-based company principally engaged in the manufacturing and sales of pantry staple food. The Company operates primarily through four segments. The Rice Products segment is principally engaged in the production of pre-packaged rice products of different varieties. The Corn products segment mainly produces pre-packaged corn products. The Whole Grain, Bean and Other Products segment is principally engaged in the production of pre-packaged mixed brown rice, millet, red bean and sesame. The Dried Food and Other Products segment is mainly engaged in the production of pre-packaged wood ear mushrooms, snow fungus mushroom and lotus seeds, as well as by-products, such as bran, husk and fractioned rice. The Company mainly conducts its businesses in the domestic market.",16246658304.0,2082904910.77,3998201036.74,512589876.51,240494648.0,22.74,3.7799999713897705,53407500,820339200.0,105171692.31,53407500,1057725150.0,1056750750.0,,15.8,15.36,,,,22.66,4627393.88,0.22,16.600000381469727,18.84000015258789,19.940000534057617,16.600000381469727,1.18,-6.06,4.92304,-4.7,True,1.31,,10.0,60.16,3813265.4,60.81,5104805.82,63.41,14770298.8,11/04/2024,-5.41,36.72,25.65,44.53,41.93,30.21,-47.59,,,,,,,,,,,,,,,False,61.61,1154.0,False,,,,,https://www1.hkexnews.hk/listedco/listconews/sehk/2023/0928/2023092800035.pdf,https://www1.hkexnews.hk/listedco/listconews/sehk/2023/1011/10929976/2023101100012.pdf,Morgan Stanley Asia Limited/ China International Capital Corporation  Hong Kong Securities Limited/ China Securities (International)  Corporate Finance Company Limited | Bookrunners/Lead Managers: IMPORTANT,True,True,True,,,,,,,,,,False,
16/06/2023,27/10/2023,01519,KYG4990A1040,J&T Global Express Limited,極兔速遞環球有限公司,Industrials,Industrial Transportation,Air Freight & Logistics,False,False,False,False,True,,,,,,,False,T+5,"J&T Global Express Ltd is an investment holding company primarily engaged in the provision of global logistics service. The Company mainly operates two businesses. The express delivery services business is engaged in the provision of integrated express delivery service to pick-up outlets of net work partners, network services and other services to operating entities of regional sponsors, integrated express delivery services to enterprise customers and individual customers and cash on delivery services. The cross-border services business is engaged in the provision of cargo or parcel collection, transportation and warehousing, custom clearances, dispatching and other relevant services. The Company is also engaged in the leasing of vehicles as well as sales of accessories, including packing supplies and apparels. The Company conducts its business in the domestic and overseas markets.",104305434180.0,13372491561.54,72666116161.2,9316168738.62,5610319863.0,64.54,8.359999656677246,326550400,3918604800.0,502385230.77,326550400,8692119515.0,9663509563.0,12.0,12.0,12.0,,,,0.0,32313383.08,0.24,12.0,12.0,12.199999809265137,11.800000190734863,-1.21,-12.64,4.94929,8.41,True,1.36,Claw-back/reallocation procedure not applied (over-subscription below the reallocation threshold),,0.0,16256517.31,3.33,32027913.97,0.5,169399619.25,26/04/2024,-12.14,-46.92,-41.67,-39.58,-48.58,-50.0,-50.67,,,,,,6.0,,,,,,,,,False,100.0,10887.0,True,Morgan Stanley Asia Limited,48982400.0,11.9454,2023-11-18,https://www1.hkexnews.hk/listedco/listconews/sehk/2023/1016/2023101600009.pdf,https://www1.hkexnews.hk/listedco/listconews/sehk/2023/1026/10942025/2023102600030.pdf,Morgan Stanley Asia Limited/ Merrill Lynch (Asia Pacific) Limited/ China International Capital Corporation Hong Kong Securities Limited,True,True,True,,,,,,,,,,True,
04/10/2023,02/11/2023,02517,CNE1000068W1,"Guoquan Food (Shanghai) Co., Ltd.",鍋圈食品(上海)股份有限公司,Consumer Staples,Food & Beverages,Packaged Foods,False,False,False,True,True,,,,,,,False,T+5,"Guoquan Food Shanghai Co Ltd is a China-based company primarily engaged in the operation of a franchised retail network, processing and trading of meal products and related products. The Company has established a one-stop home meal products retail store network. Through the brand Guoquan Shihui, the Company offers ready-to-eat, ready-to-heat, ready-to-cook and prepared ingredients, as well as at-home hot pot and barbecue products. The Company's product portfolio comprises eight categories including hotpot products, barbecue products, beverages, solo-dining meals, ready-to-cook meal kits, fresh produce, western cuisines and snacks. The Company mainly conducts in the domestic market.",15238274272.0,1953624906.67,4790628032.0,614183081.03,698294306.0,27.4,1.88,77360400,462615192.00000006,59309640.0,77360400,2548206400.0,2571259200.0,5.98,5.98,5.98,,,,0.0,3398480.01,0.17,5.980000019073486,5.980000019073486,6.21999979019165,5.980000019073486,-0.58,-11.82,4.8828,7.36,True,4.34,Claw-back/reallocation procedure not applied (over-subscription below the reallocation threshold),10.0,23.75,5300408.73,6.52,7308756.92,17.06,14012290.31,02/05/2024,-4.73,-12.37,-14.55,-8.03,-14.72,-6.35,-55.35,,,,,,,,,,,,,,,False,19.01,6404.0,True,,,,2023-11-25,https://www1.hkexnews.hk/listedco/listconews/sehk/2023/1020/2023102000007.pdf,https://www1.hkexnews.hk/listedco/listconews/sehk/2023/1101/10949463/2023110100020.pdf,Huatai Financial Holdings (Hong Kong) Limited/ China International Capital Corporation  Hong Kong Securities Limited,False,True,True,,,,,,,,,,True,
21/08/2023,03/11/2023,02429,CNE1000068H2,Beijing UBOX Online Technology Corp.,北京友寶在線科技股份有限公司,Consumer Staples,Food & Beverages,Non-alcoholic Beverages,False,False,False,True,True,,,,,,,False,T+5,"Beijing UBOX Online Technology Corp is a China-based company primarily engaged in the unmanned retail business. The Company operates four segments. The Unmanned Retail Business segment is primarily engaged in the sales of fast-moving consumer goods such as food and beverage to end customers through a network of vending machines. The Merchandise Wholesale segment is primarily engaged in the merchandise wholesale to the customers. The Advertising and System Support Services segment is primarily engaged in the provision of merchandise display advertising services. The Others segment is primarily engaged in the provision of mobile device distribution services, karaoke booth services, karaoke booth sales and leases, as well as karaoke booth operation system support services. The Company primarily operates its businesses in the domestic market.",8071296731.55,1034781632.25,2242418264.97,287489521.15,672935382.0,71.42,2.380000114440918,22576500,233666775.0,29957278.85,22576500,779835433.0,941723503.0,9.4,11.4,10.35,47.5,,,40.87,8786319.18,0.85,12.5,14.579999923706056,14.979999542236328,12.31999969482422,2.72,-9.6,4.85214,12.35,True,11.29,,10.0,43.0,5300785.98,20.77,7075123.13,55.75,18626278.72,03/05/2024,-0.25,55.56,52.66,55.94,57.49,52.27,-51.59,,,,,,,,,,,,,,,False,15.02,5308.0,False,,,,,https://www1.hkexnews.hk/listedco/listconews/sehk/2023/1024/2023102400007.pdf,https://www1.hkexnews.hk/listedco/listconews/sehk/2023/1102/10953297/2023110200034.pdf,China Securities (International) Corporate Finance Company Limited/ Huatai Financial Holdings (Hong Kong) Limited,False,True,True,,,,,,,,,,False,
10/05/2023,09/11/2023,02473,KYG9831F1138,XXF Group Holdings Limited,喜相逢集團控股有限公司,Consumer Discretionary,Automobiles,Automobiles,False,False,False,False,True,,,,,,,False,T+5,XXF Group Holdings Ltd is a company principally engaged in the provision of automobile finance lease service. The Company mainly operates three businesses. Automobiles retail and finance business sells automobiles mostly on direct finance lease. Automobile-related business primarily offers automobile operating lease service and automobile-related services. Outright car sales business sells cars on a one-off basis.,567187500.0,72716346.15,1132312526.55,145168272.63,1173552188.0,63.22,0.6100000143051147,103125000,113437500.0,14543269.23,103125000,515625000.0,1856250000.0,1.05,1.36,1.1,16.1,,,-50.3,10664192.63,14.67,0.7266659736633301,0.5466660261154175,1.3200000524520874,0.4733330011367798,-0.87,-8.2,4.92946,12.9,True,14.71,Claw-back/reallocation procedure not applied (over-subscription below the reallocation threshold),,-56.06,2251041.12,-51.21,5597140.29,-23.64,26528057.71,09/05/2024,11.76,-2.12,-17.58,-12.42,-0.61,-0.61,390.91,,,,,,,,,,,,,,,False,6.76,6337.0,False,,,,,https://www1.hkexnews.hk/listedco/listconews/sehk/2023/1030/2023103000013.pdf,https://www1.hkexnews.hk/listedco/listconews/sehk/2023/1108/10961531/2023110800018.pdf,Quam Capital Limited,False,False,False,,,,,,,,,,True,
30/06/2023,10/11/2023,01111,KYG4645P1000,Huashi Group Holdings Limited,華視集團控股有限公司,Consumer Discretionary,Media & Entertainment,Advertising & Marketing,False,False,False,False,True,,,,,,,False,T+5,"Huashi Group Holdings Ltd is an investment holding company principally engaged in provision of branding, advertising and marketing services and advertisement placement services. The Company operates five major businesses. The brand services engage in the research and analysis of customer brands, the design and planning of brand development strategies, the design of brand images as well as brand formulation and service marketing and promotion. The online media advertising services include display advertising and search engine advertising. The event execution and production services engage in formulating event strategies and design plans, work arrangements and event processes. Advertising services include developing online advertising plans, maintaining client platform accounts and on-demand advertising. The traditional offline media advertising services engage in the provision of television advertising space, radio advertising space and outdoor advertising space.",801476000.0,102753333.33,156441945.5,20056659.68,186296931.0,24.17,0.2029999941587448,125000000,130000000.0,16666666.67,125000000,770650000.0,770650000.0,0.88,1.04,1.04,100.0,,,55.77,8972307.72,8.73,1.649999976158142,1.6200000047683716,1.7899999618530271,1.399999976158142,-3.86,-9.81,4.98202,2.64,True,12.62,,,82.69,11893651.29,84.62,14973282.01,98.08,39525403.14,10/05/2024,-1.47,-67.79,-67.79,-67.31,-66.83,-67.31,-57.69,,,,,,,,,,,,,,,False,10.56,5017.0,False,,,,,https://www1.hkexnews.hk/listedco/listconews/sehk/2023/1031/2023103100019.pdf,https://www1.hkexnews.hk/listedco/listconews/sehk/2023/1109/10962661/2023110900028.pdf,Rainbow Capital (HK) Limited,False,False,False,,,,,,,,,,False,
25/05/2023,10/11/2023,02499,CNE1000068X9,"FOLANGSI CO., LTD",廣州佛朗斯股份有限公司,Industrials,Industrial Engineering,Industrial Components & Equipment,False,False,False,True,True,,,,,,,False,T+5,"Folangsi Co Ltd is a China-based company principally engaged in the provision of intralogistics equipment solution. The Company operates its businesses through three segments. Intralogistics Equipment Subscription Services segment provides intralogistics equipment to customers for their usage with value-added services. Maintenance and Repair Services segment provides on-site maintenance and repair services to customers for their intralogistics equipment. Sales of Intralogistics Equipment and Parts segment mainly engages in the sales of new and used intralogistics equipment to enterprises in China, and intralogistics equipment parts to enterprises in China and abroad. The Company mainly conducts its businesses in the domestic market and overseas markets.",3772086333.12,483600811.94,1576985617.46,202177643.26,98977689.0,37.47,5.96999979019165,12136000,173302080.0,22218215.38,12136000,264151704.0,264151704.0,,16.18,14.28,,,,3.36,2592461.58,0.54,15.479999542236328,14.760000228881836,15.479999542236328,14.300000190734863,-3.86,-9.81,4.98202,9.27,True,7.8,,10.0,2.52,576574.37,3.78,734376.42,1.26,1421303.59,10/05/2024,0.67,5.04,3.92,4.34,6.86,7.84,-13.17,,,,,,,,,,,,,,,False,20.0,4939.0,True,,,,2023-12-03,https://www1.hkexnews.hk/listedco/listconews/sehk/2023/1031/2023103100017.pdf,https://www1.hkexnews.hk/listedco/listconews/sehk/2023/1109/10962681/2023110900054.pdf,Haitong International Capital Limited,False,True,False,,,,,,,,,,False,
09/07/2023,17/11/2023,02268,KYG9808A1058,WuXi XDC Cayman Inc.,藥明合聯生物技術有限公司,Healthcare,Pharmaceuticals & Biotechnology,Biotechnology,False,False,False,False,True,,,,,,,False,T+5,"WuXi XDC Cayman Inc is an investment holding company principally engaged in the provision of comprehensive contract research, development and manufacturing organization (CRDMO) services for antibody drug conjugate (ADC) and other bioconjugates. The Company's services include the discovery, process development and Good Manufacturing Practice (GMP) manufacturing for bioconjugates, monoclonal antibody intermediates and payload-linkers associated with bioconjugates. The Company provides CRDMO services to customers through contracts under fee-for-service (FFS) basis and contracts under full-time equivalent (FTE) basis. The Company principally conducts its businesses in domestic and overseas markets, including North America, Europe and the rest of the world.",25963070950.0,3328598839.74,71902581450.93,9218279673.2,385660241.0,30.6,57.04999923706055,178446000,4070652700.0,521878551.28,178446000,1260343250.0,1261842054.0,19.9,20.6,20.6,100.0,,,35.92,228917298.97,6.88,26.950000762939453,28.0,29.25,26.799999237060547,-1.57,-2.77,5.03506,9.94,True,49.96,"35,689,000 Offer Shares reallocated from the International Offering to the Hong Kong Public Offering via clawback",30.0,35.44,57246097.74,40.78,71242269.03,47.09,197736032.71,17/05/2024,-2.42,-17.67,-17.48,-15.63,-18.93,-24.08,15.29,,,,,,6.0,,,,,,,,,False,13.0,30726.0,True,Morgan Stanley Asia Limited,0.0,,2023-12-10,https://www1.hkexnews.hk/listedco/listconews/sehk/2023/1107/2023110700021.pdf,https://www1.hkexnews.hk/listedco/listconews/sehk/2023/1116/10970095/2023111600010.pdf,Morgan Stanley Asia Limited/ Goldman Sachs (Asia) L.L.C./ J.P. Morgan Securities (Far East) Limited,True,False,True,,,,,,,,,,True,
29/09/2023,22/11/2023,02520,CNE1000069C1,"Shanxi Installation Group Co., Ltd.",山西省安裝集團股份有限公司,Properties & Construction,Construction,Heavy Construction & Engineering,False,False,False,True,True,,,,,,,False,T+1,"Shanxi Installation Group Co Ltd is a China-based company principally engaged in the provision of construction services. The Company operates through four segments. The Specialized Industrial Construction segment provides investment, design consulting, construction, operation and maintenance services for specialized industrial construction projects. The Specialized Auxiliary Construction segment provides services such as investment, design consulting, construction, operation and maintenance for specialized auxiliary construction projects related to the urban supporting works. The Other Construction segment provides construction services and general contracting services for residential, office and commercial buildings, science, education, culture and health buildings and other types of projects. The Non- construction Business segment is engaged in the sales of liquefied natural gas (LNG) and the provision of urban heating technical services, and others.",2906668120.0,372649758.97,802994935.62,102948068.67,119136176.0,31.9,2.1500000953674316,373486000,814199480.0,104384548.72,373486000,1333334000.0,373486000.0,2.1,2.36,2.18,30.8,,,0.0,3555077.03,0.95,2.180000066757202,2.180000066757202,2.25,2.180000066757202,3.28,-2.62,5.3472,17.12,False,0.6,,6.01,-7.8,896438.46,-5.5,1104776.91,-22.48,2900761.54,22/05/2024,1.87,0.0,-5.96,-1.83,-3.67,0.0,-3.67,,,,,,,,,,,,,,,False,100.0,1508.0,True,Shanxi Securities International Limited,,,2023-12-15,https://www1.hkexnews.hk/listedco/listconews/sehk/2023/1110/2023111000017.pdf,https://www1.hkexnews.hk/listedco/listconews/sehk/2023/1121/10974308/2023112100016.pdf,Huatai Financial Holdings (Hong Kong) Limited/ Shanxi Securities International Capital Limited,False,True,True,,,,,,,,,,False,
06/10/2023,05/12/2023,02483,KYG5230A1013,K Cash Corporation Limited,K Cash集團有限公司,Financials,Other Financials,Financing,False,False,False,False,True,,,,,,,False,T+1,"K Cash Corp Ltd is an investment holding company principally engaged in the loan business. The Company is principally engaged in loan businesses such as the unsecured owner loan business, unsecured personal loan business as well as others. In addition, the Company is also engaged in financing facility services",900000000.0,115384615.38,899999976.16,115384612.33,125000000.0,25.0,1.7999999523162842,125000000,225000000.0,28846153.85,125000000,500000000.0,500000000.0,1.64,1.96,1.8,50.0,,,-0.56,8188561.36,7.1,1.6100000143051147,1.7899999618530271,1.7999999523162842,1.6100000143051147,-7.56,-11.5,5.47583,8.95,True,18.93,"25,000,000 Offer Shares reallocated from the International Offering to the retail tranche via clawback (12,500,000 -> 37,500,000 Shares), 28.57% of the Global Offering",28.57,-6.67,3842830.81,-5.0,5038651.34,-0.0,10418478.06,04/06/2024,0.57,-2.22,-2.78,-2.78,-4.44,-1.11,1.67,,,,,,,,,,,,,,,False,100.0,5564.0,True,China PA Securities (Hong Kong) Company Limited,6250000.0,1.715,2023-12-30,https://www1.hkexnews.hk/listedco/listconews/sehk/2023/1127/2023112700082.pdf,https://www1.hkexnews.hk/listedco/listconews/sehk/2023/1204/2023120402869.pdf,DBS Asia Capital Limited/  Ping An of China Capital (Hong Kong)  Company Limited | Bookrunners/Lead Managers: PA SECURITIES (HK),False,False,True,,,,,,,,,,False,
29/05/2023,05/12/2023,02521,KYG8117S1049,Shenghui Cleanness Group Holdings Limited,升輝清潔集團控股有限公司,Consumer Discretionary,Support Services,Other Support Services,False,False,False,False,True,,,,,,,False,T+1,"Shenghui Cleanness Group Holdings Ltd is an investment holding company primarily engaged in the provision of cleaning and maintenance services. The Company’s service capabilities include the provision of basic cleaning and maintenance service, garbage collection and transportation service, waste collection and transportation service, water tank cleaning service and ancillary services. The Company is also engaged in providing specialized cleaning services such as stone cleaning and restoration and high-altitude cleaning with mobile elevated platforms. The Company conducts its business in the domestic and overseas markets.",520000000.0,66666666.67,1657274796.49,212471127.76,869932762.0,44.62,0.8500000238418579,414375000,132600000.0,17000000.0,414375000,1625000000.0,1949735000.0,0.32,0.4,0.32,0.0,,,3.13,8400721.49,12.6,0.3000000119209289,0.3300000131130218,0.3600000143051147,0.2849999964237213,-7.56,-11.5,5.47583,18.9,True,33.35,,30.0,20.31,4590456.72,15.63,10930749.96,20.31,23948283.51,04/06/2024,11.54,-9.38,-15.62,-18.75,3.13,3.13,25.0,,,,,,,,,,,,,,,False,100.0,6063.0,False,,,,,https://www1.hkexnews.hk/listedco/listconews/sehk/2023/1127/2023112700086.pdf,https://www1.hkexnews.hk/listedco/listconews/sehk/2023/1204/2023120402525.pdf,Cinda International Capital Limited | Bookrunners/Lead Managers: Shenghui Cleanness Group Holdings Limited,False,False,True,,,,,,,,,,False,
22/05/2023,05/12/2023,09663,CNE100006B02,"Sino-Synergy Hydrogen Energy Technology (Jiaxing) Co., Ltd.",國鴻氫能科技(嘉興)股份有限公司,Industrials,Industrial Engineering,New Energy Materials,False,False,False,True,True,,,,,,,False,T+1,"Sino-Synergy Hydrogen Energy Technology Jiaxing Co Ltd is a China-based company primarily engaged in the research and development, production and sale of hydrogen fuel cell stacks and systems. The Company’s main products include various series of fuel cell stacks, fuel cell systems, power generation equipment and hydrogen production equipment products. The fuel cell stacks products include SynStack GIII, SynStack GI and 9SSL. The fuel cell systems products include SynRoad H240, SynRoad H150, SynRoad G120 and SynRoad B60.The Company’s products are mainly applied in transportation, rail transit and power generation, hydrogen energy ships, hydrogen production equipment, hydrogen energy drones and hydrogen energy two-wheeled vehicles and other fields. The Company mainly conducts its business in the domestic market.",10184699212.54,1305730668.27,1153723096.02,147913217.44,236521995.0,61.3,2.990000009536743,79520000,1563363200.0,200431179.49,79520000,518041669.0,385860566.0,19.35,21.35,19.66,15.5,,,0.71,71672189.55,5.49,16.5,19.799999237060547,19.8799991607666,14.399999618530272,-7.56,-11.5,5.47583,8.37,True,1.18,Claw-back not triggered (subscription level below the reallocation threshold),10.0,-22.69,5465661.58,-22.38,7657050.02,-14.24,18439800.2,04/06/2024,-9.38,-26.25,-16.99,-18.62,-21.77,-26.14,-3.36,,,,,,,,,,,,,,,False,100.0,2808.0,False,,,,,https://www1.hkexnews.hk/listedco/listconews/sehk/2023/1127/2023112700007.pdf,https://www1.hkexnews.hk/listedco/listconews/sehk/2023/1204/10993779/2023120402570.pdf,Huatai Financial Holdings (Hong Kong) Limited,False,True,False,,,,,,,,,,False,
31/07/2023,06/12/2023,02419,CNE1000068G4,DEKON FOOD AND AGRICULTURE GROUP,四川德康農牧食品集團股份有限公司,Consumer Staples,Agricultural Products,Poultry & Meat,False,False,False,True,True,,,,,,,False,T+1,"DEKON Food and Agriculture Group is a China-based company mainly engaged in the business of breeding and breeding of pigs and yellow-feathered broilers. The Company primarily operates its businesses through three segments, Sales of Pigs segment, Sales of Poultry segment, and Sales of Ancillary Products segment. Sales of Pigs segment is mainly engaged in the sales of market hogs, breeding pigs, market piglets and boar semen. Sales of Poultry segment sales is mainly engaged in the sales of yellow-feathered broilers, chicks and eggs. Sales of Ancillary Products segment is mainly involved in the sales of ingredients, fresh meat and others. The Company mainly conducts its businesses in the domestic market.",14368954750.2,1842173685.92,6329185776.43,811434073.9,54648316.0,35.47,41.08000183105469,26912000,994398400.0,127486974.36,26912000,388875636.0,154069754.0,30.35,36.95,36.95,100.0,,,1.49,4949519.23,0.27,36.95000076293945,37.5,38.0,36.95000076293945,-8.37,-9.55,5.42316,7.84,True,1.88,Claw-back not triggered (subscription level below the reallocation threshold),10.0,1.89,1766893.6,2.17,2026627.59,59.27,6855234.64,05/06/2024,1.23,44.52,43.98,42.76,45.06,46.14,0.14,,,,,,,,,,,,,,,False,100.0,1894.0,False,,,,,https://www1.hkexnews.hk/listedco/listconews/sehk/2023/1127/2023112700009.pdf,https://www1.hkexnews.hk/listedco/listconews/sehk/2023/1205/2023120502409.pdf,China International Capital Corporation Hong Kong Securities Limited/ Citigroup Global Markets Asia Limited,True,True,True,,,,,,,,,,True,
12/06/2023,12/12/2023,01497,CNE1000069X7,"XIAMEN YAN PALACE BIRD’S NEST INDUSTRY CO., LTD.",廈門燕之屋燕窩產業股份有限公司,Consumer Staples,Food & Beverages,Packaged Foods,False,False,False,True,True,,,,,,,False,T+1,"Xiamen Yan Palace Bird's Nest Industry Co Ltd, formerly Xiamen Yan Palace Bird's Nest Industry Co Ltd, is a China-based company principally engaged in the development, production and marketing of modern edible bird's nests (EBN) products. The Company operates its businesses through three segments. Sales to Offline Distributors segment is mainly engaged in sales of edible bird's nest products to offline distributors. Direct Sales to E-commerce Platforms segment is mainly engaged in sales of edible bird's nest products to online platforms. Sales to Online Distributors segment is mainly engaged in sales of edible bird's nest products to online distributors. The Company mainly conducts its businesses in the domestic market and overseas markets.",4515350000.0,578891025.64,3139513848.06,402501775.39,124743848.0,27.02,6.800000190734863,32000000,310400000.0,39794871.79,32000000,465500000.0,461693200.0,8.8,11.0,9.7,40.9,,,-0.0,14134143.31,2.44,10.5,9.699999809265137,10.699999809265137,9.619999885559082,-4.82,-9.08,5.41714,0.95,True,83.63,"9,600,000 Offer Shares reallocated from the International Offering to the retail tranche via clawback (3,200,000 -> 12,800,000 Shares), 40.0% of the Global Offering",40.0,-2.06,6223406.83,-5.15,8258583.71,-0.1,16932513.52,11/06/2024,0.36,-13.61,-12.37,-13.92,-15.26,-14.85,-11.34,,,,,,,,,,,,,,,False,6.02,11440.0,True,GF Securities (Hong Kong) Brokerage Limited,4800000.0,8.35,2024-01-06,https://www1.hkexnews.hk/listedco/listconews/sehk/2023/1130/2023113000061.pdf,https://www1.hkexnews.hk/listedco/listconews/sehk/2023/1211/2023121101204.pdf,China International Capital Corporation Hong Kong Securities Limited/ GF Capital (Hong Kong) Limited,False,True,True,,,,,,,,,,False,
30/06/2023,18/12/2023,00666,CNE1000069Z2,"REPT BATTERO Energy Co., Ltd.",瑞浦蘭鈞能源股份有限公司,Industrials,Industrial Engineering,Energy Storage Units,False,False,False,True,True,,,,,,,False,T+1,"REPT BATTERO Energy Co Ltd is a China-based company principally engaged in the research and development, and manufacture and sales of lithium-ion battery products. The Company is mainly engaged in the design, research and development, production and sales of Electric Vehicle (EV) and Energy Storage System (ESS) lithium-ion batteries from cell level to system application. The Company provides solutions and services for global new energy vehicle power and smart electrical power storage. The Company's main products include EV battery products and ESS battery products. The Company's products are mainly used in EVs and electric ships, household energy storage and large-scale industrial energy storage scenarios.",41666795115.0,5341896809.62,12614698674.0,1617269060.77,550427314.0,58.91,13.5,116070200,2124084660.0,272318546.15,116070200,2276874050.0,934422124.0,18.2,20.6,18.3,4.2,,,2.62,4005437.07,0.07,18.600000381469727,18.780000686645508,19.65999984741211,18.559999465942383,-4.73,-7.6,5.46054,0.95,True,1.27,Claw-back not triggered (subscription level below the reallocation threshold),10.0,-0.22,1328651.78,0.77,2241782.03,3.06,12797409.74,17/06/2024,-0.97,-22.3,-21.86,-21.53,-22.08,-21.31,-28.74,,,,,,,,,,,,,,,False,100.0,2054.0,False,,,,,https://www1.hkexnews.hk/listedco/listconews/sehk/2023/1208/2023120800019.pdf,https://www1.hkexnews.hk/listedco/listconews/sehk/2023/1215/2023121501598.pdf,Morgan Stanley Asia Limited/ CITIC Securities (Hong Kong) Limited,True,True,True,,,,,,,,,,True,
05/10/2023,20/12/2023,01274,CNE100006855,"iMotion Automotive Technology (Suzhou) Co., Ltd.",知行汽車科技(蘇州)股份有限公司,Information Technology,Software & Services,Digital Solution Services,False,False,False,True,True,,,,,,,False,T+1,"iMotion Automotive Technology Suzhou Co Ltd is a China-based company mainly engaged in the production, research and development and sales of autonomous driving solutions and products. The Company’s principal businesses include the provision of autonomous driving solutions and products, the provision of autonomous driving-related research and development services, and the sales of printed circuit boards assembly (PCBA) products. Autonomous driving solutions and products include autonomous driving domain controllers and intelligent front camera products. Autonomous driving-related research and development services include the development of software and hardware for autonomous driving, the development of algorithms and functions for autonomous driving, and functional safety consulting and validation. The Company primarily conducts its businesses in the domestic market.",6710694581.0,860345459.1,908408715.68,116462655.86,97525341.0,39.51,3.680000066757202,22116000,655739400.0,84069153.85,22116000,226330340.0,253036640.0,29.65,29.65,29.65,,,,-12.82,5777475.09,0.67,29.549999237060547,25.850000381469727,30.600000381469727,25.850000381469727,-6.55,-5.9,5.65232,1.59,True,6.46,Claw-back not triggered (subscription level below the reallocation threshold),10.0,1.01,3655966.66,13.66,7789262.27,36.42,13649636.02,19/06/2024,0.77,164.76,165.09,162.73,116.53,135.92,-39.83,,,,,,,,,,,,,,,False,100.0,5221.0,False,,,,,https://www1.hkexnews.hk/listedco/listconews/sehk/2023/1212/2023121200019.pdf,https://www1.hkexnews.hk/listedco/listconews/sehk/2023/1219/2023121901176.pdf,Citigroup Global Markets Asia Limited/ Huatai Financial Holdings (Hong Kong) Limited/ CCB International Capital Limited | Bookrunners/Lead Managers: IMPORTANT,True,True,True,,,,,,,,,,False,
28/08/2023,20/12/2023,02502,CNE100006BD4,"Henan Jinyuan Hydrogenated Chemicals Co., Ltd.",河南金源氫化化工股份有限公司,Materials,Basic Materials,Specialty Chemicals,False,False,False,True,True,,,,,,,False,T+1,"Henan Jinyuan Hydrogenated Chemicals Co Ltd, formerly Henan Jinyuan Hydrogenated Chemicals & Energy Co Ltd, is a China-based company mainly engaged in the production, processing and sales of hydrogenated benzene-based chemicals and energy products. The Company operates four segments. Hydrogenated Benzene-based Chemicals segment mainly offers pure benzene, toluene and xylene, which are used in nylon and fertilizer manufacturing, refined oil manufacturing companies and other chemical manufacturing. Energy Products segment mainly offers liquefied natural gas (LNG) and coal gas. Trading segment is mainly engaged in the trading of LNG and refined oil. Others segment is mainly engaged in the sale of steam.",1146768000.0,147021538.46,463485413.67,59421206.88,238910000.0,25.0,0.4850000143051147,238910000,286692000.0,36755384.62,238910000,955640000.0,955640000.0,,1.5,1.2,,,,-27.5,5146384.64,3.5,1.059999942779541,0.8700000047683716,1.090000033378601,0.8700000047683716,-6.55,-5.9,5.65232,-1.6,True,42.82,,,-24.17,4305651.19,-20.83,4991897.36,-25.83,12610953.8,19/06/2024,0.0,-42.5,-42.5,-42.5,-43.33,-45.83,-60.0,,,,,,,,,,,,,,,False,68.01,7717.0,True,Haitong International Securities Company Limited,11938000.0,0.955,2024-01-14,https://www1.hkexnews.hk/listedco/listconews/sehk/2023/1212/2023121200021.pdf,https://www1.hkexnews.hk/listedco/listconews/sehk/2023/1219/2023121901110.pdf,Haitong International Capital Limited,False,True,False,,,,,,,,,,False,
08/09/2023,22/12/2023,02516,KYG3320T1067,FAR International Holdings Group Company Limited,泛遠國際控股集團有限公司,Industrials,Industrial Transportation,Air Freight & Logistics,False,False,False,False,True,,,,,,,False,T+1,"FAR International Holdings Group Co Ltd is an investment holding company mainly engaged in the provision of end-to-end cross-border logistics services. The Company primarily provides end-to-end cross-border delivery service, freight forwarding service and other logistics services. The Company provides overall management of the entire logistics value chain, including the determination of the delivery route, means of transportation, delivery costs control and fulfillment of customs requirements. The Company offers customers the flexibility to pick and choose the services they need in the logistics value chain, such as freight forwarding, customs clearance, recovery, warehouse operations, transportation and last mile delivery. The Company also offers customized supply chain solutions and formulate logistics solutions. The Company mainly operates its businesses in the domestic market, and overseas markets such as the United States, Singapore and the United Kingdom.",702000000.0,90000000.0,982799955.37,125999994.28,492897600.0,52.66,1.0499999523162842,140000000,126000000.0,16153846.15,140000000,780000000.0,936000000.0,0.9,1.22,0.9,0.0,,,11.11,4756410.26,5.28,1.2999999523162842,1.0,1.3200000524520874,0.9100000262260436,-7.86,-9.51,5.62762,-7.24,True,14.49,Claw-back not triggered (subscription level below the reallocation threshold),10.0,7.78,3522717.97,6.67,5754799.96,-6.67,16648323.1,21/06/2024,4.88,-52.22,-52.22,-54.44,-50.0,-51.11,8.89,,,,,,,,,,,,,,,False,7.72,3747.0,True,,,,,https://www1.hkexnews.hk/listedco/listconews/sehk/2023/1212/2023121200029.pdf,https://www1.hkexnews.hk/listedco/listconews/sehk/2023/1221/2023122101228.pdf,Grand Moore Capital Limited,False,False,False,,,,,,,,,,False,
04/12/2023,22/12/2023,02511,KYG4568L1023,"HighTide Therapeutics, Inc.",君聖泰醫藥,Healthcare,Pharmaceuticals & Biotechnology,Pharmaceuticals,True,False,False,False,True,,,,,,,False,T+1,"HighTide Therapeutics Inc is a biopharmaceutical company specializing in the discovery, development and commercialization of multifunctional, multi-targeted therapies for the treatment of metabolic and digestive diseases. The Company has developed a product pipeline of multiple product candidates in-house, covering many indications in metabolic and digestive diseases among which, some are at clinical-stage. The Company’s core product, HTD1801 (berberine ursodeoxycholate), a new molecular entity, is a gut-liver anti-inflammatory metabolic modulator which targets multiple pathways pivotal to metabolic regulation, including those associated with metabolic and digestive diseases. The Company conducts operations in the United States, Mainland China, Hong Kong and Australia.",5919862682.0,758956754.1,1363355976.68,174789227.78,283137575.0,55.66,2.680000066757202,24194000,278231000.0,35670641.03,24194000,514770668.0,571325668.0,11.5,11.5,11.5,,,,7.65,8104932.13,1.07,11.920000076293944,12.380000114440918,12.68000030517578,11.920000076293944,-7.86,-9.51,5.62762,-5.32,True,32.22,"4,839,000 Offer Shares reallocated from the International Offering to the retail tranche via clawback (2,419,500 -> 7,258,500 Shares), 30.0% of the Global Offering",30.0,12.7,4832538.44,1.91,5612824.36,6.09,15000193.48,21/06/2024,-2.45,-68.78,-66.09,-68.0,-86.78,-85.83,-88.87,,,,,,,,,,,,,,,False,13.65,4831.0,False,,,,,https://www1.hkexnews.hk/listedco/listconews/sehk/2023/1214/2023121400045.pdf,https://www1.hkexnews.hk/listedco/listconews/sehk/2023/1221/2023122101298.pdf,UBS Securities Hong Kong Limited/ Huatai Financial Holdings (Hong Kong) Limited,True,True,True,,,,,,,,,,False,
22/11/2023,22/12/2023,02489,KYG7032M1015,PERSISTENCE RESOURCES GROUP LTD,集海黃金集團有限公司,Materials,Gold & Precious Metals,Gold & Precious Metals,False,False,False,False,True,,,,,,,False,T+1,"Persistence Gold Group Ltd, formerly Persistence Resources Group Ltd, is an investment holding company mainly engaged in the exploration, mining and processing of gold. The Company carries out mining engineering through raw materials, equipment and machinery provided by suppliers to process ore into gold concentrate. The Company's final product is gold ingots, which are produced by smelting and processing gold concentrate.",1100000000.0,141025641.03,1703999948.5,218461531.86,781526049.0,32.56,0.7099999785423279,500000000,275000000.00000006,35256410.26,500000000,2000000000.0,2400000000.0,0.55,0.75,0.55,0.0,,,1.82,8005846.19,5.68,0.5099999904632568,0.5600000023841858,0.5799999833106995,0.5099999904632568,-7.86,-9.51,5.62762,-3.79,True,8.76,Claw-back not triggered (subscription level below the reallocation threshold),10.0,1.82,1809948.73,0.0,2020788.47,1.82,4208865.4,21/06/2024,1.45,27.27,29.09,25.45,20.0,21.82,54.55,,,,,,,,,,,,,,,False,60.0,6134.0,True,,,,2024-01-18,https://www1.hkexnews.hk/listedco/listconews/sehk/2023/1214/2023121400075.pdf,https://www1.hkexnews.hk/listedco/listconews/sehk/2023/1221/2023122101236.pdf,Innovax Capital Limited,False,False,False,,,,,,,,,,False,
22/08/2023,22/12/2023,06911,CNE1000069K4,"PU’ER LANCANG ANCIENT TEA CO., LTD.",普洱瀾滄古茶股份有限公司,Consumer Staples,Food & Beverages,Non-alcoholic Beverages,False,False,False,True,True,,,,,,,False,T+1,"Puer Lancang Ancient Tea Co Ltd is a China-based company principally engaged in the development, manufacturing and sales of tea products. The Company mainly produces Pu’er tea products. The Company's main brand is Lan Cang Gu Cha, under which the Company has developed and constructed three major product lines, namely 1966, Tea Mama and Iland Tea. The Company mainly conducts its businesses in the domestic market.",898800000.0,115230769.23,166500000.0,21346153.85,28141500.0,50.71,3.0,21000000,224700000.0,28807692.31,21000000,84000000.0,55500000.0,10.4,14.16,10.7,8.0,,,-18.69,2312415.33,2.01,10.699999809265137,8.699999809265137,11.9399995803833,8.699999809265137,-7.86,-9.51,5.62762,-3.95,True,13.23,Claw-back not triggered (subscription level below the reallocation threshold),10.0,-3.74,968746.18,-0.0,1441252.83,-12.34,2438119.0,21/06/2024,0.0,-21.78,-22.43,-21.78,-22.43,-22.62,-50.65,,,,,,,,,,,,,,,False,20.01,5922.0,True,China Securities (International) Corporate Finance Company Limited,540800.0,10.39,2024-01-18,https://www1.hkexnews.hk/listedco/listconews/sehk/2023/1214/2023121400011.pdf,https://www1.hkexnews.hk/listedco/listconews/sehk/2023/1221/2023122101314.pdf,"China Securities (International)  Corporate Finance Company Limited/ China Merchants Securities (HK) Co., Limited",False,True,True,,,,,,,,,,False,
21/06/2023,28/12/2023,02149,CNE100006B10,"BaTeLab Co., Ltd.",蘇州貝克微電子股份有限公司,Information Technology,Semiconductors,Semiconductors,False,False,False,True,True,,,,,,,False,T+1,"BaTeLab Co Ltd is a China-based company primarily engaged in providing analog integrated circuit (IC) patterned wafers. The Company's products are industrial-grade analog IC pattern wafer combinations, including signal chain products and power management products, covering power management categories and signal chain categories, namely switching regulators, multi-channel ICs and power management ICs, and linear regulators , battery management ICs, monitoring and modem ICs, driver ICs and linear products. The Company's products are used in different fields such as automotive electronics, medical care, industrial automation, industrial Internet of Things, industrial lighting, instrumentation, communications, power, energy storage and consumer electronics. The Company mainly operates its businesses in the domestic market.",1648200000.0,211307692.31,599399986.27,76846152.09,17999730.0,100.0,33.29999923706055,15000000,412050000.0,52826923.08,15000000,60000000.0,18000000.0,27.47,38.45,27.47,0.0,,,-17.36,5046384.78,2.39,25.049999237060547,22.700000762939453,27.25,21.899999618530273,-1.79,-4.3,5.47054,-5.12,True,1.34,Claw-back not triggered (subscription level below the reallocation threshold),10.0,-4.08,2091838.48,-8.63,2577225.66,-26.1,4713631.03,27/06/2024,0.0,-13.0,-16.09,-13.0,-13.0,-11.54,-5.53,,,,,,,,,,,,,,,False,73.56,2965.0,True,,,,2024-01-20,https://www1.hkexnews.hk/listedco/listconews/sehk/2023/1218/2023121800007.pdf,https://www1.hkexnews.hk/listedco/listconews/sehk/2023/1227/2023122701489.pdf,China International Capital Corporation Hong Kong Securities Limited,False,True,False,,,,,,,,,,False,
25/08/2023,29/12/2023,09880,CNE100006CQ4,UBTECH ROBOTICS CORP LTD,深圳市優必選科技股份有限公司,Information Technology,Software & Services,Digital Solution Services,False,False,False,True,True,,,,,,,False,T+1,"Ubtech Robotics Corp Ltd is a China-based company principally engaged in the research and development, design, production and sales of robotic products and provision of ancillary service and solutions. The Company provides education smart robotic products and services, logistics smart robotic products and services, other sector-tailored smart robotic products and services, and consumer-level robots and other hardware devices. The Company’s products include CreaBot multi-scenario service robot, AperBot M1 wheeled educational robot, Wali Series F3000, an all-weather, dual-drive heavyload automated forklift, the Wali Series T8000, an outdoor towing robot, and the Chitu L4-level automated logistics vehicle and other products.",37606560660.0,4821353930.77,44485200029.4,5703230773.0,281568457.0,65.07,102.8000030517578,11282000,1041673500.0,133547884.62,11282000,417850674.0,432735396.0,86.0,116.0,90.0,13.3,,,0.94,19305624.68,0.4,89.9000015258789,90.8499984741211,93.4499969482422,88.25,0.32,-4.28,5.2681,-3.09,True,5.16,Claw-back not triggered (subscription level below the reallocation threshold),,0.0,4507022.11,-2.22,6776308.02,-2.33,20845712.9,28/06/2024,-0.52,70.0,78.0,70.89,71.89,74.44,-30.61,,,,,,,,,,,,,,,False,40.02,5414.0,True,Guotai Junan Securities (Hong Kong) Limited,1400150.0,88.225,2024-01-21,https://www1.hkexnews.hk/listedco/listconews/sehk/2023/1219/2023121900021.pdf,https://www1.hkexnews.hk/listedco/listconews/sehk/2023/1228/2023122801642.pdf,Guotai Junan Capital Limited,False,True,False,,,,,,,,,,True,
30/06/2023,05/01/2024,02498,KYG7611S1075,"ROBOSENSE TECHNOLOGY CO., LTD",速騰聚創科技有限公司,Information Technology,Software & Services,Digital Solution Services,False,False,False,False,True,,,,,,,False,T+1,"RoboSense Technology Co Ltd is an artificial intelligence (AI)-driven robotics technology company. The Company’s main businesses include sales of LiDAR hardware products for application in the advanced driver assistance systems (ADAS), robotics and other non-automotive industries such as cleaning, logistics, industrial, public services and inspection, sales of LiDAR perception solutions integrating LiDAR hardware and AI perception software, and the provision of technology development and other services. The Company mainly conducts its businesses in the domestic market and overseas markets.",19316104089.0,2476423601.15,10265785979.25,1316126407.6,342162535.0,74.06,22.219999313354492,22909800,1059412500.0,135822115.38,22909800,449211723.0,471985353.0,43.0,43.0,43.0,,,,0.0,5205756.41,0.21,43.0,43.0,43.099998474121094,41.5,0.44,-5.44,4.87071,-5.13,False,0.58,Claw-back not triggered (subscription level below the reallocation threshold),5.2,0.12,2201326.29,0.0,2378839.11,-5.35,4650781.4,05/07/2024,-68.56,-62.74,21.86,18.49,-62.09,-63.12,-35.23,,,,,,,,,,,,,,,False,100.0,1786.0,True,,1136000.0,42.05,2024-02-01,https://www1.hkexnews.hk/listedco/listconews/sehk/2023/1227/2023122700027.pdf,https://www1.hkexnews.hk/listedco/listconews/sehk/2024/0104/2024010401780.pdf,J.P. Morgan Securities (Far East) Limited/ China Renaissance Securities (Hong Kong) Limited,True,True,True,,,,,,,,,,True,
17/08/2023,09/01/2024,02503,KYG989MA1008,Zhongshen Jianye Holding Limited,中深建業控股有限公司,Properties & Construction,Construction,Building Construction,False,False,False,False,True,,,,,,,False,T+1,"Zhongshen Jianye Holding Limited is a China-based investment holding company principally engaged in the provision of construction services. Its main business includes construction engineering works, municipal and public construction works, foundation engineering works and specialised contracting works. The Company mainly conducts its business within domestic market.",514800000.0,66000000.0,298032174.92,38209253.19,260845453.0,16.98,0.1940000057220459,128700000,128700000.0,16500000.0,128700000,514800000.0,3432851094.0,1.0,1.0,1.0,,,,-28.0,2973784.73,4.51,0.8100000023841858,0.7200000286102295,0.8399999737739563,0.699999988079071,-0.88,-9.52,4.90583,-6.66,True,58.44,,40.0,-7.0,6802369.29,5.0,8695061.51,41.0,40424702.13,09/07/2024,-2.25,-13.0,-10.0,-11.0,-10.0,-12.0,-42.0,,,,,,,,,,,,,,,False,100.0,5112.0,False,,,,,https://www1.hkexnews.hk/listedco/listconews/sehk/2023/1228/2023122800045.pdf,https://www1.hkexnews.hk/listedco/listconews/sehk/2024/0108/2024010801008.pdf,"Kingsway Capital Limited | Bookrunners/Lead Managers: Hong Kong Exchanges and Clearing Limited, The Stock Exchange of Hong Kong Limited and Hong Kong Securities Clearing Company Limited take no responsibility for the contents of this",False,False,True,,,,,,,,,,False,
19/09/2023,09/01/2024,02453,CNE100006BL7,"Concord Healthcare Group Co., Ltd.",美中嘉和醫學技術發展集團股份有限公司,Healthcare,Other Healthcare,Medical & Aesthetic Services,False,False,False,True,True,,,,,,,False,T+1,"Concord Healthcare Group Co Ltd is a China-based company primarily engaged in providing medical services to cancer patients. The Company conducts its business through two segments. The Hospital Business segment serves cancer patients through self-operated medical institutions. The Medical Equipment, Software and Related Services segment is engaged in the sales and installation of medical equipment and software, management and technical support, and operating lease. The Company mainly conducts its businesses in the domestic market.",10229312580.48,1311450330.83,247960959.7,31789866.63,166206877.0,52.95,0.7900000214576721,39420200,562920456.0,72169289.23,39420200,716338416.0,313874624.0,14.1,16.4,14.28,7.8,,,-22.41,5355617.4,0.41,9.800000190734863,11.079999923706056,12.020000457763672,9.699999809265137,-0.88,-9.52,4.90583,-12.62,True,1.99,Claw-back not triggered (subscription level below the reallocation threshold),10.0,-5.46,1676227.18,-2.24,1998023.07,-12.46,4657920.5,09/07/2024,15.91,257.14,187.11,208.12,238.94,236.48,-39.08,,,,,,,,,,,,,,,False,100.0,1638.0,False,,,,,https://www1.hkexnews.hk/listedco/listconews/sehk/2023/1229/2023122900023.pdf,https://www1.hkexnews.hk/listedco/listconews/sehk/2024/0108/2024010801006.pdf,China International Capital Corporation  Hong Kong Securities Limited/ Haitong International Capital Limited,False,True,True,,,,,,,,,,False,
17/11/2023,09/01/2024,06959,KYG2044E1061,Changjiu Holdings Limited,長久股份有限公司,Consumer Discretionary,Support Services,Other Support Services,False,False,False,False,True,,,,,,,False,T+1,"Changjiu Holdings Ltd, formerly Changjiu Digital Technology Ltd, is a company engaged in providing pledged vehicle monitoring services and automobile dealership operation management services. The Company operates two segments. The Pledged Vehicle Monitoring Services segment mainly provides pledged vehicle monitoring services to financial institutions that provide secured financing to automobile dealerships for their purchase of vehicles, and automobile dealerships with pledged vehicles. The Automobile Dealership Operation Management Services segment is engaged in providing operational support, data system and managerial solutions to automobile dealerships. The Company mainly operates its businesses in China market.",1202852000.0,154211794.87,640847215.42,82159899.41,61859997.0,30.6,3.1700000762939453,50540000,300713000.0,38552948.72,50540000,202160000.0,202160000.0,5.95,7.9,5.95,0.0,,,16.13,3817774.92,2.48,6.099999904632568,6.909999847412109,7.210000038146973,6.050000190734863,-0.88,-9.52,4.90583,-13.37,True,11.67,Claw-back not triggered (subscription level below the reallocation threshold),10.0,30.76,2543854.47,24.71,3451377.55,28.57,6595451.92,09/07/2024,48.8,525.21,380.67,320.17,437.82,421.85,-34.62,,,,,,,,,,,,,,,False,20.12,2510.0,False,,,,,https://www1.hkexnews.hk/listedco/listconews/sehk/2023/1229/2023122900027.pdf,https://www1.hkexnews.hk/listedco/listconews/sehk/2024/0108/2024010801108.pdf,CITIC Securities (Hong Kong) Limited/ ICBC International Capital Limited | Bookrunners/Lead Managers: Changjiu,False,True,True,,,,,,,,,,False,
10/11/2023,12/01/2024,02477,,"WellCell Holdings Co., Limited",經緯天地控股有限公司,,,,False,False,False,False,True,,,,,,,False,T+1,,500000000.0,64102564.1,1559999942.78,199999992.66,2716000000.0,67.9,0.3899999856948852,125000000,125000000.0,16025641.03,125000000,500000000.0,,1.0,1.3,1.0,0.0,,,-67.0,9454517.3,14.75,0.2212499976158142,0.3300000131130218,0.3362500071525574,0.2125000059604644,0.1,-8.81,4.76958,-6.67,True,28.64,Claw-back not triggered (subscription level below the reallocation threshold),20.0,-56.62,9522544.95,-56.25,11559293.68,-58.63,34210870.53,12/07/2024,-4.32,-61.25,-59.87,-59.5,-61.63,-62.0,60.0,,,,,,,,,,,,,,,False,20.04,3480.0,True,,,,,https://www1.hkexnews.hk/listedco/listconews/sehk/2023/1228/2023122800033.pdf,https://www1.hkexnews.hk/listedco/listconews/sehk/2024/0111/2024011101058.pdf,Halcyon Capital Limited/ Eddid Capital Limited,False,False,True,,,,,,,,,,True,
03/11/2023,08/03/2024,02540,KYG5456E1008,Lesi Group Limited,,Consumer Discretionary,Media & Entertainment,Advertising & Marketing,False,False,False,False,True,,,,,,,False,T+1,"Lesi Group Ltd is an investment holding company principally engaged in the provision of mobile advertising services. The Company's services include mobile advertising solutions services and advertisement (ad) distribution services. The mobile advertising solutions services mainly include mobile marketing planning, traffic acquisition, production of ad creatives, ad placements, ad optimization, ad campaign management and ad distribution. The advertisement distribution services include acquisition of advertising space and ad distribution. The Company mainly places advertisements through media platforms operated by media publishers, including search engine platforms, short video platforms and social media platforms. The Company's customers principally cover the technology and Internet services, financial services and gaming industries.",550000000.0,70512820.51,435000002.38,55769231.07,203125000.0,40.62,0.8700000047683716,125000000,137500000.0,17628205.13,125000000,500000000.0,600000000.0,1.1,1.5,1.1,0.0,,,36.36,12642307.69,17.93,0.8999999761581421,1.5,1.600000023841858,0.8999999761581421,1.69,0.12,4.53202,-20.25,True,22.35,"25,000,000 Offer Shares reallocated from the International Offering to the retail tranche via clawback (12,500,000 -> 37,500,000 Shares), 30.0% of the Global Offering",30.0,143.64,20121182.78,166.36,23551523.88,232.73,51803029.27,06/09/2024,4.94,54.55,26.36,47.27,50.0,47.27,11.82,,,,,,,,,,,,,,,False,100.0,5113.0,True,,,,2024-04-04,https://www1.hkexnews.hk/listedco/listconews/sehk/2024/0229/2024022900168.pdf,https://www1.hkexnews.hk/listedco/listconews/sehk/2024/0307/2024030700935.pdf,China Sunrise Capital Limited,False,False,False,,,,,,,,,,False,
22/02/2024,08/03/2024,02535,KYG9727S1049,WK Group (Holdings) Limited,泓基集團（控股）有限公司,Properties & Construction,Construction,Building Construction,False,False,False,False,True,,,,,,,False,T+1,"WK Group (Holdings) Ltd is an investment holding company principally engaged in steel structure engineering business. The Company is engaged in the provision of fabrication and forming steel structures and installation of structural steel business. In addition, the Company engages in customized fabricate structural steel tailored and other steel supply business.",500000000.0,64102564.1,1019999980.93,130769228.32,1115480000.0,55.77,0.5099999904632568,500000000,125000000.0,16025641.03,500000000,2000000000.0,2000000000.0,0.25,0.27,0.25,0.0,,,136.0,7312974.03,11.41,0.6499999761581421,0.5899999737739563,0.7300000190734863,0.4799999892711639,1.69,0.12,4.53202,-12.98,True,70.48,Claw-back not triggered (subscription level below the reallocation threshold),20.0,176.0,8340538.46,156.0,9349769.22,148.0,15368794.73,06/09/2024,-4.05,184.0,156.0,196.0,168.0,168.0,120.0,,,,,,,,,,,,,,,False,2.57,6323.0,True,,,,,https://www1.hkexnews.hk/listedco/listconews/sehk/2024/0229/2024022900013.pdf,https://www1.hkexnews.hk/listedco/listconews/sehk/2024/0307/2024030700933.pdf,Grande Capital Limited,False,False,False,,,,,,,,,,False,
03/10/2023,20/03/2024,02509,CNE1000069W9,"Qyuns Therapeutics Co., Ltd.",江蘇荃信生物醫藥股份有限公司,Healthcare,Pharmaceuticals & Biotechnology,Biotechnology,True,False,False,True,True,,,,,,,False,T+1,"Qyuns Therapeutics Co Ltd is a China-based company principally engaged in the research and development, manufacturing and commercialisation of biologic therapies for autoimmune and allergic diseases. The Company focuses on dermatology, respiratory, gastroenterology and rheumatology diseases. The Company's products include SAILEXIN, Oturkibart, and Crusekitug. The Company conducts its businesses in domestic and overseas markets.",4397017680.0,563720215.38,3167553924.0,406096656.92,107246823.0,48.01,14.18,12046400,238518720.0,30579323.08,12046400,222071600.0,223381800.0,19.8,20.2,19.8,0.0,,,23.74,7250115.38,1.29,27.399999618530273,24.5,28.200000762939453,24.5,2.4,-0.47,4.6,19.82,True,163.15,,17.77,-8.28,3148654.85,20.96,4863122.3,20.45,10160087.64,18/09/2024,3.72,40.91,38.64,35.86,39.39,56.31,-56.16,,,,,,6.0,,,,,,,,,False,5.0,14525.0,False,,,,,https://www1.hkexnews.hk/listedco/listconews/sehk/2024/0312/2024031200007.pdf,https://www1.hkexnews.hk/listedco/listconews/sehk/2024/0319/2024031901351.pdf,China International Capital Corporation  Hong Kong Securities Limited,False,True,False,,,,,,,,,,False,
22/09/2023,21/03/2024,09879,KYG58Y0B1054,MIGAO GROUP HOLDINGS LIMITED,米高集團控股有限公司,Materials,Basic Materials,Fertilisers & Agricultural Chemicals,False,False,False,False,True,,,,,,,False,T+1,"Migao Group Holdings Ltd is a China-based company principally engaged in the procurement, manufacturing, processing and sales of potassium fertilizers. The Company is engaged in producing a variety of potash fertilizer products, including potassium chloride, potassium sulfate, potassium nitrate and compound fertilizers. The Company's products are widely used in the agricultural field, especially for crops and its main customers include large agricultural reclamation companies, state-owned tobacco companies and agricultural comprehensive service companies.",3672000000.0,470769230.77,7907777826.63,1013817670.08,233942977.0,25.74,8.699999809265137,225000000,954475200.0,122368615.38,225000000,900000000.0,908940000.0,3.3,4.3,4.08,78.0,,,0.25,18097201.96,3.84,4.380000114440918,4.090000152587891,4.579999923706055,4.079999923706055,3.79,3.2,4.68774,29.05,True,9.79,Claw-back not triggered (subscription level below the reallocation threshold),9.09,11.03,4809815.42,-0.0,7184953.87,34.07,28929912.8,19/09/2024,0.66,86.03,76.47,84.8,93.63,93.87,21.08,,,,,,,,,,,,,,,False,30.02,7793.0,True,GF Securities (Hong Kong) Brokerage Limited,13560000.0,4.04,2024-04-17,https://www1.hkexnews.hk/listedco/listconews/sehk/2024/0313/2024031300019.pdf,https://www1.hkexnews.hk/listedco/listconews/sehk/2024/0320/2024032001597.pdf,GF Capital (Hong Kong) Limited,False,True,False,,,,,,,,,,False,
27/09/2023,26/03/2024,02536,KYG6876G1055,Palasino Holdings Limited,百樂皇宮控股有限公司,Consumer Discretionary,Travel & Leisure,Casinos & Gaming,False,False,False,False,True,,,,,,,False,T+1,"Palasino Holdings Ltd is a holding company principally engaged in the gaming business. The Company operates its business through two segments. The Gaming Operations segment is engaged in the operation of casino and resort offering slot machines and table games. The Hotel and Catering Operations segment is engaged in the operation of hotel, catering and related services.",2080000000.0,266666666.67,951780877.69,122023189.45,208561011.0,25.86,1.1799999475479126,142857000,400002200.0,51282333.33,142857000,800000000.0,806594000.0,2.6,2.6,2.6,,,,15.38,19398930.0,7.27,2.75,3.0,3.319999933242798,2.7300000190734863,-0.64,-0.04,4.86452,25.87,True,15.96,"28,572,000 Offer Shares reallocated from the International Offering to the retail tranche via clawback (14,286,000 -> 42,858,000 Shares), 30.0% of the Global Offering",30.0,100.38,57186580.67,111.54,77945244.83,100.77,156514187.96,24/09/2024,-2.06,46.15,48.08,49.23,47.31,60.0,16.92,,,,,,,,,,,,,,,False,100.0,7141.0,True,Guotai Junan Securities (Hong Kong) Limited,,,2024-04-20,https://www1.hkexnews.hk/listedco/listconews/sehk/2024/0318/2024031800024.pdf,https://www1.hkexnews.hk/listedco/listconews/sehk/2024/0325/2024032501621.pdf,Guotai Junan Capital Limited,False,True,False,,,,,,,,,,False,
01/02/2024,28/03/2024,02497,KYG3R23C1048,"Fujing Holdings Co., Limited",富景中國控股有限公司,Consumer Staples,Agricultural Products,Agricultural Products,False,False,False,False,True,,,,,,,False,T+1,"Fujing Holdings Co Ltd is an investment holding company principally engaged in growing, processing and selling of potted vegetable products. The Company's potted vegetable produce primarily include leafy vegetable species, such as crown daisy, rapeseed, curly endive, Indian lettuce, pak choi, lettuce, Chinese celery and tatsoi. The Company's products are primarily sold under the Fujing Agriculture brand. The Company primarily conducts its businesses in domestic market.",540000000.0,69230769.23,344999998.81,44230769.08,151585000.0,30.32,0.6899999976158142,100000000,108000000.0,13846153.85,100000000,500000000.0,500000000.0,1.28,1.08,1.08,,,,37.04,7166235.99,10.35,2.130000114440918,1.4800000190734863,2.4000000953674316,1.409999966621399,-1.49,-2.97,4.80143,42.35,True,294.13,,14.62,31.48,6959258.97,14.81,8601302.53,-2.78,23053656.53,26/09/2024,0.97,-3.7,-8.33,-4.63,-3.7,-3.7,-14.81,,,,,,,,,,,,,,,False,10.02,12820.0,True,,,,,https://www1.hkexnews.hk/listedco/listconews/sehk/2024/0320/2024032000093.pdf,https://www1.hkexnews.hk/listedco/listconews/sehk/2024/0327/2024032702279.pdf,Grande Capital Limited,False,False,False,,,,,,,,,,False,
11/01/2024,28/03/2024,02598,CNE100006FR5,"Lianlian DigiTech Co., Ltd.",連連數字科技股份有限公司,Financials,Other Financials,Payment Services,False,False,False,True,True,,,,,,,False,T+1,"Lianlian DigiTech Co Ltd is a China-based investment holding company primarily engaged in the provision of digital payment solution. The Company operates through four segments. The Global Payment segment mainly provides digital payment services such as pay-in, pay-out, acquiring, foreign exchange, virtual card, and payment aggregation services in cross-border and overseas markets. The Domestic Payment segment mainly provides digital payment services such as pay-in, pay-out, acquiring, foreign exchange, virtual card, and payment aggregation services within domestic market. The Value-added Services segment mainly provides payment-related business and technology services. The Others segment mainly provides property leasing services.",11027993200.0,1413845282.05,1642231898.74,210542551.12,335698986.0,83.2,4.070000171661377,64300000,657146000.0,84249487.18,64300000,1079060000.0,431314264.0,10.21,10.95,10.22,1.4,,,-7.63,18673892.5,1.32,9.800000190734863,9.4399995803833,9.90999984741211,9.279999732971191,-1.49,-2.97,4.80143,42.48,True,16.94,"11,184,000 Offer Shares reallocated from the International Offering to the retail tranche via clawback (5,592,000 -> 19,290,000 Shares), 30.0% of the Global Offering",30.0,-3.23,7459940.65,-4.79,8727959.18,-4.6,16158404.02,26/09/2024,-0.77,-12.13,-10.86,-11.45,-11.15,-9.98,-29.55,,,,,,,,,,,,,,,False,100.0,10112.0,True,China International Capital Corporation Hong Kong Securities Limited,,,2024-04-24,https://www1.hkexnews.hk/listedco/listconews/sehk/2024/0320/2024032000031.pdf,https://www1.hkexnews.hk/listedco/listconews/sehk/2024/0327/2024032703063.pdf,China International Capital Corporation  Hong Kong Securities Limited/ J.P. Morgan Securities (Far East) Limited,True,True,True,,,,,,,,,,False,
23/02/2024,23/04/2024,02555,CNE100006G23,"Sichuan Baicha Baidao Industrial Co., Ltd.",四川百茶百道實業股份有限公司,Consumer Staples,Food & Beverages,Non-alcoholic Beverages,False,False,False,True,True,,,,,,,False,T+1,"Sichuan Baicha Baidao Industrial Co Ltd is a China-based company mainly engaged in the development and sales of diversified tea beverage products. The Company's main business is to provide combinations of natural ingredients with Chinese tea drinks through franchisees and focus on the production and sales of tea drinks to customers. The Company operates its own product brand Chabaidao. The Company's products include classic tea drinks typically available throughout the year, and seasonal tea drinks and regional tea drinks only sold in limited time periods or certain regions, including milk tea, fresh fruit tea, juice, and others. The Company mainly conducts its business in the domestic market.",25858599375.0,3315205048.08,6659373149.9,853765788.45,226240580.0,15.36,4.519999980926514,147763400,2585859500.0,331520448.72,147763400,1477634250.0,1477634250.0,17.5,17.5,17.5,,,,-26.86,26904005.32,0.81,15.739999771118164,12.800000190734863,15.739999771118164,10.800000190734863,2.0,5.84,4.01637,13.75,False,0.5,Claw-back not triggered (subscription level below the reallocation threshold),,-32.46,7577176.52,-34.63,9753378.06,-35.66,17275852.96,22/10/2024,-2.62,-48.97,-45.09,-47.6,-48.0,-50.86,-52.8,,,,,,,,,,,,,,,False,100.0,4593.0,True,China International Capital Corporation Hong Kong Securities Limited,,,2024-05-18,https://www1.hkexnews.hk/listedco/listconews/sehk/2024/0415/2024041500022.pdf,https://www1.hkexnews.hk/listedco/listconews/sehk/2024/0422/2024042202135.pdf,China International Capital Corporation Hong Kong Securities Limited | Bookrunners/Lead Managers: OFFERING,False,True,True,,,,,,,,,,True,
30/06/2023,23/04/2024,02515,CNE100006CB6,"Tianjin Construction Development Group Co., Ltd.",天津建設發展集團股份公司,Properties & Construction,Construction,Heavy Construction & Engineering,False,False,False,True,True,,,,,,,False,T+1,"Tianjin Construction Development Group Co Ltd is a China-based company principally engaged in the provision of comprehensive construction services. The Company is primarily engaged in construction business, comprising municipal public construction works mainly including road construction and traffic facilities construction, foundation works mainly including foundation construction and earthworks, building construction related works mainly including building renovation and decoration and intelligent building construction, and petrochemical engineering works mainly including filling station upgrading and renovation, pipe installation and oil tank overhaul projects. The Company mainly conducts its businesses in the domestic market.",539486872.5,69164983.65,363569002.99,46611410.64,144537165.0,46.51,1.1699999570846558,53950000,134875000.0,17291666.67,53950000,215794749.0,310742749.0,,2.9,2.5,,,,-39.2,11013763.96,15.92,1.8799999952316284,1.5199999809265137,2.180000066757202,1.5199999809265137,2.0,5.84,4.01637,3.64,True,433.06,,50.0,-38.0,4667192.28,-39.2,6181520.48,-48.4,11555925.69,22/10/2024,-1.3,-84.8,-84.6,-84.6,-84.8,-85.4,-80.0,,,,,,,,,,,,,,,False,10.01,16354.0,True,,,,2024-05-18,https://www1.hkexnews.hk/listedco/listconews/sehk/2024/0415/2024041500009.pdf,https://www1.hkexnews.hk/listedco/listconews/sehk/2024/0422/2024042201767.pdf,China Everbright Capital Limited | Bookrunners/Lead Managers: Tianjin,False,False,True,,,,,,,,,,False,
01/12/2023,24/04/2024,02438,KYG6300A1040,Mobvoi Inc.,出門問問有限公司,Information Technology,Software & Services,Digital Solution Services,False,False,False,False,True,,,,,,,False,T+1,Mobvoi Inc is an investment holding company principally engaged in the provision of artificial intelligence (AI) software solutions and sale of smart devices and other accessories. The Company operates its businesses through two segments. The AI Software Solutions segment mainly includes the use of AI technologies to assist users to generate content and innovative full-stack AI-based solutions primarily to enterprise customers. The Smart Devices and Other Accessories segment is mainly engaged in the sale of smart devices. The Company mainly operates its businesses in the domestic and overseas markets.,5667675231.6,726625029.69,487885968.45,62549483.13,572809108.0,36.98,0.3149999976158142,84568000,360981000.0,46279615.38,84568000,1491493482.0,1548844356.0,3.7,4.1,3.8,25.0,,,-3.16,29224154.38,4.02,2.9800000190734863,3.680000066757202,3.759999990463257,2.9800000190734863,4.42,6.1,3.96542,-4.25,True,117.39,"33,827,000 Offer Shares reallocated from the International Offering to the retail tranche via clawback (8,457,000 -> 42,284,000 Shares), 43.48% of the Global Offering",43.48,-2.11,21572169.74,1.32,31488887.5,-5.26,76673132.64,23/10/2024,14.13,-72.37,-75.53,-75.79,-74.74,-73.68,-89.08,2.0,,False,False,False,,,,,,,,,,False,25.01,15352.0,True,China International Capital Corporation Hong Kong Securities Limited,2258000.0,3.39,2024-05-19,https://www1.hkexnews.hk/listedco/listconews/sehk/2024/0416/2024041600025.pdf,https://www1.hkexnews.hk/listedco/listconews/sehk/2024/0423/2024042301690.pdf,China International Capital Corporation Hong Kong Securities Limited/ CMB International Capital Limited,False,True,True,,,,,,,,,,False,
15/03/2024,16/05/2024,02556,KYG6000R1002,Marketingforce Management Ltd,邁富時管理有限公司,Information Technology,Software & Services,Application Software,False,False,False,False,True,,,,,,,False,T+1,"Marketingforce Management Ltd is an investment holding company primarily engaged in artificial intelligence (AI) application business. The Company operates through two segments. The AI Application Business segment primarily provides cloud-based marketing and sales services and intelligent talent management services. The Precision Marketing Services segment primarily provides marketing solutions. The AI applications business primarily launches products based on the Model + Data + Platform + Scenario architecture, including AI native operating system GenAI OS, the AI Agentforce intelligent agent mid platform 3.0, the KnowForce AI knowledge mid platform, and the Data-Agent Business Analysis Master. The Company primarily serves clients in consumer retail, automotive, finance, healthcare, cultural tourism, and manufacturing industries. The Company mainly conducts its businesses within domestic market.",10253154760.0,1314507020.51,8171327258.56,1047606058.79,98835612.0,36.92,30.520000457763672,5949700,259406920.0,33257297.44,5949700,235164100.0,267736800.0,42.0,45.0,43.6,53.3,,,18.46,5294125.16,0.4,45.0,51.650001525878906,56.0,45.0,19.25,18.58,4.19982,-7.96,True,5.95,Claw-back not triggered (subscription level below the reallocation threshold),10.0,36.7,4226562.41,40.02,6170314.32,91.4,35454053.1,14/11/2024,1.71,159.63,141.97,155.28,154.59,128.21,-6.77,,,,,,6.0,,,,,,,,,False,55.04,2576.0,False,,,,,https://www1.hkexnews.hk/listedco/listconews/sehk/2024/0507/2024050700011.pdf,https://www1.hkexnews.hk/listedco/listconews/sehk/2024/0514/2024051401235.pdf,China International Capital Corporation Hong Kong Securities Limited/ CCB International Capital Limited,False,True,True,,,,,,,,,,True,
15/03/2024,17/05/2024,02529,CNE100006G31,"Hollwin Urban Operation Service Group Co., Ltd",泓盈城市運營服務集團股份有限公司,Properties & Construction,Properties,Property Service and Management,False,False,False,True,True,,,,,,,False,T+1,"Hollwin Urban Operation Service Group Co Ltd is a China-based company principally engaged in the provision of urban service and operation. The Company primarily operates its businesses through three segments. Property Management Services segment is mainly engaged in the provision of management and operation services provided to commercial properties, residential properties, and public properties. City Services segment is mainly involved in the provision of lighting system operation services, municipal sanitation services, landscaping and engineering services, parking lot operation services and sublease of parking lot. Commercial Operation Services segment is mainly involved in the provision of commercial operation services such as tenant sourcing services, tenant management, rent collection services and sublease of commercial properties.",512000000.0,65641025.64,109600000.38,14051282.1,30792000.0,76.98,2.740000009536743,40000000,128000000.0,16410256.41,40000000,160000000.0,40000000.0,3.2,3.6,3.2,0.0,,,0.31,4765615.44,7.26,3.4600000381469727,3.2100000381469727,3.650000095367432,3.0999999046325684,20.32,19.67,4.24351,-11.68,True,47.59,"8,000,000 Offer Shares reallocated from the International Offering to the retail tranche via clawback (4,000,000 -> 12,000,000 Shares), 30.0% of the Global Offering",30.0,-14.06,2658539.74,-19.38,3017389.73,-7.5,5331053.22,15/11/2024,0.0,-10.0,-7.5,-10.0,-9.37,-4.69,-6.25,,,,,,,,,,,,,,,False,80.03,5727.0,False,,,,,https://www1.hkexnews.hk/listedco/listconews/sehk/2024/0508/2024050800029.pdf,https://www1.hkexnews.hk/listedco/listconews/sehk/2024/0516/2024051601339.pdf,China International Capital Corporation Hong Kong Securities Limited,False,True,False,,,,,,,,,,False,
09/02/2024,24/05/2024,02898,KYG8572S1021,"Sunho Biologics, Inc.",盛禾生物控股有限公司,Healthcare,Pharmaceuticals & Biotechnology,Biotechnology,True,False,False,False,True,,,,,,,False,T+1,"Sunho Biologics Inc is a company mainly engaged in the research, development and production of biotechnology. The Company is primarily engaged in the discovery, development and commercialization of biologics that modulate the immune microenvironment by directly modulating the innate and adaptive immune systems. The Company has three core products, namely IAH0968, IAP0971 and IAE0972. IAH0968 is an antibody-dependent cell-mediated cytotoxicity-enhancing monoclonal antibody. IAP0971 and IAE0972 are both antibody cytokines.",2115001800.0,271154076.92,1001100852.0,128346263.08,34367457.0,21.94,6.39,34151800,461049300.0,59108884.62,34151800,156666800.0,156666800.0,13.5,13.5,13.5,,,,7.56,5153483.24,1.9,14.460000038146973,14.520000457763672,15.420000076293944,14.100000381469728,8.18,11.26,4.49089,-10.09,True,10.08,Claw-back not triggered (subscription level below the reallocation threshold),10.0,-41.04,4167980.96,-47.41,6033880.94,-57.11,7053991.7,22/11/2024,0.0,-65.78,-65.48,-65.78,-65.78,-67.41,-60.89,,,,,,,,,,,,,,,False,7.82,7451.0,False,,,,,https://www1.hkexnews.hk/listedco/listconews/sehk/2024/0516/2024051600013.pdf,https://www1.hkexnews.hk/listedco/listconews/sehk/2024/0523/2024052301621.pdf,China International Capital Corporation Hong Kong Securities Limited,False,True,False,,,,,,,,,,False,
04/03/2024,27/05/2024,00917,KYG7388C1033,Qunabox Group Limited,趣致集團,Consumer Discretionary,Media & Entertainment,Advertising & Marketing,False,False,False,False,True,,,,,,,False,T+1,"Qunabox Group Ltd is a company principally engaged in the provision of artificial intelligence (AI) interactive marketing service. The Company operates through three segments, Marketing Services, Merchandise Sales and Other Services. Marketing Services segment mainly provides standardized marketing services and value-added marketing services, including customized AI interactive marketing services and data strategy services. Merchandise Sales segment primarily operates experiential vending machines selling fast-moving consumer goods. Other Services segment is mainly involved in information technology (IT) system development and software development services. The Company’s AI interactive and big data products include digital human shopping guide based on AI large language models, AI tactile interaction, AI emotion recognition, and flavor database and pre-scoring service for beverages and snack food.",6567636150.0,842004634.62,2206605700.97,282898166.79,96176751.0,36.31,8.329999923706055,19704000,492600000.0,63153846.15,19704000,262705446.0,264898646.0,25.0,29.7,25.0,0.0,,,246.4,4967287.09,0.59,86.0,86.5999984741211,88.0,84.5,6.66,12.13,4.49125,-3.21,True,12.05,Claw-back not triggered (subscription level below the reallocation threshold),,382.0,99562601.03,354.8,165653785.11,436.8,408922130.98,25/11/2024,,246.4,,,312.0,348.0,246.4,,,,,,,,,,,,,,,False,60.02,5765.0,False,,,,,https://www1.hkexnews.hk/listedco/listconews/sehk/2024/0517/2024051700009.pdf,https://www1.hkexnews.hk/listedco/listconews/sehk/2024/0524/2024052401848.pdf,Haitong International Capital Limited,False,True,False,,,,,,,,,,True,
27/02/2024,28/05/2024,02505,KYG2993S1066,EDA GROUP HOLDINGS LIMITED,EDA集團控股有限公司,Industrials,Commercial & Professional Services,Sourcing & Supply Chain Service,False,False,False,False,True,,,,,,,False,T+1,"EDA Group Holdings Ltd is a China-based holding company primarily engaged in providing one-stop end-to-end supply chain solutions. The Company's one-stop end-to-end solution covers international freight services as well as fulfillment services. The Company's solutions include cross-border logistics, overseas warehousing, and fulfillment and delivery services.",1003063200.0,128597846.15,321040632.76,41159055.48,87065431.0,19.53,0.7200000286102295,97625000,222584999.99999997,28536538.46,97625000,439940000.0,463315750.0,2.28,3.06,2.28,0.0,,,84.21,18112871.79,14.08,3.0899999141693115,4.199999809265137,4.409999847412109,2.8299999237060547,6.63,13.81,4.50726,5.79,True,103.44,,15.2,50.88,15110325.94,35.09,17077506.61,95.18,33789733.31,26/11/2024,0.44,-0.0,0.44,-0.44,3.07,0.44,22.81,,,,,,,,,,,,,,,False,10.01,9929.0,True,,,,2024-06-22,https://www1.hkexnews.hk/listedco/listconews/sehk/2024/0519/2024051900033.pdf,https://www1.hkexnews.hk/listedco/listconews/sehk/2024/0527/2024052701491.pdf,CMB International Capital Limited,False,True,False,,,,,,,,,,False,
06/02/2024,31/05/2024,02443,KYG0670R1020,Autostreets Development Limited,汽車街發展有限公司,Consumer Discretionary,Support Services,Other Support Services,False,False,False,False,True,,,,,,,False,T+1,"Autostreets Development Ltd is an investment holding company mainly engaged in the provision of used vehicles trading services. The Company operates five segments. The Used Vehicle Auction Business segment mainly provides used car transaction services through online-offline integrated auction model. The Used Vehicle Value-added Services segment mainly provides various used vehicle value-added services, including pre-acquisition inspection and appraisal, used vehicle acquisition assistance, title transfer, used vehicle information lookup and re-inspection. The Arrangement for Sale of Used Vehicles segment mainly acts as an agent for the entrusting party, disposing of used vehicles that the entrusting party entrusts to the Company for sale. The Exhibition Related Services segment mainly provides auto shows and exhibitions hosting, and advertisement services. The Others Business segment mainly provides title transfer services and Global Positioning System (GPS) installation services.",8493156765.6,1088866252.0,1315606671.97,168667522.05,483060781.0,58.01,1.5800000429153442,15000000,152999999.99999997,19615384.62,15000000,832662428.0,832662428.0,,11.2,10.2,,,,26.86,12783724.2,1.17,14.5,12.9399995803833,16.920000076293945,12.600000381469728,1.78,8.98,4.47411,27.64,True,433.34,,20.0,30.39,6819977.68,12.55,10028059.69,-21.57,16583881.2,29/11/2024,-6.54,-41.18,-33.33,-37.06,-35.88,-33.33,-63.24,,,,,,,,,,,,,,,False,5.01,19474.0,False,,,,,https://www1.hkexnews.hk/listedco/listconews/sehk/2024/0523/2024052300027.pdf,https://www1.hkexnews.hk/listedco/listconews/sehk/2024/0530/2024053001320.pdf,CITIC Securities (Hong Kong) Limited/ Haitong International Capital Limited,False,True,True,,,,,,,,,,False,
22/04/2024,07/06/2024,02550,KYG2904J1040,Easou Technology Holdings Limited,宜搜科技控股有限公司,Consumer Discretionary,Media & Entertainment,Interactive Media & Services,False,False,False,False,True,,,,,,,False,T+1,"Easou Technology Holdings Ltd is an investment holding company primarily engaged in the provision of digital service. The Company mainly operates four businesses. The online reading platform services analyze users’ reading habits and preferences through learning algorithms to provide users with personalized literary content. The digital marketing services use big data analysis technology to grasp the characteristics of users’ interest and in line with advertisers’ needs, enable the accurate matching of advertising. The online games publishing services select game products based on a market performance evaluation system, and make game recommendation and distribution through user behavior analysis. The other digital content services push value-added services of telecom operators to customers, including various digital content such as music and ringing tones.",1907836015.2,244594360.92,863423590.95,110695332.17,297090049.0,65.72,1.909999966621399,14802500,85854500.0,11006987.18,14802500,328937244.0,449503244.0,5.8,8.0,5.8,0.0,,,91.72,7927276.84,3.24,8.5,11.119999885559082,11.600000381469728,8.5,0.29,12.31,4.51054,29.74,True,114.59,,13.17,218.62,10632061.29,191.03,12602225.36,207.24,21161513.03,06/12/2024,-8.99,77.93,86.55,95.52,16.38,8.45,-37.59,,,,,,,,,,,,,,,False,10.02,9239.0,False,,,,,https://www1.hkexnews.hk/listedco/listconews/sehk/2024/0530/2024053000009.pdf,https://www1.hkexnews.hk/listedco/listconews/sehk/2024/0606/2024060602135.pdf,BOCI Asia Limited,False,True,False,,,,,,,,,,False,
13/05/2024,07/06/2024,02522,CNE100006HX9,"Jiangxi Rimag Group Co., Ltd.",江西一脈陽光集團股份有限公司,Healthcare,Other Healthcare,Medical & Aesthetic Services,False,False,False,True,True,,,,,,,False,T+1,"Jiangxi Rimag Group Co Ltd is a China-based company primarily engaged in the medical imaging specialty medical business. The Company mainly provides medical imaging services and solutions. The Company operates in three segments. Imaging Center Services segment provides imaging examination and diagnostic services in form of flagship imaging centers, regional collaborative imaging centers, remote diagnosis and artificial intelligence (AI) diagnosis services. Imaging Solution Services segment mainly includes imaging equipment and software solutions and imaging capability improvement services. Digital-Intelligence Services segment mainly includes sales of products and solutions related to data processing and digital-intelligence platform services.",5337551243.36,684301441.46,1372743958.25,175992815.16,206823574.0,71.72,4.760000228881836,17816000,266883680.0,34215856.41,17816000,356311832.0,288391574.0,14.6,16.8,14.98,17.3,,,0.13,23592884.62,3.45,15.0,15.0,16.959999084472656,14.079999923706056,0.29,12.31,4.51054,52.59,True,336.33,"7,126,000 Offer Shares reallocated from the International Offering to the retail tranche via clawback (1,782,000 -> 8,908,000 Shares), 50.0% of the Global Offering",50.0,26.7,14864500.37,28.3,22812938.69,16.82,42958864.51,06/12/2024,-2.63,245.46,250.8,254.81,265.82,272.5,-3.34,,,,,,,,,,,,,,,False,3.01,17855.0,False,,,,,https://www1.hkexnews.hk/listedco/listconews/sehk/2024/0530/2024053000044.pdf,https://www1.hkexnews.hk/listedco/listconews/sehk/2024/0606/2024060602117.pdf,CITIC Securities (Hong Kong) Limited,False,True,False,,,,,,,,,,False,
30/11/2023,13/06/2024,02228,KYG7S12M1051,QuantumPharm Inc.,晶泰控股有限公司,Healthcare,Pharmaceuticals & Biotechnology,Biotechnology,False,True,False,False,True,,,,,,,False,T+1,"XtalPi Holdings Ltd is a holding company primarily engaged in the provision of drug and material science research and development solutions and services in the pharmaceutical and material science industries. The Company mainly operates two businesses. Drug discovery solutions primarily encompass the development of early-stage lead compounds and investigational new drugs, providing research support for clinical trial initiation. Intelligent robotics solutions primarily include solid-state research and development services and automated chemical synthesis services. The Company conducts its business in the domestic and overseas markets.",17987760178.08,2306123099.75,32920793971.65,4220614611.75,3386667508.0,78.7,7.65,187373000,1035772320.0,132791323.08,187373000,3406772761.0,4303371761.0,5.03,6.03,5.28,25.0,,,9.85,63562350.81,2.76,5.389999866485596,5.800000190734863,6.579999923706055,5.309999942779541,-5.04,8.32,4.50952,50.73,True,103.35,"28,106,000 Offer Shares reallocated from the International Offering to the retail tranche via clawback (9,369,000 -> 37,475,000 Shares), 20.0% of the Global Offering",20.0,0.0,13866523.47,0.38,17833607.59,3.6,46813928.52,12/12/2024,10.1,-17.42,-17.99,-25.0,-25.38,-9.47,15.34,2.0,,False,False,False,,,,,,,,,,False,20.0,19602.0,True,CLSA Limited,19309000.0,5.165,2024-07-07,https://www1.hkexnews.hk/listedco/listconews/sehk/2024/0604/2024060400065.pdf,https://www1.hkexnews.hk/listedco/listconews/sehk/2024/0612/2024061201745.pdf,CITIC Securities (Hong Kong) Limited,False,True,False,,,,,,,,,,True,
05/12/2023,14/06/2024,02512,KYG2216G1038,Cloud Factory Technology Holdings Limited,雲工場科技控股有限公司,Information Technology,Software & Services,Internet Services and Infrastructure,False,False,False,False,True,,,,,,,False,T+1,"Cloud Factory Technology Holdings Ltd is a China-based company principally engaged in the provision of Internet Data Centre (IDC) solution services, edge computing services, and information communications technology (ICT) services and other services. Its Internet data center solution services include colocation services and infrastructure management services. Its edge computing services include CDN services, EdgeAIoT Services and other edge functionality which has been traditionally delivered by hardware-centric appliances. Its ICT services and other services include information communications technology solution, system development and maintenance, consultation services and provision of cloud computing hardware resources to its clients.",2116000000.0,271282051.28,1414135622.86,181299438.83,124539806.0,25.98,2.950000047683716,115000000,529000000.0,67820512.82,115000000,460000000.0,479368000.0,4.6,4.6,4.6,,,,-17.39,14264906.54,5.26,4.369999885559082,3.799999952316284,4.650000095367432,3.660000085830689,-5.93,7.3,4.50881,42.56,True,25.79,"23,000,000 Offer Shares reallocated from the International Offering to the retail tranche via clawback (11,500,000 -> 34,500,000 Shares), 30.0% of the Global Offering",30.0,-15.65,7596561.48,-17.39,10211048.67,-17.61,17014758.62,13/12/2024,0.0,-34.78,-34.78,-34.78,-39.13,-39.13,-14.13,,,,,,,,,,,,,,,False,100.0,8846.0,True,,,,2024-07-11,https://www1.hkexnews.hk/listedco/listconews/sehk/2024/0605/2024060500041.pdf,https://www1.hkexnews.hk/listedco/listconews/sehk/2024/0613/2024061301165.pdf,SPDB International Capital Limited | Bookrunners/Lead Managers: IMPORTANT,False,False,True,,,,,,,,,,False,
04/03/2024,18/06/2024,02881,KYG9590P1046,Wuhan Youji Holdings Ltd.,武漢有機控股有限公司,Materials,Basic Materials,Specialty Chemicals,False,False,False,False,True,,,,,,,False,T+1,"Wuhan Youji Holdings Ltd is a holding company primarily engaged in the production of toluene derivatives. The Company mainly focuses on manufacturing toluene oxidation and chlorination products, benzoic acid ammoniation products and other chemical products through organic synthesis processes. The Company's products are used in food preservatives, household chemicals, animal feed acidifiers, and synthetic intermediates for agrochemical and pharmaceutical applications. The Company’s products are sold to many countries and regions.",513150000.0,65788461.54,1089744028.47,139710772.88,30611730.0,32.81,11.68000030517578,18300000,100650000.0,12903846.15,18300000,93300000.0,93300000.0,5.5,8.5,5.5,0.0,,,27.64,8557649.98,13.01,9.880000114440918,7.019999980926514,10.300000190734863,6.800000190734863,-8.38,8.3,4.52768,22.24,True,337.57,,17.78,15.45,2696982.04,12.73,3495305.11,-10.18,5116646.14,17/12/2024,2.71,-3.64,-5.64,-6.18,-4.73,-0.36,24.36,,,,,,,,,,,,,,,False,5.01,13111.0,True,,,,2024-07-13,https://www1.hkexnews.hk/listedco/listconews/sehk/2024/0607/2024060700013.pdf,https://www1.hkexnews.hk/listedco/listconews/sehk/2024/0617/2024061701156.pdf,BOCOM International (Asia) Limited | Bookrunners/Lead Managers: IMPORTANT,False,False,True,,,,,,,,,,False,
19/03/2024,28/06/2024,02559,KYG2866S1003,Dida Inc.,嘀嗒出行,Consumer Discretionary,Travel & Leisure,Transportation,False,False,False,False,True,,,,,,,False,T+1,"Dida Inc is a company principally engaged in provision of carpooling marketplace services and smart taxi services. The Company operates its businesses primarily through three segments. The Provision of Carpooling Marketplace Services segment is mainly engaged in the app-based carpooling marketplace, which facilitates private car owners to share idle space in their personal cars with riders with similar travel itineraries. The Provision of Taxi Related Services segment is mainly engaged in the provision of online-hailing solutions to taxi driver apps and passenger-oriented apps. The Provision of Advertising and Related Services segment is mainly engaged in providing advertising services by selling in-app advertising spaces either directly to third-party merchants or through advertising service providers.",5963879118.0,764599886.92,2452814909.82,314463449.98,356246010.0,34.71,2.390000104904175,39091000,234546000.0,30070000.0,39091000,993979853.0,1026282344.0,5.0,7.0,6.0,50.0,,,-22.5,15636519.55,2.05,5.230000019073486,4.650000095367432,5.900000095367432,4.650000095367432,-4.1,7.12,4.61024,22.39,True,112.9,"15,636,000 Offer Shares reallocated from the International Offering to the retail tranche via clawback (3,909,500 -> 19,545,500 Shares), 43.48% of the Global Offering",43.48,-45.67,6339952.48,-51.33,7813424.26,-60.83,9929590.93,27/12/2024,-1.53,-67.83,-67.33,-67.33,-70.33,-70.83,-81.17,,,,,,,,,,,,,,,False,10.0,19815.0,True,China International Capital Corporation Hong Kong Securities Limited,,,2024-07-25,https://www1.hkexnews.hk/listedco/listconews/sehk/2024/0620/2024062000015.pdf,https://www1.hkexnews.hk/listedco/listconews/sehk/2024/0627/2024062701882.pdf,China International Capital Corporation Hong Kong Securities Limited/ Haitong International Capital Limited/ Nomura International (Hong Kong) Limited,True,True,True,,,,,,,,,,False,
13/05/2024,28/06/2024,06181,CNE100006JG0,"Laopu Gold Co., Ltd.",老鋪黃金股份有限公司,Consumer Discretionary,Textiles & Clothing,Jewellery & Timepieces,False,False,False,True,True,,,,,,,False,T+1,"Laopu Gold Co Ltd is a China-based company engaged in manufacture and sale of jewelry and provision of maintenance and repair services. The Company specializes in heritage gold jewelry, and its business encompasses independent product design and development, manufacturing, and omni-channel retailing. The Company’s products include heritage gold jewelry, stationary ornaments and daily use vessels. The Company sells gold jewelry such as pure gold jewelry and gem-set jewelry, as well as non-gold jewelry products primarily made of gemstones, and provides maintenance and repair services for its jewelry products. The Company mainly conducts its businesses in the domestic market.",6682961700.0,856789961.54,49722795507.89,6374717372.81,44248819.0,30.83,346.3999938964844,22368900,1041830100.0,133567961.54,22368900,165011400.0,143541560.0,40.5,40.5,40.5,,,,72.84,160196794.87,18.7,64.5,70.0,75.5999984741211,60.95000076293945,-4.1,7.12,4.61024,-0.45,True,582.15,"7,780,500 Offer Shares reallocated from the International Offering to the retail tranche via clawback (1,945,200 -> 11,184,500 Shares), 43.48% of the Global Offering",43.48,105.56,44290027.31,110.37,55376236.14,97.9,88797377.91,27/12/2024,3.32,422.96,421.98,406.17,501.48,500.0,2388.89,,,,,,6.0,,,,,,,,,False,3.39,42474.0,True,China Securities (International) Corporate Finance Company Limited,0.0,,2024-07-25,https://www1.hkexnews.hk/listedco/listconews/sehk/2024/0620/2024062000017.pdf,https://www1.hkexnews.hk/listedco/listconews/sehk/2024/0627/2024062702334.pdf,China Securities (International) Corporate Finance Company Limited,False,True,False,,,,,,,,,,True,
28/02/2024,28/06/2024,02479,CNE100006F65,"Tianju Dihe (Suzhou) Technology Co., Ltd.",天聚地合(蘇州)科技股份有限公司,Information Technology,Software & Services,Digital Solution Services,False,False,False,True,True,,,,,,,False,T+1,"Tianju Dihe Suzhou Technology Co Ltd is a China-based company principally engaged in Application Programming Interface (API) data circulation service business. The Company's main business includes providing API marketplace services and data management solutions. The API provided by the Company through the API market mainly includes query and retrieval data results, such as identity authentication, mobile online status, online duration, information on companies, and certain publicly available information such as weather conditions, Short Message Service (SMS) notification reminders provide services to enable end-users to subscribe for SMS alerts, status updates and promotions and top-up, mainly for mobile phone top-ups. Data management solutions are mainly provided to corporate and government organizations, including external data management, data stewardship, and data circulation.",4176349606.0,535429436.67,3257683000.0,417651666.67,13828614.0,27.59,65.0,4818200,401500606.0,51474436.67,4818200,50118200.0,50118200.0,83.33,83.33,83.33,,,,-27.82,12496162.82,2.33,113.0,60.150001525878906,117.1999969482422,60.099998474121094,-4.1,7.12,4.61024,14.09,True,602.87,"405,050 Offer Shares reallocated from the International Offering to the retail tranche via clawback (481,850 -> 886,900 Shares), 18.41% of the Global Offering",18.41,-9.28,8317132.56,-22.0,9172898.58,-11.14,13254089.33,27/12/2024,-8.61,-6.4,-1.0,2.42,-5.44,-6.1,-22.0,,,,,,,,,,,,,,,False,1.28,36119.0,False,,,,,https://www1.hkexnews.hk/listedco/listconews/sehk/2024/0620/2024062000191.pdf,https://www1.hkexnews.hk/listedco/listconews/sehk/2024/0627/2024062702312.pdf,CITIC Securities (Hong Kong) Limited | Bookrunners/Lead Managers: IMPORTANT,False,True,True,,,,,,,,,,False,
26/03/2024,03/07/2024,01354,CNE100006HY7,"Xi’an Kingfar Property Services Co., Ltd.",西安經發物業股份有限公司,Properties & Construction,Properties,Property Service and Management,False,False,False,True,True,,,,,,,False,T+1,"XiAn Kingfar Property Services Co Ltd is a China-based company mainly engaged in city services and property management services. The Company has three main businesses. The city services mainly provide public property management services, municipal management services and municipal value-added services. Public properties include government buildings, education institutes and hospitals. Municipal properties includes public facilities and infrastructure. Municipal value-added services cover government buildings. The residential property management services provide basic property management services and value-added services for residential properties. The commercial property management services provide basic property management services and value-added services for office buildings, industrial parks and factories. The Company mainly conducts business in the domestic market.",500001000.0,64102692.31,133333600.0,17094051.28,3156006.0,4.73,2.0,16666800,125001000.0,16025769.23,16666800,66666800.0,16666800.0,7.5,9.3,7.5,0.0,,,-11.47,2847283.02,4.44,7.650000095367432,6.639999866485596,7.650000095367432,6.099999904632568,-2.31,7.49,4.51423,6.55,True,118.87,Claw-back not triggered (subscription level below the reallocation threshold),18.01,-23.6,909449.62,-24.0,1105335.01,6.27,6759265.32,01/01/2025,1.45,272.67,300.0,267.33,246.67,246.67,-17.47,1.0,,False,False,False,,,,,,,,,,False,3.79,7071.0,True,,,,2024-07-27,https://www1.hkexnews.hk/listedco/listconews/sehk/2024/0624/2024062400007.pdf,https://www1.hkexnews.hk/listedco/listconews/sehk/2024/0702/2024070203671.pdf,CEB International Capital Corporation Limited | Bookrunners/Lead Managers: IMPORTANT,False,False,True,,,,,,,,,,False,
27/03/2024,03/07/2024,02545,KYG98Y7A1021,Zhonggan Communication (Group) Holdings Limited,中贛通信(集團)控股有限公司,Telecommunications,Telecommunications,Satellite & Wireless Communication,False,False,False,False,True,,,,,,,False,T+1,"Zhonggan Communication Group Holdings Ltd is an investment holding company principally engaged in the provision of telecommunications infrastructure services and digitalisation solution services. The telecommunications infrastructure services include infrastructure construction services and infrastructure maintenance services. The infrastructure construction services mainly involve the construction, adaptation and installation works of network infrastructure along the entire telecommunications network, such as base stations and auxiliary facilities engineering services, and power grid connection services, cable installation services. The infrastructure maintenance services mainly involve carrying out routine basic maintenance, repairs and restoration works and emergency trouble-shooting to the telecommunications infrastructure. The digitalisation solution services include integrated solution services, system maintenance services and software solution services.",800000000.0,102564102.56,256000003.81,32820513.31,207014400.0,32.35,0.4000000059604645,160000000,200000000.0,25641025.64,160000000,640000000.0,640000000.0,1.13,1.25,1.25,100.0,,,-46.4,11298605.41,11.02,0.7599999904632568,0.6700000166893005,0.8299999833106995,0.6499999761581421,-2.31,7.49,4.51423,7.74,True,195.99,,50.0,-64.4,7733769.25,-63.6,10556052.67,-69.6,17566771.93,01/01/2025,-4.62,-75.2,-73.2,-74.0,-76.0,-74.8,-69.6,,,,,,,,,,,,,,,False,70.01,14245.0,True,,,,2024-07-27,https://www1.hkexnews.hk/listedco/listconews/sehk/2024/0621/2024062100099.pdf,https://www1.hkexnews.hk/listedco/listconews/sehk/2024/0702/2024070203581.pdf,Zhongtai International Capital Limited,False,True,False,,,,,,,,,,False,
09/02/2024,09/07/2024,06657,CNE100006K01,"BAIWANG CO., LTD.",百望股份有限公司,Information Technology,Software & Services,Application Software,False,False,False,True,True,,,,,,,False,T+1,"Baiwang Co Ltd is a China-based company primarily engaged in the provision of enterprise digitalization solutions. The Company is mainly engaged in the provision of cloud-based software-as-a-service (SaaS) solutions and on-premises solutions for financial and tax compliance management, data-driven analytics services as well as other enterprise needs. The Cloud financial & tax digitalization solutions mainly include tax invoice compliance management solutions, financial and tax management solutions, and supply chain collaboration solutions. The Data-driven analytics services include digital precision marketing services and risk management services. The on-premises financial & tax digitalization solutions provide services through the proprietary software product.",8132643144.0,1042646556.92,3388601310.0,434436065.38,85051634.0,37.65,15.0,9262000,333432000.0,42747692.31,9262000,225906754.0,225906754.0,36.0,40.0,36.0,0.0,,,8.06,5171206.61,0.5,32.0,38.900001525878906,39.70000076293945,28.0,-4.59,2.24,4.59494,-7.07,True,6.58,Claw-back not triggered (subscription level below the reallocation threshold),10.0,0.0,5104188.43,-4.86,5637924.34,-12.22,6415713.45,07/01/2025,0.84,-0.28,-1.67,-1.11,-0.83,-0.83,-36.67,,,,,,,,,,,,,,,False,40.01,3809.0,True,,,,2024-08-03,https://www1.hkexnews.hk/listedco/listconews/sehk/2024/0628/2024062800069.pdf,https://www1.hkexnews.hk/listedco/listconews/sehk/2024/0708/2024070801055.pdf,Haitong International Capital Limited | Bookrunners/Lead Managers: IMPORTANT,False,True,True,,,,,,,,,,False,
28/02/2024,09/07/2024,06086,,Fangzhou Inc.,方舟云康控股有限公司,,,,False,False,False,False,True,,,,,,,False,T+1,,10963387798.26,1405562538.24,942104960.67,120782687.27,861470311.0,62.18,0.6800000071525574,23800000,194684000.0,24959487.18,23800000,1340267457.0,,7.6,8.36,8.18,76.3,,,-44.62,5744969.5,0.41,4.679999828338623,4.53000020980835,4.949999809265137,4.300000190734863,-4.59,2.24,4.59494,-0.96,True,16.63,"4,760,000 Offer Shares reallocated from the International Offering to the retail tranche via clawback (2,380,000 -> 7,140,000 Shares), 30.0% of the Global Offering",30.0,-33.99,5534064.25,-43.77,6258505.26,-47.19,12358123.32,07/01/2025,-11.13,-47.31,-33.37,-40.71,-48.41,-45.84,-54.16,,,,,,,,,,,,,,,False,40.04,4371.0,True,,3570000.0,5.5,2024-08-03,https://www1.hkexnews.hk/listedco/listconews/sehk/2024/0628/2024062800041.pdf,https://www1.hkexnews.hk/listedco/listconews/sehk/2024/0708/2024070801101.pdf,Citigroup Global Markets Asia Limited/ ABCI Capital Limited,True,False,True,,,,,,,,,,False,
12/01/2024,10/07/2024,02495,CNE100006K19,"Shanghai Voicecomm Information Technology Co., Ltd. .",聲通科技股份有限公司,Information Technology,Software & Services,Digital Solution Services,False,False,False,True,True,,,,,,,False,T+1,"Voicecomm Technology Co Ltd, formerly Hubei Voicecomm Technology Co Ltd, is a China-based company principally engaged in providing information technology (IT) solution services. The Company's main businesses are provision of on-premised integrated Conversational artificial intelligence (AI) solutions, including software license, hardware and services. The Company mainly provides services for enterprise-level users, providing solutions in a number of end-customer industries, mainly including city management and administration, automotive and transportation, telecommunications, and finance. The Company's products include Voice over Long-Term Evolution (VoLTE) video customer service, Internet video customer service, intelligent video inspection platform and digital human all-in-one machine.",5388125769.0,690785355.0,1178733978.49,151119740.83,20712746.0,72.61,41.31999969482422,4365660,679123458.0,87067110.0,4365660,35424890.0,32661809.0,152.1,152.1,152.1,,,,-11.24,4101923.08,0.59,135.0,135.0,139.89999389648438,121.0,-4.87,2.2,4.6,-24.45,True,3.51,Claw-back not triggered (subscription level below the reallocation threshold),,-4.54,2698993.9,-6.71,2991534.4,23.93,9995515.03,08/01/2025,-5.89,38.59,34.65,47.27,39.78,38.33,-54.83,,,,,,6.0,,,,,,,,,False,34.86,2734.0,True,China International Capital Corporation Hong Kong Securities Limited,91340.0,135.5,2024-08-04,https://www1.hkexnews.hk/listedco/listconews/sehk/2024/0628/2024062800079.pdf,https://www1.hkexnews.hk/listedco/listconews/sehk/2024/0709/2024070901049.pdf,China International Capital Corporation  Hong Kong Securities Limited,False,True,False,,,,,,,,,,False,
28/03/2024,10/07/2024,01334,KYG7714G1091,RUICHANG INTERNATIONAL HOLDINGS LIMITED,瑞昌國際控股有限公司,Energy,Oil & Gas,Oil & Gas Equipment & Services,False,False,False,False,True,,,,,,,False,T+1,"Ruichang International Holdings Ltd is an investment holding company primarily engaged in the manufacture and sale of petroleum refinery and petrochemical equipment. The Company’s products primarily include sulphur recovery equipment, volatile organic compound incineration equipment, catalytic cracking equipment, process burners and heat exchangers. The Company is also engaged in the provision of equipment installation services. The Company primarily conducts its business in the domestic market.",525000000.0,67307692.31,600000023.84,76923079.98,130520000.0,26.1,1.2000000476837158,125000000,131250000.0,16826923.08,125000000,500000000.0,500000000.0,1.05,1.39,1.05,0.0,,,14.29,6148461.78,9.13,1.2999999523162842,1.2000000476837158,1.5499999523162842,1.159999966621399,-4.87,2.2,4.6,-21.13,True,19.24,,,11.43,2411916.68,9.52,2872650.65,-15.24,7392051.22,08/01/2025,3.26,-9.52,-11.43,-12.38,-8.57,-11.43,-4.76,,,,,,,,,,,,,,,False,20.01,5537.0,True,,,,2024-08-04,https://www1.hkexnews.hk/listedco/listconews/sehk/2024/0628/2024062800081.pdf,https://www1.hkexnews.hk/listedco/listconews/sehk/2024/0709/2024070901007.pdf,First Shanghai Capital Limited | Bookrunners/Lead Managers: IMPORTANT,False,False,True,,,,,,,,,,False,
25/03/2024,10/07/2024,09680,KYG2087S1030,Chenqi Technology Limited,如祺出行,Consumer Discretionary,Travel & Leisure,Transportation,False,False,False,False,True,,,,,,,False,T+1,"Chenqi Technology Ltd is a company principally engaged in the provision of ride-hailing services. The Company mainly conducts its businesses through three segments. The Mobility Services Business segment is mainly engaged in the provision of ride-hailing services, riders ride-hailing services fulfilled by driverless shared mobility vehicles (Robotaxi) services performed by unmanned shared travel vehicles, hitch services and other related services. The Technology Services Business segment is mainly engaged in the provision of technology services. The Fleet Sale and Maintenance Business segment is mainly engaged in the sale of vehicles, provision of repair and maintenance services and other related services. The Company mainly operates its businesses in Chinese markets.",7143984820.0,915895489.74,1224683112.0,157010655.38,83137613.0,40.73,6.0,30004800,1050168000.0,134636923.08,30004800,204113852.0,204113852.0,34.0,45.4,35.0,8.8,,,-3.14,10319073.54,1.13,30.0,33.900001525878906,35.20000076293945,30.0,-4.87,2.2,4.6,-15.98,False,0.6,Claw-back not triggered (subscription level below the reallocation threshold),6.01,-1.43,4988333.33,-20.57,6138647.42,-13.43,14829609.46,08/01/2025,-0.79,-64.0,-63.71,-63.71,-64.17,-66.97,-71.49,,,,,,12.0,,,,,,,,,False,100.0,1467.0,False,,,,,https://www1.hkexnews.hk/listedco/listconews/sehk/2024/0628/2024062800065.pdf,https://www1.hkexnews.hk/listedco/listconews/sehk/2024/0709/2024070901101.pdf,China International Capital Corporation Hong Kong Securities Limited/ Huatai Financial Holdings (Hong Kong) Limited/ ABCI Capital Limited | Bookrunners/Lead Managers: IMPORTANT,False,True,True,,,,,,,,,,False,
06/03/2024,12/07/2024,02507,KYG2151G1001,Cirrus Aircraft Limited,西銳飛機有限公司,Industrials,Industrial Engineering,Aerospace & Defence,False,False,False,False,True,,,,,,,False,T+1,"Cirrus Aircraft Limited designs, develops, manufactures and sells premium aircraft recognized across the personal aviation industry. It offers two aircraft product lines: the SR2X Series, its single-engine piston aircraft, primarily for retail customers, which comprises three models: the SR20, the SR22 and the SR22T, with specialized configurations for fleet and other specific applications; and the Vision Jet, its single-engine jet aircraft primarily for retail customers and to a lesser extent charter operational use. It provides a range of products and services which include maintenance, upgrades, training, pilot services, Cirrus IQ connectivity, and e-commerce. Vision Jet is designed for owners to fly at jet speed without requiring support from a full-time professional pilot or flight department. Its SR Series and the Vision Jet come equipped with its two safety technologies: the Cirrus Airframe Parachute System (CAPS), and Safe Return, an emergency Autoland system.",10060578495.0,1289817755.77,12333823445.83,1581259416.13,72524344.0,19.82,33.70000076293945,54875900,1513201250.0,194000160.26,54875900,365839218.0,365988818.0,27.34,28.0,27.5,24.2,,,0.0,22533813.78,1.75,27.5,27.5,27.5,26.049999237060547,1.98,9.4,4.6,-7.33,True,1.56,Claw-back not triggered (subscription level below the reallocation threshold),10.0,-8.55,10591255.77,-10.36,11432073.7,-6.91,17770781.15,10/01/2025,-1.71,-26.91,-27.27,-25.64,-26.55,-27.27,69.09,,,,,,,,,,,,,,,False,100.0,4795.0,True,China International Capital Corporation Hong Kong Securities Limited,5338000.0,25.45,2024-08-08,https://www1.hkexnews.hk/listedco/listconews/sehk/2024/0628/2024062800083.pdf,https://www1.hkexnews.hk/listedco/listconews/sehk/2024/0711/2024071101139.pdf,China International Capital Corporation  Hong Kong Securities Limited | Bookrunners/Lead Managers: C I R R U S A I R C R A F T L I M I T E D,False,True,True,,,,,,,,,,True,
18/03/2024,15/07/2024,02531,KYG3940A1076,GL-Carlink Technology Holding Limited,廣聯科技控股有限公司,Information Technology,Software & Services,Digital Solution Services,False,False,False,False,True,,,,,,,False,T+1,"GL-Carlink Technology Holding Ltd, formerly Carlink International Ltd, is an investment holding company primarily engaged in the provision of automotive-related products and services. The Company primarily provides in-vehicle hardware and software-as-a-service (SaaS) marketing and management services to participants in the automotive aftermarket industry. The Company is primarily engaged in the sales of in-vehicle hardware products and the provision of SaaS marketing and management services, including SaaS subscription services and SaaS value-added services. The in-vehicle hardware products include in-vehicle infotainment system product, in-vehicle safety system products, and core board, which embedded with proprietary software. The Company mainly conducts its businesses in the domestic market.",1723020000.0,220900000.0,1096134003.5,140530000.45,135740982.0,37.03,2.990000009536743,63600000,298920000.0,38323076.92,63600000,366600000.0,366600000.0,4.7,5.3,4.7,0.0,,,2.13,3005538.58,1.36,5.480000019073486,4.800000190734863,5.599999904632568,4.71999979019165,0.41,10.87,4.6,-8.94,True,2.49,Claw-back not triggered (subscription level below the reallocation threshold),10.0,37.02,4534161.65,55.96,7656312.32,46.38,19928894.64,13/01/2025,2.39,538.3,515.96,523.4,531.91,503.19,283.83,,,,,,,,,,,,,,,False,100.0,2613.0,False,,,,,https://www1.hkexnews.hk/listedco/listconews/sehk/2024/0628/2024062800067.pdf,https://www1.hkexnews.hk/listedco/listconews/sehk/2024/0712/2024071201219.pdf,CCB International Capital Limited,False,True,False,,,,,,,,,,False,
03/04/2024,06/08/2024,01471,CNE100006L26,"Zhongmiao Holdings (Qingdao) Co., Ltd.",眾淼控股（青島）股份有限公司,Financials,Insurance,Insurance,False,False,False,True,True,,,,,,,False,T+1,"Zhongmiao Holdings Qingdao Co Ltd is a China-based company primarily engaged in the provision of insurance agency service and solutions. The Company conducts its business through three segments. The Insurance Agency Business segment is engaged in distributing four categories of insurance products including property insurance products, life and health insurance products, accident insurance products and automobile insurance products. The Information Technology (IT) services segment is engaged in the provision of digitalised solutions that cover the main processes of insurance business. The major software/systems include insurance marketing and sales system, insurance claims system, online training system, insurance intermediary core business system and artificial intelligence (AI) service system. The Consulting Services segment mainly includes human resources consulting services and marketing and promotion services. The Company mainly conducts business in the domestic market.",988369200.0,126714000.0,367119986.53,47066664.94,26517946.0,75.12,10.399999618530272,35300000,247100000.0,31679487.18,35300000,141195600.0,35300000.0,7.0,10.2,7.0,0.0,,,5.0,3050249.96,2.41,6.880000114440918,7.349999904632568,7.599999904632568,6.039999961853027,-6.47,-9.1,4.23756,0.41,True,16.07,Claw-back not triggered (subscription level below the reallocation threshold),12.34,-8.57,1790360.27,-19.43,2128170.52,-15.71,3981605.78,04/02/2025,0.0,97.43,93.71,97.43,72.0,72.0,111.43,,,,,,,,,,,,,,,False,50.0,4677.0,True,,,,2024-08-31,https://www1.hkexnews.hk/listedco/listconews/sehk/2024/0729/2024072900013.pdf,https://www1.hkexnews.hk/listedco/listconews/sehk/2024/0805/2024080502241.pdf,CITIC Securities (Hong Kong) Limited/ Ping An of China Capital  (Hong Kong) Company Limited,False,True,True,,,,,,,,,,False,
22/03/2024,08/08/2024,02533,KYG129301068,Black Sesame International Holding Limited,黑芝麻智能國際控股有限公司,Information Technology,Software & Services,Digital Solution Services,False,False,False,False,True,,,,,,,False,T+1,"Black Sesame International Holding Ltd is a company principally engaged in the provision of automotive-grade computing System-On-Chips (SoC) and SoC-based intelligent vehicle solution. The Company's main products include automotive-grade SoCs, such as Huashan Series and Wudang Series. The Company also offers software, such as Operating System Support, Hanhai Autonomous Driving Solution Platform (ADSP) Middleware and Perception Algorithms. The Company mainly conducts its businesses in the domestic market.",15936739084.0,2043171677.44,7376689731.75,945729452.79,530510921.0,77.1,10.720000267028809,37000000,1036000000.0,132820512.82,37000000,569169253.0,712323583.0,28.0,30.3,28.0,0.0,,,-26.96,8720876.61,0.43,18.799999237060547,20.450000762939453,22.799999237060547,18.280000686645508,-3.6,-10.93,4.07417,3.65,True,2.52,Claw-back not triggered (subscription level below the reallocation threshold),5.0,-30.36,3769955.11,-28.04,6795744.8,-22.14,19124987.71,06/02/2025,12.35,0.71,-8.93,-10.36,38.57,-16.25,-37.11,,,,,,,,,,,,,,,False,100.0,3296.0,True,,,,2024-09-04,https://www1.hkexnews.hk/listedco/listconews/sehk/2024/0731/2024073100015.pdf,https://www1.hkexnews.hk/listedco/listconews/sehk/2024/0807/2024080700994.pdf,China International Capital Corporation Hong Kong Securities Limited/ Huatai Financial Holdings (Hong Kong) Limited,False,True,True,,,,,,,,,,True,
29/07/2024,20/08/2024,02410,CNE100006L34,"TYK Medicines, Inc",浙江同源康醫藥股份有限公司,Healthcare,Pharmaceuticals & Biotechnology,Biotechnology,True,False,False,True,True,,,,,,,False,T+1,"TYK Medicines Inc is a China-based company primarily engaged in the research, development, and commercialization of pharmaceutical products. The Company’s main products include TY-9591, TY-302, TY-2136b, TY-2699a, TY-0540, TY-1091, TY-4028, and TY-1054. The products are primarily used to treat diseases such as breast cancer, pancreatic cancer, prostate cancer, and solid tumors. The Company primarily operates its business in the domestic market.",4487113397.8,575270948.44,2177777144.39,279202198.0,233098167.0,61.33,5.730000019073486,47880000,579348000.0,74275384.62,47880000,370835818.0,380065818.0,12.1,12.1,12.1,,,,13.22,5598557.61,0.97,14.479999542236328,13.699999809265137,15.960000038146973,12.859999656677246,0.54,-8.78,4.07452,-4.6,True,2.29,,10.0,78.51,4157271.83,90.08,5172271.83,153.72,14696811.05,18/02/2025,0.48,160.74,102.07,159.5,155.37,143.39,26.61,,,,,,,,,,,,,,,False,47.88,974.0,False,,,,,https://www1.hkexnews.hk/listedco/listconews/sehk/2024/0812/2024081200005.pdf,https://www1.hkexnews.hk/listedco/listconews/sehk/2024/0819/2024081901642.pdf,CITIC Securities (Hong Kong) Limited,False,True,False,,,,,,,,,,True,
29/04/2024,17/09/2024,00300,CNE100006M58,"Midea Group Co., Ltd.",美的集團股份有限公司,Consumer Discretionary,Household Goods & Electronics,Home Appliances,False,False,False,True,True,,,,,,,False,T+1,"Midea Group Co Ltd is a China-based company mainly engaged in the production and sales of home appliances. The Company operates four segments. The Smart Home Business segment manufactures and sells home appliances such as air conditioners, refrigerators, washing machines and kitchen appliances. The Smart Building Technology segment provides integrated smart solutions for infrastructure, industrial parks and agricultural facilities. The New Energy and Industrial Technology segment manufactures and sells green energy solutions and core industrial components, including compressors, motors, industrial control systems, energy storage, smart grids, distributed photovoltaic solutions and new energy vehicle parts. The Others segment provides one-stop automation solutions for industrial robots, processing units and fully automated systems, logistics automation systems, intelligent supply chain business integration solutions, financial services, and medical device products and related services.",414237921074.8,53107425778.82,53760085106.88,6892318603.45,4958151312.0,761.8,82.5999984741211,565955300,35666497800.0,4572627923.08,565955300,7559086151.0,650848500.0,,54.8,54.8,,,,70.26,382645178.21,0.72,75.19999694824219,93.3000030517578,93.3000030517578,72.80000305175781,1.32,-4.18,3.7,-1.32,False,0.11,Claw-back not triggered (subscription level below the reallocation threshold),5.0,73.36,462659661.03,51.46,720921242.93,33.3,1158112856.79,18/03/2025,10.01,46.35,34.31,33.03,43.61,38.78,56.48,17.0,,False,False,False,,,,,,,,,,False,100.0,13717.0,True,China International Capital Corporation Hong Kong Securities Limited,0.0,,2024-10-12,https://www1.hkexnews.hk/listedco/listconews/sehk/2024/0909/2024090900005.pdf,https://www1.hkexnews.hk/listedco/listconews/sehk/2024/0916/2024091600951.pdf,China International Capital Corporation Hong Kong Securities Limited/ Merrill Lynch (Asia Pacific) Limited,True,True,True,,,,,,,,,,True,
12/09/2024,02/10/2024,02549,KYG1917P1072,Carote Ltd,卡羅特(商業)有限公司,Consumer Discretionary,Household Goods & Electronics,Household Goods,False,False,False,False,True,,,,,,,False,T+1,"Carote Ltd is a company principally engaged in the provision of cookware, kitchenware, drinkware and other kitchenware products. The Company operates its business through two business segments. The Branded Business segment is primarily engaged in the sales of products under its own brand name, CAROTE. The Original Design Manufacturer (ODM) Business segment is primarily engaged in the sales of customized cookware and other kitchenware products to international brand-owners and retailers. The Company’s products include non-stick pots and pans, cast iron pots, curated cookware sets and others. The Company mainly operates its businesses in the domestic and overseas markets.",3095323518.0,396836348.46,2192188388.51,281049793.4,113982780.0,20.69,3.9800000190734863,129864500,863208320.0,110667733.33,129864500,535523100.0,550801100.0,5.72,5.78,5.78,100.0,,,58.3,131119494.53,33.04,9.5,9.149999618530272,10.880000114440918,6.679999828338623,26.86,24.49,4.34476,-1.65,True,1347.27,"51,946,000 Offer Shares reallocated from the International Offering to the retail tranche via clawback (12,986,500 -> 64,932,500 Shares), 50.0% of the Global Offering",50.0,26.47,52679453.13,17.65,66728273.84,-10.21,103012298.78,02/04/2025,0.0,-9.86,-9.52,-9.86,-12.11,-36.16,-20.07,1.0,,False,False,False,,,,,,,,,,False,15.0,56802.0,True,CMB International Global Markets Limited,0.0,,2024-10-26,https://www1.hkexnews.hk/listedco/listconews/sehk/2024/0923/2024092300003.pdf,https://www1.hkexnews.hk/listedco/listconews/sehk/2024/0930/2024093002464.pdf,BNP Paribas Securities (Asia) Limited/ CMB International Capital Limited | Bookrunners/Lead Managers: Carote Ltd,True,True,True,,,,,,,,,,False,
30/07/2024,08/10/2024,02576,CNE100006M66,"Zhejiang Taimei Medical Technology Co., Ltd.",浙江太美醫療科技股份有限公司,Information Technology,Software & Services,Digital Solution Services,False,False,False,True,True,,,,,,,False,T+1,"Zhejiang Taimei Medical Technology Co Ltd is a China-based company mainly engaged in the provision of digital solutions for the research and development and commercialisation of pharmaceutical and medical device. The Company mainly designs and provides industry-specific software and digital services to a variety of stakeholders in the pharmaceutical and medical device industry. The Company's cloud-based software mainly provides software as a service (SaaS) products and customized products as well as related technical support, including TrialOS, a digital collaboration platform for the research and development of pharmaceutical and medical device, and PharmaOS, a digital collaboration platform for pharmaceutical and medical device commercialization. The Company's digital services mainly include digital clinical research services and independent reading center (IRC) services. The Company principally conducts its businesses in domestic and overseas markets.",7329127000.0,939631666.67,1254131949.14,160786147.33,91192357.0,45.66,6.28000020980835,22416600,335127000.0,42965000.0,22416600,563779000.0,199211333.0,,13.0,13.0,,,,-29.23,19248777.45,2.05,11.239999771118164,9.199999809265137,11.68000030517578,9.199999809265137,19.96,19.78,4.61423,12.39,,,,,-42.46,6694066.5,-54.85,8385378.5,-54.69,12328815.69,08/04/2025,-1.27,-76.15,-70.38,-75.85,-75.62,-75.77,-62.77,,,,,,,,,,,,,,,False,2.69,,True,Morgan Stanley Asia Limited,,,2024-11-02,https://www1.hkexnews.hk/listedco/listconews/sehk/2024/0927/2024092700025.pdf,https://www1.hkexnews.hk/listedco/listconews/sehk/2024/1007/2024100701772.pdf,Morgan Stanley Asia Limited/ China International Capital Corporation Hong Kong Securities Limited,True,True,True,,,,,,,,,,False,
28/06/2024,09/10/2024,09639,KYG9705B1077,Wing Lee Development Construction Holdings Limited,榮利營造控股有限公司,Properties & Construction,Construction,Heavy Construction & Engineering,False,False,False,False,True,,,,,,,False,T+1,"Wing Lee Development Construction Holdings Ltd is an investment holding company principally engaged in civil engineering business. The Company operates its business through three segments. The Civil Engineering segment is mainly engaged in site formation works and road and drainage work, such as steel structure erection and road improvements. The Electrical Cable Engineering segment is mainly engaged in cable trenching, laying and splicing, concrete pouring works, traffic impact assessment and emergency and cable failure repairs. The Solar Photovoltaic (PV) System segment is mainly engaged in the design, installation and maintenance of solar PV system projects. The company is also engaged in other businesses including sales of materials and rental of machinery.",730000000.0,93589743.59,939999997.62,120512820.21,250000000.0,25.0,0.9399999976158142,250000000,182500000.0,23397435.9,250000000,1000000000.0,1000000000.0,0.57,0.73,0.73,100.0,,,-15.07,14285038.57,15.26,0.5,0.6200000047683716,0.6800000071525574,0.5,20.01,15.73,4.42393,3.83,True,120.6,,,-36.99,2264621.82,-39.73,3008250.01,-33.56,5014314.75,09/04/2025,0.0,-23.29,-30.14,-23.29,-19.18,-4.11,67.12,,,,,,,,,,,,,,,False,25.0,,False,,,,,https://www1.hkexnews.hk/listedco/listconews/sehk/2024/0927/2024092700039.pdf,https://www1.hkexnews.hk/listedco/listconews/sehk/2024/1008/2024100801016.pdf,Alliance Capital Partners Limited | Bookrunners/Lead Managers: Phillip Securities Group,False,False,True,,,,,,,,,,False,
22/09/2024,16/10/2024,02567,KYG7309P1000,Qiniu Limited,七牛智能科技有限公司,Information Technology,Software & Services,Internet Services and Infrastructure,False,False,False,False,True,,,,,,,False,T+1,"Qiniu Ltd is an investment holding company principally engaged in the provision of platform-as-a-service (PaaS) services focusing on one-stop audiovisual cloud services to enterprise customers. The Company’s main products and services include media platform as a service (MPaaS) products and application platform as a service (APaaS) solutions. MPaaS products mainly encompasses a range of audiovisual solutions, including proprietary content delivery network which accelerates content delivery (QCDN), object storage platform which stores content (Kodo), interactive live streaming products and intelligent media data analytics platform (Dora). APaaS solutions are scenario-based audiovisual solutions based on MPaaS capabilities and leveraging low-code platform. The Company mainly conducts its business in the domestic market.",5490772303.5,703945167.12,840722489.25,107784934.52,611671343.0,30.56,0.4199999868869781,159750000,439312500.0,56322115.38,159750000,1996644474.0,2003520275.0,2.74,2.86,2.75,8.3,,,-56.73,18517773.97,2.63,1.600000023841858,1.190000057220459,1.6799999475479126,1.1399999856948853,16.44,14.11,4.36798,6.81,True,19.87,,,-57.45,7586410.35,-56.73,8741168.1,-62.55,15339850.11,16/04/2025,-3.61,-70.91,-68.73,-69.82,-70.55,-70.91,-62.55,,,,,,,,,,,,,,,False,80.0,15747.0,True,,,,2024-11-09,https://www1.hkexnews.hk/listedco/listconews/sehk/2024/0930/2024093000011.pdf,https://www1.hkexnews.hk/listedco/listconews/sehk/2024/1015/2024101500998.pdf,Shenwan Hongyuan Capital (H.K.) Limited/ BOCOM International (Asia) Limited,False,True,True,,,,,,,,,,False,
22/04/2024,23/10/2024,02460,KYG2135N1060,China Resources Beverage (Holdings) Company Limited,華潤飲料(控股)有限公司,Consumer Staples,Food & Beverages,Non-alcoholic Beverages,False,False,False,False,True,,,,,,,False,T+1,"China Resources Beverage Holdings Co Ltd is an investment holding company primarily engaged in manufacturing and distribution of packaged drinking water. The Company’s packaged drinking water products comprised its bottled water products under its brands C’estbon, L’eau, Bonjour Foret and FEEL and its barreled water products under C’estbon and Jialinshan. The Company’s beverage products include herbal beverages under Zhi Ben Qing Run, sugar-free tea beverages under Zuo Wei Cha Shi and milk tea beverages under the Tea of Wish and Gogo-no-Kocha milk tea. The Company’s juice beverage products include Mi Shui Series fruit beverage and Holiday Series juice beverage. The Company mainly conducts its business in the domestic market.",34043479900.0,4364548705.13,17554799523.68,2250615323.55,1197923184.0,49.95,7.320000171661377,347826200,5773850700.0,740237269.23,347826200,2347826200.0,2398196600.0,13.5,14.5,14.5,100.0,,,15.03,342351946.66,7.84,16.459999084472656,16.68000030517578,16.780000686645508,15.720000267028809,13.77,21.96,4.24018,-10.68,True,234.49,"100,869,600 Offer Shares reallocated from the International Offering to the retail tranche via clawback (38,261,000 -> 139,130,600 Shares), 40.0% of the Global Offering",40.0,8.69,127873071.4,6.62,143607657.98,-12.28,274945308.11,23/04/2025,1.4,-0.14,-1.52,-1.52,0.41,-0.69,-24.97,3.0,,False,False,False,,,,,,,,,,False,30.0,61885.0,True,UBS AG Hong Kong Branch,1803400.0,14.35,2024-11-17,https://www1.hkexnews.hk/listedco/listconews/sehk/2024/1015/2024101500009.pdf,https://www1.hkexnews.hk/listedco/listconews/sehk/2024/1022/2024102201053.pdf,UBS Securities Hong Kong Limited/ BOCI Asia Limited/ CITIC Securities (Hong Kong) Limited/ Merrill Lynch (Asia Pacific) Limited,True,True,True,,,,,,,,,,True,
01/10/2024,24/10/2024,09660,KYG4602S1057,Horizon Robotics,,Information Technology,Software & Services,Digital Solution Services,False,False,False,False,True,,,,,,,False,T+1,"Horizon Robotics is an investment holding company principally engaged in the provision of advanced driver assistance systems (ADAS) and autonomous driving (AD) solutions for passenger cars. The Company operates primarily through two segments. The Automotive Solutions segment is principally engaged in the provision of product solutions and license and services. The Company's solutions mainly include Horizon Mono, Horizon Pilot, Horizon SuperDrive, and automotive in-cabin solution for the passenger vehicle. The Non-Automotive Solutions segment enables device manufacturers to design and manufacture devices and appliances, such as lawn mowers, fitness mirrors, and air purifiers. The Company mainly conducts its businesses in the domestic market.",51989165667.18,6665277649.64,50785121423.54,6510913003.02,11150963587.0,89.59,4.079999923706055,1355106600,6086881458.0,780369417.69,1355106600,13029866082.0,14571723185.0,3.73,3.99,3.99,100.0,,,2.76,259230697.12,3.89,5.119999885559082,4.099999904632568,5.5,4.099999904632568,7.84,20.38,4.2403,-5.54,True,33.83,"67,755,000 Offer Shares reallocated from the International Offering to the retail tranche via clawback (135,511,200 -> 203,266,200 Shares), 15.0% of the Global Offering",15.0,3.26,149941741.28,19.55,226744123.74,2.76,498804781.17,24/04/2025,-4.27,40.35,32.58,46.62,45.61,42.61,122.56,,,,,,,,,,,,,,,False,100.0,28115.0,True,Goldman Sachs (Asia) L.L.C.,,,2024-11-20,https://www1.hkexnews.hk/listedco/listconews/sehk/2024/1016/2024101600017.pdf,https://www1.hkexnews.hk/listedco/listconews/sehk/2024/1023/2024102300943.pdf,Goldman Sachs (Asia) L.L.C./ Morgan Stanley Asia Limited/ China Securities (International) Corporate Finance Company Limited,True,True,True,,,,,,,,,,True,
29/04/2024,30/10/2024,02465,CNE100006NC1,"Jiangsu Lopal Tech. Co., Ltd.",江蘇龍蟠科技集團股份有限公司,Industrials,Industrial Engineering,Energy Storage Units,False,False,False,True,True,,,,,,,False,T+1,"Jiangsu Lopal Tech Group Co Ltd, former Jiangsu Lopal Tech Co Ltd, is a China-based company primarily engaged in the research, development, production, and sales of lithium iron phosphate (LFP) cathode materials and automotive environmentally friendly fine chemicals. The Company operates through three segments. The Automotive Fine Chemicals segment is primarily engaged in the production and sales of lubricants, diesel engine exhaust fluids, coolants, and automotive maintenance products. The LFP Cathode Materials segment is primarily engaged in the production and sales of lithium iron phosphate cathode materials. The Lithium Carbonate and Raw Material Processing segment is primarily engaged in the processing of lithium carbonate and iron phosphate byproducts.",3657933966.5,468965893.14,1522799963.95,195230764.61,472292082.0,349.85,11.279999732971191,100000000,550000000.0,70512820.51,100000000,665078903.0,135000000.0,4.5,7.0,5.5,40.0,,,-13.64,25873493.59,5.52,5.079999923706055,4.75,5.460000038146973,4.199999809265137,-3.56,17.77,4.2256,-16.65,True,3.99,Claw-back not triggered (subscription level below the reallocation threshold),10.0,-19.82,4035813.57,-17.45,8712845.75,6.73,222053395.4,30/04/2025,2.63,-14.73,-17.09,-16.91,-14.18,-7.64,117.09,,,,,,,,,,,,,,,False,70.02,6292.0,True,,15000000.0,4.83,2024-11-24,https://www1.hkexnews.hk/listedco/listconews/sehk/2024/1022/2024102200007.pdf,https://www1.hkexnews.hk/listedco/listconews/sehk/2024/1029/2024102901308.pdf,Guotai Junan Capital Limited/ Halcyon Capital Limited,False,True,True,,,,,,,,,,True,
12/08/2024,31/10/2024,02563,CNE100006NB3,"Beijing Biostar Pharmaceuticals Co., Ltd.",北京華昊中天生物醫藥股份有限公司,Healthcare,Pharmaceuticals & Biotechnology,Biotechnology,True,False,False,True,True,,,,,,,False,T+1,"Beijing Biostar Pharmaceuticals Co Ltd is a Chinea-based company principally engaged in the research, development, production and sales of innovative drugs. The Company's products and pipeline mainly include Utidelone Injection, Utidelone Capsule, Utidelone Nanoformulation, Utidelone Antibody Drug Conjugate (ADC), BG22, BG18 and BG44. The Company's products are principally used for the treatment of relapsed or metastatic breast cancer, neoadjuvant treatment of human epidermal growth factor receptor 2 (HER2)-breast cancer neoadjuvant, advanced non-small cell lung cancer (NSCLC), solid tumors, breast cancer brain metastasis, lung cancer brain metastasis and other brain tumor indications. The Company mainly conducts its businesses in the domestic market.",5833408000.0,747872820.51,823539246.27,105581954.65,73180103.0,33.77,3.799999952316284,14588000,233408000.0,29924102.56,14588000,364588000.0,364588000.0,16.0,22.0,16.0,0.0,,,30.0,8495466.36,1.14,21.5,20.799999237060547,25.950000762939453,19.479999542236328,-3.86,19.9,4.24119,-13.53,True,21.45,Claw-back not triggered (subscription level below the reallocation threshold),12.0,64.06,8733183.44,75.0,11807696.26,74.37,29653905.92,01/05/2025,0.0,-72.44,-72.44,-72.44,-72.44,-72.44,-79.06,,,,,,,,,,,,,,,False,4.45,7175.0,False,,,,,https://www1.hkexnews.hk/listedco/listconews/sehk/2024/1023/2024102300015.pdf,https://www1.hkexnews.hk/listedco/listconews/sehk/2024/1030/2024103002007.pdf,CCB International Capital Limited/ China Securities (International) Corporate Finance Company Limited | Bookrunners/Lead Managers: IMPORTANT,False,True,True,,,,,,,,,,False,
30/05/2024,01/11/2024,02510,HK0001078598,T.S. Lines Limited,德翔海運有限公司,Industrials,Industrial Transportation,Shipping & Port Operation,False,False,False,False,True,,,,,,,False,T+1,"T.S. Lines Ltd is a container shipping company specializing in the Asia Pacific region with a fleet of owned and chartered vessels. The Company operates its shipping network independently as well as through arrangements with other carriers, including pooling services, space swaps and space charters. It mainly provides services from the Greater Bay Area of China, and its container network mainly covers the Asia Pacific region, the trans-Pacific market and the Asia-Europe-Europe market. The Company adopts a liner shipping model and operates regular shipping services through designated ports on a rotational basis.",6900929200.0,884734512.82,12737487308.79,1633011193.43,200819389.0,12.06,7.650000095367432,250940000,1107829580.0,142029433.33,250940000,1650940000.0,1665031000.0,3.5,4.5,4.18,68.0,,,-1.91,23493525.09,2.66,4.179999828338623,4.099999904632568,4.25,3.910000085830689,-8.63,21.01,4.21566,-4.51,True,12.09,Claw-back not triggered (subscription level below the reallocation threshold),10.0,6.22,9271746.24,-0.0,11596155.18,3.83,27084501.18,02/05/2025,1.44,52.15,55.26,50.0,51.91,51.91,116.03,4.0,,False,False,False,,,,,,,,,,False,5.87,6861.0,True,,23550000.0,3.995,2024-11-28,https://www1.hkexnews.hk/listedco/listconews/sehk/2024/1024/2024102400036.pdf,https://www1.hkexnews.hk/listedco/listconews/sehk/2024/1031/2024103101844.pdf,"J.P. Morgan Securities (Far East) Limited/ China Merchants Securities (HK) Co., Limited | Bookrunners/Lead Managers: IMPORTANT",True,False,True,,,,,,,,,,True,
23/08/2024,08/11/2024,02551,CNE100006L91,"APT Electronics Co., Ltd.",廣東晶科電子股份有限公司,Industrials,Industrial Engineering,Electronic Components,False,False,False,True,True,,,,,,,False,T+1,"APT Electronics Co Ltd is a China-based company mainly engaged in the provision of light emitting diode (LED) intelligent vision products and system solutions. The Company's business fields cover automotive intelligent vision, high-end lighting and new displays. The Company's products comprise LED intelligent vision products and systems, module products and device products. The Company combines LED technology with integrated circuits (ICs), electronic control, software, sensors and optics to further enable intelligent vision products and systems. The Company's products are used in electric vehicles and internal combustion engine vehicles, televisions, monitors, smart screens and other fields. The Company mainly conducts its businesses in the domestic market.",1939099619.49,248602515.32,551498234.7,70704901.88,137283956.0,54.02,2.1700000762939453,33600000,139490400.0,17883384.62,33600000,537146709.0,254146643.0,3.61,3.61,3.61,,,,47.65,51594658.93,20.75,4.199999809265137,5.329999923706055,5.559999942779541,4.199999809265137,0.44,21.29,4.10994,6.45,True,5677.83,,50.0,38.78,25344055.83,25.21,28569090.42,1.39,40575920.4,09/05/2025,-1.76,-7.48,-7.76,-5.82,-3.88,-7.48,-14.13,,,,,,,,,,,,,,,False,0.24,61975.0,False,,,,,https://www1.hkexnews.hk/listedco/listconews/sehk/2024/1031/2024103100019.pdf,https://www1.hkexnews.hk/listedco/listconews/sehk/2024/1107/2024110701242.pdf,CITIC Securities (Hong Kong) Limited,False,True,False,,,,,,,,,,False,
04/10/2024,08/11/2024,02519,CNE100006NG2,"AuGroup (SHENZHEN) Cross-Border Business Co., Ltd.",傲基(深圳)跨境商務股份有限公司,Consumer Discretionary,Specialty Retail,Home Improvement Retailers,False,False,False,True,True,,,,,,,False,T+1,"AuGroup SHENZHEN Cross Border Business Co Ltd is a China-based online retailer that focuses on providing furniture and home furnishing products. The Company mainly operates it business through two segments. The Sales of Goods segment is engaged in the sale of furniture and home furnishings, electric tools and home appliances, consumer electronics and other products. The Logistics segment is engaged in the provision of logistics solutions, including domestic consolidation in China, first-mile international freight services, overseas transit, overseas warehousing and order dispatch. The Company distributes its furniture and home furnishing products under proprietary brands such as ALLEWIE, IRONCK, LIKIMIO, SHA CERLIN, HOSTACK and FOTOSOK. The Company conducts its business in the domestic and overseas markets.",6477212289.6,830411832.0,1783587085.91,228665011.01,230544451.0,55.58,4.300000190734863,29894700,466357320.0,59789400.0,29894700,415205916.0,414787676.0,14.56,15.6,15.6,100.0,,,-11.41,22340915.4,2.69,13.880000114440918,13.81999969482422,14.960000038146973,12.5,0.44,21.29,4.10994,12.97,True,17.74,,,-19.62,2143877.7,-22.82,3470156.15,-17.95,7573952.24,09/05/2025,-2.67,-53.33,-52.12,-52.05,-47.37,-35.9,-58.4,,,,,,,,,,,,,,,False,70.02,,True,Huatai Financial Holdings (Hong Kong) Limited,4484100.0,13.24,2024-12-05,https://www1.hkexnews.hk/listedco/listconews/sehk/2024/1031/2024103100187.pdf,https://www1.hkexnews.hk/listedco/listconews/sehk/2024/1107/2024110701104.pdf,Huatai Financial Holdings (Hong Kong) Limited,False,True,False,,,,,,,,,,False,
20/09/2024,15/11/2024,02582,CNE100006N08,"Jiangsu Guofu Hydrogen Energy Equipment Co., Ltd.",江蘇國富氫能技術裝備股份有限公司,Industrials,Industrial Engineering,Industrial Components & Equipment,False,False,False,True,True,,,,,,,False,T+1,"Jiangsu Guofu Hydrogen Energy Equipment Co Ltd is an integrated solution provider for hydrogen energy equipment. The Company focuses on the research, development and manufacturing of core equipment for the entire hydrogen industry chain of production, storage, transportation, processing and use. The Company's main products include vehicle-mounted hydrogen supply systems and related products, hydrogenation station equipment and related products, hydrogen liquefaction and liquid hydrogen storage and transportation equipment, and water electrolysis hydrogen production equipment. The Company mainly conducts its businesses in the domestic market.",6806186400.0,872588000.0,1251878158.12,160497199.76,57802348.0,56.98,12.34000015258789,6000000,390000000.0,50000000.0,6000000,104710560.0,101448796.0,65.0,73.0,65.0,0.0,,,20.0,7582000.0,0.87,82.30000305175781,78.0,82.44999694824219,77.55000305175781,-4.24,11.45,4.14119,10.14,True,21.07,Claw-back not triggered (subscription level below the reallocation threshold),12.09,36.15,7695760.9,48.54,10916471.85,75.85,32379662.97,16/05/2025,-1.63,95.23,104.92,98.46,88.0,93.69,-41.29,,,,,,,,,,,,,,,False,15.03,5904.0,False,,,,,https://www1.hkexnews.hk/listedco/listconews/sehk/2024/1107/2024110700009.pdf,https://www1.hkexnews.hk/listedco/listconews/sehk/2024/1114/2024111400951.pdf,Haitong International Capital Limited/ CITIC Securities (Hong Kong) Limited | Bookrunners/Lead Managers: IMPORTANT,False,True,True,,,,,,,,,,True,
28/06/2024,27/11/2024,06936,CNE100006NF4,"S.F. Holding Co., Ltd.",順豐控股股份有限公司,Industrials,Industrial Transportation,Air Freight & Logistics,False,False,False,True,True,,,,,,,False,T+1,"S.F. Holding Co Ltd is a China-based company mainly engaged in providing integrated logistics services. The Company operates three segments. Express and Freight Delivery segment provides time-definite express services, economy express services, freight delivery services, cold chain and pharmaceutical logistics services, and other services. Intra-city on-demand Delivery segment provides intra-city on-demand delivery services, and other services. Supply Chain and International segment provides supply chain and international services, and other services. The Company also provides leasing and technology services.",171026213516.9,21926437630.37,14041552659.31,1800199058.89,2332646293.0,500.7,30.13999938964844,170000000,5831000000.0,747564102.56,170000000,4986186983.0,464114869.0,32.3,36.3,34.3,50.0,,,-0.0,227115892.65,1.04,34.29999923706055,34.29999923706055,35.5,34.29999923706055,-4.84,10.21,4.18565,16.86,True,79.07,"15,300,000 Offer Shares reallocated from the International Offering to the retail tranche via clawback (16,150,000 -> 31,450,000 Shares), 18.5% of the Global Offering",18.5,-1.46,148412808.78,-4.96,168920435.94,-1.75,296691509.29,28/05/2025,1.77,17.2,13.41,15.16,21.57,19.24,4.08,11.0,,False,False,False,,,,,,,,,,False,20.0,82574.0,True,,,,2024-12-22,https://www1.hkexnews.hk/listedco/listconews/sehk/2024/1119/2024111900011.pdf,https://www1.hkexnews.hk/listedco/listconews/sehk/2024/1126/2024112601132.pdf,Goldman Sachs (Asia) L.L.C/ Huatai Financial Holdings (Hong Kong) Limited/ J.P. Morgan Securities (Far East) Limited,True,True,True,,,,,,,,,,True,
24/07/2024,28/11/2024,02566,CNE100006KF0,"Hangzhou Jiuyuan Gene Engineering Co., Ltd.",杭州九源基因生物醫藥股份有限公司,Healthcare,Pharmaceuticals & Biotechnology,Pharmaceuticals,False,False,False,True,True,,,,,,,False,T+1,"Hangzhou Jiuyuan Genetic Biopharmaceutical Co Ltd, formerly Hangzhou Jiuyuan Gene Engineering Co Ltd, is a China-based company principally engaged in the research, development, manufacturing and commercialization of biopharmaceutical products and medical devices. The Company focuses on orthopedics, metabolic diseases, oncology and blood treatment. The Company's orthopedic products include Guyoudao bone repair materials. The Company's oncology products include Jilifen, Jijufen, Jiouting, Jifuwei, and Jitansu. The Company's blood products include Jipailin and Yinuojia. The Company's products are mainly used to treat diseases such as diabetes, multiple myeloma, thrombocytopenia, and neutropenia. The Company mainly operates its businesses in the domestic and overseas markets.",3047853096.0,390750396.92,1424762703.03,182661885.0,66223320.0,27.42,5.900000095367432,45398800,563853096.0,72288858.46,45398800,245398800.0,240588200.0,11.48,12.56,12.42,87.0,,,-38.41,28397584.97,7.27,7.5,7.650000095367432,9.100000381469728,7.5,-6.44,7.66,4.28935,10.86,True,675.83,"18,159,400 Offer Shares reallocated from the International Offering to the retail tranche via clawback (4,540,000 -> 22,699,400 Shares), 50.0% of the Global Offering",50.0,-33.66,8375733.55,-35.35,10423601.48,-45.89,18470640.45,29/05/2025,3.15,-49.92,-51.21,-51.45,-49.76,-50.16,-37.04,,,,,,6.0,,,,,,,,,False,20.01,30759.0,False,,,,,https://www1.hkexnews.hk/listedco/listconews/sehk/2024/1120/2024112000019.pdf,https://www1.hkexnews.hk/listedco/listconews/sehk/2024/1127/2024112701177.pdf,Huatai Financial Holdings (Hong Kong) Limited,False,True,False,,,,,,,,,,False,
14/10/2024,29/11/2024,02585,CNE100006NX7,"Mokingran Jewellery Group Co., Ltd.",夢金園黃金珠寶集團股份有限公司,Consumer Discretionary,Specialty Retail,Other Retailers,False,False,False,True,True,,,,,,,False,T+1,"Mokingran Jewellery Group Co Ltd is a China-based company mainly engaged in the design, production, wholesale and retail of jewellery. The Company's diversified product line not only includes cultural heritage craftsmanship such as the Eight Imperial Handcrafts, a national intangible cultural heritage but also introduces cross-over merchandise, such as the Lucky Golden Year jewellery series with a widely recognized beverage brand, and others. The Company also introduces the Sail with Dreams jewellery series in honor of China’s space exploration achievements. The Company focuses on markets in third and lower-tier cities in the People's Republic of China.",3276281592.0,420036101.54,4837028578.32,620131869.02,58978529.0,21.83,17.899999618530273,43956800,527481600.0,67625846.15,43956800,273023466.0,273023466.0,12.0,14.4,12.0,0.0,,,7.5,20609237.85,4.91,12.5,12.899999618530272,13.199999809265137,11.199999809265137,-4.7,7.97,4.30893,3.57,True,20.58,,20.0,4.17,5809967.43,-3.33,6844647.97,2.83,22265668.57,30/05/2025,-3.41,32.0,30.83,36.67,33.33,34.0,21.67,,,,,,,,,,,,,,,False,7.66,8591.0,True,,,,2024-12-26,https://www1.hkexnews.hk/listedco/listconews/sehk/2024/1121/2024112100017.pdf,https://www1.hkexnews.hk/listedco/listconews/sehk/2024/1128/2024112801779.pdf,CITIC Securities (Hong Kong) Limited | Bookrunners/Lead Managers: IMPORTANT,False,True,True,,,,,,,,,,False,
31/10/2024,06/12/2024,02586,VGG3168D1069,Dmall Inc.,多點數智有限公司,Information Technology,Software & Services,Digital Solution Services,False,False,False,False,True,,,,,,,False,T+1,"Dmall Inc is a holding company primarily engaged in the provision of retail digitalization solutions to retailers in the local retail industry. The Company mainly operates its business through three segments. The Retail Core Service Cloud segment is engaged in the provision of retail core service cloud solutions that are anchored on Dmall OS software and artificial intelligent of things (AIoT) solutions, with businesses covering supply chain management, store management, and e-commerce operations. The E-commerce Service Cloud segment is engaged in the provision of online-to-offline (O2O) platform services as well as logistic services. The Others segment is engaged in the offline marketing services, offline marketing products and the provision of discounts, coupons and shopping and payment subsidies. The Company conducts its business in the domestic and overseas markets.",26786908646.04,3434219057.18,5299177159.76,679381687.15,302600219.0,34.78,6.090000152587891,25774000,778632540.0,99824684.62,25774000,886690124.0,869425611.0,30.21,30.21,30.21,,,,-54.32,6489255.47,0.19,21.700000762939453,13.800000190734863,21.75,13.800000190734863,-3.27,13.88,4.31042,-4.46,True,1.94,Claw-back not triggered (subscription level below the reallocation threshold),10.0,-78.09,16105889.06,-79.18,18435945.39,-80.67,31115389.44,06/06/2025,-1.89,-67.39,-66.37,-66.77,-67.16,-68.79,-78.09,,,,,,,,,,,,,,,False,100.0,2988.0,True,,,,2025-01-02,https://www1.hkexnews.hk/listedco/listconews/sehk/2024/1128/2024112800015.pdf,https://www1.hkexnews.hk/listedco/listconews/sehk/2024/1205/2024120501922.pdf,"UBS Securities Hong Kong Limited/ CMB International Capital Limited/ China Merchants Securities (HK) Co., Limited",True,True,True,,,,,,,,,,True,
02/09/2024,06/12/2024,02570,CNE100006PJ1,Shanghai REFIRE Group Limited,上海重塑能源集團股份有限公司,Industrials,Industrial Engineering,New Energy Materials,False,False,False,True,True,,,,,,,False,T+1,"Shanghai REFIRE Group Ltd is a China-based company primarily engaged in the provision of one-stop solutions for hydrogen production and end-use applications. The Company is mainly engaged in the design, development, manufacturing, and sales of hydrogen fuel cell systems, hydrogen production equipment, and related core components, and provides engineering development services. The Company is also engaged in the provision of after-sales service and engages in other businesses such as the sales of hydrogen-powered vehicles. The Company distributes its products within the domestic market and to overseas markets.",12662475777.0,1623394330.38,1922153872.46,246429983.65,22812838.0,25.71,21.65999984741211,4827920,713111700.0,91424576.92,4827920,86139291.0,88742100.0,145.0,165.0,147.0,10.0,,,0.07,8858060.62,0.55,148.89999389648438,147.10000610351562,149.89999389648438,145.10000610351562,-3.27,13.88,4.31042,-13.05,True,1.55,Claw-back not triggered (subscription level below the reallocation threshold),10.0,1.5,2430505.08,11.02,4497764.55,23.13,18733590.49,06/06/2025,-0.37,46.26,39.46,46.8,43.81,44.35,-42.21,,,,,,,,,,,,,,,False,56.81,2411.0,True,China International Capital Corporation Hong Kong Securities Limited,,,2025-01-02,https://www1.hkexnews.hk/listedco/listconews/sehk/2024/1128/2024112800011.pdf,https://www1.hkexnews.hk/listedco/listconews/sehk/2024/1205/2024120501926.pdf,China International Capital Corporation Hong Kong Securities Limited,False,True,False,,,,,,,,,,True,
09/10/2024,10/12/2024,01318,CNE100006PM5,"Mao Geping Cosmetics Co., Ltd.",毛戈平化妝品股份有限公司,Healthcare,Other Healthcare,Skincare and Cosmetics,False,False,False,True,True,,,,,,,False,T+1,"Mao Geping Cosmetics Co Ltd is a China-based company primarily engaged in the beauty business. The Company mainly operates three businesses. The product offerings business is engaged in offering portfolio of color cosmetics and skincare products under the beauty brands, MAOGEPING and Love Keeps. The makeup artistry training business is engaged in the provision of comprehensive in-person makeup training programs. The experiential and personalized customer service business is engaged in the provision of customized consultations and proficient makeup trial services to customers at counters. The Company's products include foundation, highlighting and contouring, eye makeup, lip makeup, luxury caviar facial mask and other products. The Company's skin care products mainly include face creams, eye care, facial masks, essences and cleansers. The Company mainly conducts its business in the domestic market.",14257017320.0,1827822733.33,25416190765.0,3258485995.51,101404964.0,20.69,51.85,39211700,2687569620.0,344560207.69,39211700,478423400.0,490186900.0,26.3,29.8,29.8,100.0,,,76.51,564076112.1,30.86,47.650001525878906,52.599998474121094,57.20000076293945,47.650001525878906,-2.01,18.72,4.3953,-17.03,True,919.18,,,86.58,136429543.79,96.31,179799294.64,102.18,340775236.4,10/06/2025,-3.27,266.78,276.85,279.19,277.52,292.62,187.42,,,,,,,,,,,,,,,False,100.0,69601.0,True,China International Capital Corporation Hong Kong Securities Limited,0.0,,2025-01-04,https://www1.hkexnews.hk/listedco/listconews/sehk/2024/1202/2024120200011.pdf,https://www1.hkexnews.hk/listedco/listconews/sehk/2024/1209/2024120901607.pdf,China International Capital Corporation Hong Kong Securities Limited,False,True,False,,,,,,,,,,True,
02/12/2024,19/12/2024,02593,KYG4413S1049,Herbs Generation Group Holdings Limited,草姬集團控股有限公司,Healthcare,Other Healthcare,Dietary Supplements,False,False,False,False,True,,,,,,,False,T+1,"Herbs Generation Group Holdings Ltd is a company principally engaged in the development and sales of health care products. The Company is also engaged in the development and sale of beauty and skin care products, as well as pet health products. In addition, the Company's brands include ‘Herbs’ and so on.",500001000.0,64102692.31,140000273.64,17948753.03,33333400.0,25.0,1.0499999523162842,33333600,125001000.0,16025769.23,33333600,133333600.0,133333600.0,3.75,4.15,3.75,0.0,,,10.4,30814443.62,48.07,4.690000057220459,4.139999866485596,5.050000190734863,3.880000114440918,0.45,8.18,4.52982,-1.73,True,6083.63,,50.0,-18.13,7999909.8,-24.27,10877606.18,-44.8,16188037.8,19/06/2025,-2.29,-54.4,-52.8,-53.33,-54.13,-54.67,-68.0,,,,,,,,,,,,,,,False,3.0,55863.0,False,,,,,https://www1.hkexnews.hk/listedco/listconews/sehk/2024/1211/2024121100009.pdf,https://www1.hkexnews.hk/listedco/listconews/sehk/2024/1218/2024121801165.pdf,ABCI Capital Limited | Bookrunners/Lead Managers: IMPORTANT,False,False,True,,,,,,,,,,False,
16/07/2024,20/12/2024,00999,KYG9833J1058,Xiaocaiyuan International Holding Ltd.,小菜園國際控股有限公司,Consumer Discretionary,Travel & Leisure,Restaurants,False,False,False,False,True,,,,,,,False,T+1,"Xiaocaiyuan International Holding Ltd is a company principally engaged in the operation of self-operated chain restaurants. The Company's main businesses include restaurant operations, catering delivery business and supply chain management. The Company also deals in other businesses such as sales of food ingredients, new retail business and others. The Company operates Xiaocaiyuan restaurants and other brands of restaurants in China, offering dishes covering a wide range of categories, including cold dishes, stews, braised dishes, dry-pot dishes, stir-fried dishes, clay-pot dishes, steam dishes, soups and desserts. The Company conducts its businesses in the domestic market.",10000409800.0,1282103820.51,8164177136.67,1046689376.5,118193079.0,10.12,6.989999771118164,101180800,860036800.0,110261128.21,101180800,1176518800.0,1167979600.0,8.5,8.5,8.5,,,,6.47,1583517.98,0.12,8.880000114440918,9.050000190734863,9.399999618530272,8.489999771118164,0.08,8.01,4.53006,8.03,True,1.44,Claw-back not triggered (subscription level below the reallocation threshold),10.0,7.06,1943053.29,6.82,3479901.49,24.24,13858395.02,20/06/2025,-0.23,2.0,-4.94,2.24,12.35,12.47,7.88,,,,,,,,,,,,,,,False,100.0,2488.0,True,,,,2025-01-16,https://www1.hkexnews.hk/listedco/listconews/sehk/2024/1212/2024121200007.pdf,https://www1.hkexnews.hk/listedco/listconews/sehk/2024/1219/2024121901317.pdf,Huatai Financial Holdings (Hong Kong) Limited/ UBS Securities Hong Kong Limited,True,True,True,,,,,,,,,,True,
26/06/2024,23/12/2024,02432,CNE100006QF7,Shenzhen Dobot Corp Ltd,深圳市越疆科技股份有限公司,Information Technology,Software & Services,Digital Solution Services,False,False,False,True,True,,,,,,,False,T+1,"Shenzhen Dobot Corp Ltd is a China-based company mainly engaged in the development, manufacturing and commercialization of collaborative robots (cobots). The Company's products are divided into four-axis cobots and six-axis cobots. The four-axis cobots include the Magician Series and the M Series. The six-axis cobots include the CR Series and the Nova Series. The Company's products are used in many fields such as manufacturing, retail, healthcare, STEAM education, scientific research and others. The Company mainly conducts its businesses in the domestic and foreign markets.",7520000000.0,964102564.1,10293893778.22,1319729971.57,309662608.0,78.63,26.13999938964844,40000000,830873520.0,106522246.15,40000000,400000000.0,393798547.0,18.8,20.8,18.8,0.0,,,0.74,7539577.14,0.78,19.700000762939453,18.940000534057617,21.399999618530273,18.780000686645508,3.4,4.64,4.53149,8.16,True,9.25,Claw-back not triggered (subscription level below the reallocation threshold),5.0,27.39,12560513.38,1.6,16368269.87,10.9,38780665.19,23/06/2025,-0.09,189.89,196.28,190.16,211.44,214.36,53.72,,,,,,,,,,,,,,,False,50.0,4243.0,True,Guotai Junan Securities (Hong Kong) Limited,1804600.0,18.73,2025-01-17,https://www1.hkexnews.hk/listedco/listconews/sehk/2024/1213/2024121300029.pdf,https://www1.hkexnews.hk/listedco/listconews/sehk/2024/1220/2024122001962.pdf,Guotai Junan Securities (Hong Kong) Limited/ ABCI Capital Limited,False,True,True,,,,,,,,,,True,
28/11/2024,27/12/2024,02431,CNE100006QM3,"Minieye Technology Co., Ltd",深圳佑駕創新科技股份有限公司,Information Technology,Software & Services,Digital Solution Services,False,False,False,True,True,,,,,,,False,T+1,"Minieye Technology Co Ltd is a China-based company primarily engaged in the provision of intelligent driving and intelligent cabin solutions. The Company mainly operates three businesses. The intelligent driving solutions business is engaged in the provision of iSafety and iPilot series. The intelligent cabin solutions business is engaged in the provision of driver monitoring system (DMS) solutions, occupant monitoring system (OMS) solutions and other solutions. The vehicle infrastructure cooperative systems business is engaged in the provision of in-house designed sensor devices, such as radars and cameras, in-house developed algorithm structures and others. The Company mainly conducts its business in the domestic market.",6786230000.0,870029487.18,2947493702.99,377883808.08,171080691.0,52.99,9.130000114440918,39190000,679088800.0,87062666.67,39190000,399190000.0,325175316.0,,20.2,17.0,,,,14.12,14914371.5,1.71,18.600000381469727,19.399999618530273,19.399999618530273,17.639999389648438,2.49,-2.63,4.58435,21.93,True,14.04,Claw-back not triggered (subscription level below the reallocation threshold),10.0,2.94,5492038.72,2.94,6095972.04,22.06,13246936.29,27/06/2025,0.56,57.06,61.76,56.18,58.53,60.59,-15.18,,,,,,,,,,,,,,,False,50.01,11407.0,True,CLSA Limited,20400.0,17.0,2025-01-19,https://www1.hkexnews.hk/listedco/listconews/sehk/2024/1217/2024121700015.pdf,https://www1.hkexnews.hk/listedco/listconews/sehk/2024/1224/2024122401190.pdf,CITIC Securities (Hong Kong) Limited/ China International Capital Corporation Hong Kong Securities Limited,False,True,True,,,,,,,,,,True,
26/07/2024,30/12/2024,02506,CNE100006MP5,"Xunfei Healthcare Technology Co., Ltd.",訊飛醫療科技股份有限公司,Healthcare,Other Healthcare,Medical & Aesthetic Services,False,False,False,True,True,,,,,,,False,T+1,"Xunfei Healthcare Technology Co Ltd is a China-based company primarily engaged in the provision of artificial intelligence-empowered healthcare solutions. The primary healthcare service business line consists of consists of general practice clinical decision support system (CDSS) and chronic disease management tools. The hospital service business line includes smart hospital solutions and intelligent assistant. The patient service business line includes post-discharge management platform (including Xunfei Xiaoyi application and mini program), cloud medical imaging platform and medical device. The regional healthcare solution business line includes regional healthcare administrator services and medical insurance administrative solutions. The Company mainly conducts its businesses in the domestic market.",10008717692.4,1283168934.92,6659146316.75,853736707.28,14517476.0,18.78,86.1500015258789,7035550,582543540.0,74685069.23,7035550,120878233.0,77297112.0,82.8,82.8,82.8,,,,5.07,5804974.62,0.45,89.75,87.0,95.1500015258789,86.0,3.18,-5.17,4.59286,25.44,True,3.66,Claw-back not triggered (subscription level below the reallocation threshold),10.0,6.88,2971471.15,2.17,3297617.3,4.11,7574381.98,30/06/2025,-8.97,26.21,33.94,38.65,25.0,26.09,-9.18,,,,,,,,,,,,,,,False,80.05,3136.0,True,,,,2025-01-22,https://www1.hkexnews.hk/listedco/listconews/sehk/2024/1218/2024121800019.pdf,https://www1.hkexnews.hk/listedco/listconews/sehk/2024/1227/2024122701834.pdf,Huatai Financial Holdings (Hong Kong) Limited/ GF Capital (Hong Kong) Limited/ CCB International Capital Limited,False,True,True,,,,,,,,,,True,
12/12/2024,30/12/2024,02577,CNE100006QG5,"InnoScience (Suzhou) Technology Holding Co., Ltd.",英諾賽科（蘇州）科技股份有限公司,Information Technology,Semiconductors,Semiconductors,False,False,False,True,True,,,,,,,False,T+1,"InnoScience Suzhou Technology Holding Co Ltd is a China-based company primarily engaged in the production and sales of gallium nitride on silicon (GaN-on-Si) semiconductor products. The Company’s main business is engaged in the design, development and manufacture various types of gallium nitride (GaN) products, including discrete chips, integrated circuits (ICs), wafers and modules. The Company’s products are mainly used in consumer electronics, renewable energy and industrial applications, automotive electronics, data centers and other fields. The Company conducts its business in the domestic and overseas markets.",27130638527.58,3478286990.72,34002513195.08,4359296563.47,415825129.0,79.12,64.69999694824219,45364000,1451296424.0,186063644.1,45364000,879152253.0,899382457.0,30.86,33.66,30.86,0.0,,,0.45,11734215.38,0.34,31.0,31.0,34.0,30.549999237060547,3.18,-5.17,4.59286,7.58,True,2.87,Claw-back not triggered (subscription level below the reallocation threshold),10.0,-0.52,1984055.17,-0.03,3725094.26,26.7,38421528.32,30/06/2025,5.52,20.71,16.01,14.39,19.73,19.25,153.24,,,,,,,,,,,,,,,False,80.01,6105.0,True,China International Capital Corporation Hong Kong Securities Limited,,,2025-01-22,https://www1.hkexnews.hk/listedco/listconews/sehk/2024/1218/2024121800031.pdf,https://www1.hkexnews.hk/listedco/listconews/sehk/2024/1227/2024122701822.pdf,China International Capital Corporation Hong Kong Securities Limited/ CMB International Capital Limited,False,True,True,,,,,,,,,,True,
13/09/2024,30/12/2024,02587,KYG4412P1019,HealthyWay Inc.,健康之路股份有限公司,Healthcare,Other Healthcare,Medical & Aesthetic Services,False,False,False,False,True,,,,,,,False,T+1,"HealthyWay Inc is an investment holding company primarily engaged in the providing corporate and digital marketing services and health and medical services. The Company mainly operates its business through three segments. The Corporate and Digital Marketing Services segment is engaged in the provision of corporate and digital marketing services which mainly consists of content services, information technology services and digital marketing services. The Health and Medical Services segment is engaged in the provision of health and medical services which mainly consists of medical support services and value-based medical services. The Others segment is engaged in the sales of health services and products through various online and offline channels, such as service of visiting patients on behalf of customers and sales of nutritional supplements. The Company mainly conducts its business in the domestic market.",6846097440.0,877704800.0,1949826830.68,249977798.81,352619557.0,40.33,2.2300000190734863,25000000,195000000.0,25000000.0,25000000,877704800.0,874271300.0,,8.8,7.8,,,,36.67,4484169.94,0.51,9.949999809265137,10.65999984741211,10.699999809265137,9.399999618530272,3.18,-5.17,4.59286,5.1,True,34.42,Claw-back not triggered (subscription level below the reallocation threshold),,64.62,8683027.53,97.95,14700777.15,64.62,61663733.23,30/06/2025,-5.69,121.03,138.46,134.36,36.92,15.51,-43.97,,,,,,,,,,,,,,,False,50.0,4889.0,False,,,,,https://www1.hkexnews.hk/listedco/listconews/sehk/2024/1218/2024121800023.pdf,https://www1.hkexnews.hk/listedco/listconews/sehk/2024/1227/2024122701758.pdf,CCB International Capital Limited | Bookrunners/Lead Managers: IMPORTANT,False,True,True,,,,,,,,,,True,
31/10/2024,08/01/2025,06681,KYG1300R1083,BrainAurora Medical Technology Limited,腦動極光醫療科技有限公司,Healthcare,Other Healthcare,Medical & Aesthetic Services,True,False,False,False,True,,,,,,,False,T+1,"BrainAurora Medical Technology Ltd is an investment holding company primarily engaged in offering cognitive impairment digital therapeutics (DTx) integral software solutions. The Company's main business is engaged in offering the system integral software solutions to hospitals which enables the hospitals to offer assessment and intervention to their cognitive impairment patients. The Company is also engaged in offering research projects services as well as technical and operational support services. The Company's main product is Brain Function Information Management Platform Software System, which enables clinical assessment and interventions for various types of cognitive impairment induced by vascular diseases, neurodegenerative diseases, psychological disorders and child development deficiencies, among other types of cognitive impairments. The Company mainly conducts its business in the domestic market.",4077415160.0,522745533.33,2186827599.43,280362512.75,481084338.0,35.42,1.6100000143051147,181112000,583180640.0,74766748.72,181112000,1266278000.0,1358278000.0,3.22,3.22,3.22,,,,3.42,8067180.97,1.54,3.2200000286102295,3.3299999237060547,3.490000009536743,3.130000114440918,-5.56,-9.28,4.17274,11.41,True,11.39,Claw-back not triggered (subscription level below the reallocation threshold),,24.22,10360955.39,14.91,12207275.88,68.32,23210753.28,09/07/2025,0.7,78.57,95.34,77.33,73.6,73.29,132.61,,,,,,,,,,,,,,,False,50.01,10891.0,True,,,,2025-02-02,https://www1.hkexnews.hk/listedco/listconews/sehk/2024/1230/2024123000045.pdf,https://www1.hkexnews.hk/listedco/listconews/sehk/2025/0107/2025010701660.pdf,China International Capital Corporation Hong Kong Securities Limited/ SPDB International Capital Limited | Bookrunners/Lead Managers: IMPORTANT,False,True,True,,,,,,,,,,True,
19/09/2024,09/01/2025,02560,CNE100006QD2,"Anhui Conch Material Technology Co., Ltd.",安徽海螺材料科技股份有限公司,Materials,Basic Materials,Specialty Chemicals,False,False,False,True,True,,,,,,,False,T+1,"Anhui Conch Material Technology Co Ltd is a China-based company primarily engaged in the research and development, production and sales of cement admixture, concrete admixture together with their respective in-process intermediaries. The Company's main products include the various types of cement admixture and concrete admixture, the in-process intermediary of cement admixture, being alcohol amine, and the in-process intermediaries of concrete admixture, being polyether monomers and polycarboxylic acid mother liquor. The Company's cement and concrete admixtures are used in the production process of cement and concrete, aiming to speed up the production process, save energy consumption, and reduce the amount of raw materials. The Company mainly conducts its business in the domestic market.",1739682000.0,223036153.85,257665412.0,33034027.18,76064696.0,41.03,1.39,144974000,434922000.0,55759230.77,144974000,579894000.0,185370800.0,3.0,3.3,3.0,0.0,,,-47.67,9865034.94,4.42,1.7999999523162842,1.5700000524520874,1.9299999475479128,1.5700000524520874,-5.27,-9.46,4.15518,11.95,True,25.83,"28,995,000 Offer Shares reallocated from the International Offering to the retail tranche via clawback (14,498,000 -> 43,493,000 Shares), 30.0% of the Global Offering",30.0,-54.33,3480647.41,-51.67,4519070.52,-54.0,7104892.29,10/07/2025,4.24,-42.67,-44.67,-45.0,-42.33,-38.33,-44.0,,,,,,,,,,,,,,,False,70.0,11856.0,False,,,,,https://www1.hkexnews.hk/listedco/listconews/sehk/2024/1231/2024123100162.pdf,https://www1.hkexnews.hk/listedco/listconews/sehk/2025/0108/2025010801080.pdf,China Securities (International) Corporate Finance Company Limited,False,True,False,,,,,,,,,,False,
31/07/2024,09/01/2025,02613,CNE100006QP6,"ContiOcean Environment Tech Group Co., Ltd.",上海匯舸環保科技集團股份有限公司,Industrials,Industrial Engineering,Commercial Vehicles & Trucks,False,False,False,True,True,,,,,,,False,T+1,"ContiOcean Environment Tech Group Co Ltd is a China-based company primarily engaged in the provision of maritime environmental protection equipment and system. The Company mainly operates four business segments. The Marine Exhaust Gas Cleaning Systems Business segment is engaged in sales of ship exhaust gas cleaning systems (including open-loop and hybrid types). The Marine Energy-Saving Devices Business segment is engaged in the sales of energy saving devices including rudder bulb, pre-shrouded vanes, hub vortex absorbed fins, wind deflector and others. The Marine Clean-energy Supply Systems Business segment is engaged in the sales of low-flashpoint fuel supply system and fuel gas supply system. The Maritime Services Business segment is engaged in ship accommodation interior design and construction, including provision of relevant equipment and other maritime services. The Company conducts its business in the domestic and overseas markets.",1272000000.0,163076923.08,1198499394.04,153653768.47,5469200.0,13.99,30.65999984741211,10000000,318000000.0,40769230.77,10000000,40000000.0,40000000.0,31.8,39.8,31.8,0.0,,,6.29,8901099.8,5.46,33.95000076293945,33.79999923706055,34.95000076293945,33.150001525878906,-5.27,-9.46,4.15518,-0.41,True,55.33,,18.94,-8.02,4201135.32,-5.66,4445668.66,-4.09,5813972.51,10/07/2025,-1.05,-26.1,-24.21,-25.31,-25.31,-21.07,-5.72,,,,,,,,,,,,,,,False,40.01,12389.0,False,,,,,https://www1.hkexnews.hk/listedco/listconews/sehk/2024/1231/2024123100011.pdf,https://www1.hkexnews.hk/listedco/listconews/sehk/2025/0108/2025010801098.pdf,"CITIC Securities (Hong Kong) Limited/ China Galaxy International Securities  (Hong Kong) Co., Limited",False,True,True,,,,,,,,,,False,
08/12/2024,10/01/2025,00325,KYG1R24P1085,Bloks Group Limited,布魯可集團有限公司,Consumer Discretionary,Household Goods & Electronics,Toys & Leisure Products,False,False,False,False,True,,,,,,,False,T+1,"Bloks Group Ltd is an investment holding company primarily engaged in design, development and sales of toys. The Company’s products primarily include assembly character toys and brick-based toys. The self-developed intellectual property (IP) products include the children-development-oriented Magic Blocks and the Chinese culture-themed Hero Infinity. The Company’s licensed IP products primarily include HATSUNE MIKU, ULTRAMAN, TRANSFORMERS, KARMEN RIDER, TOY STORY, ZOOTOPIA, FROZEN, DISNEY PRINCESS, STITCH, Fast & Furious, JURASSIC PARK, ANPANMAN, GODZILLA, THE MONKEY KING and NEZHA CONQUERS THE DRAGON KING. The Company primarily distributes its products to the domestic market, as well as overseas markets such as other Asian regions and North America.",14791196285.75,1896307216.12,10284198422.2,1318486977.21,76348620.0,30.85,41.56,27738300,1925104650.0,246808288.46,27738300,245090245.0,247454245.0,55.65,60.35,60.35,100.0,,,40.85,292119412.82,15.4,109.5999984741211,85.0,109.9000015258789,84.9000015258789,-5.41,-10.29,4.09429,-0.17,True,5999.96,,43.5,40.51,60051192.53,49.63,75855554.62,49.3,195781634.04,11/07/2025,-4.19,131.15,135.29,141.26,121.21,120.38,14.33,,,,,,,,,,,,,,,False,10.0,126841.0,True,Goldman Sachs (Asia) L.L.C.,0.0,,2025-02-06,https://www1.hkexnews.hk/listedco/listconews/sehk/2024/1231/2024123100152.pdf,https://www1.hkexnews.hk/listedco/listconews/sehk/2025/0109/2025010900829.pdf,Goldman Sachs (Asia) L.L.C./ Huatai Financial Holdings (Hong Kong) Limited,True,True,True,,,,,,,,,,True,
30/09/2024,10/01/2025,02530,KYG6781U1085,Numans Health Food Holdings Company Limited,紐曼思健康食品控股有限公司,Healthcare,Other Healthcare,Dietary Supplements,False,False,False,False,True,,,,,,,False,T+1,"Numans Health Food Holdings Co Ltd is an investment holding company primarily engaged in the sales, including marketing, selling and distributing, of nutritional products. The Company sells its nutritional products under the brands Nemans. The Company’s products can be categorized into five main types, namely algal oil docosahexaenoic acid (DHA), probiotics, vitamins, multi-nutrients and algal calcium products. The Company’s nutritional products mainly target pregnant and postpartum women, infants and children. The Company mainly conducts its business in the domestic market.",800000000.0,102564102.56,759999990.46,97435896.21,250000000.0,25.0,0.7599999904632568,250000000,200000000.0,25641025.64,250000000,1000000000.0,1000000000.0,0.8,1.09,0.8,0.0,,,-13.75,10882892.27,10.61,0.7900000214576721,0.6899999976158142,0.7900000214576721,0.5799999833106995,-5.41,-10.29,4.09429,7.91,True,65.17,,,-27.5,2782020.44,-15.0,4249405.08,-15.0,9309769.2,11/07/2025,3.08,-16.25,-17.5,-18.75,-15.0,-15.0,-27.5,,,,,,,,,,,,,,,False,50.01,,False,,,,,https://www1.hkexnews.hk/listedco/listconews/sehk/2024/1230/2024123000005.pdf,https://www1.hkexnews.hk/listedco/listconews/sehk/2025/0109/2025010901059.pdf,"Caitong International Capital Co., Limited",False,False,True,,,,,,,,,,False,
29/11/2024,13/01/2025,00805,KYG6471S1084,New Gonow Recreational Vehicles Inc.,新吉奧房車有限公司,Consumer Discretionary,Automobiles,Automobiles,False,False,False,False,True,,,,,,,False,T+1,"New Gonow Recreational Vehicles Inc is an investment holding company primarily engaged in manufacturing and exporting the recreational vehicles (RVs) to Australia and sales RVs through dealership and stores in Australia and New Zealand. The Company's main business is engaged in the design, development, manufacture and sales of bespoke towable RVs. The Company sells its RV products under the brands Snowy River, Regent and NEWGEN. The Company's products include Snowy River SRC series, Snowy River SRT series, Snowy River SRP series, Regent RDC series, Regent RCC series, NEWGEN NG series and other products. The Company also provides a variety of after-sales services, including RV maintenance, repairs, and the sale and upgrade of various RV parts and accessories. The Company mainly conducts its business in the overseas market.",1219200000.0,156307692.31,6057600000.0,776615384.62,300412800.0,31.29,6.31,240000000,304800000.0,39076923.08,240000000,960000000.0,960000000.0,,1.64,1.27,,,,-22.83,1097851.3,0.7,0.9800000190734864,0.9800000190734864,1.2300000190734863,0.8999999761581421,-5.49,-7.11,4.05393,-2.17,True,2.52,Claw-back not triggered (subscription level below the reallocation threshold),,-7.09,4941264.03,14.17,7197836.59,-27.56,14227513.43,14/07/2025,1.77,-9.45,-11.02,-11.02,-9.45,-7.09,-11.81,,,,,,,,,,,,,,,False,60.0,2336.0,True,,,,2025-02-07,https://www1.hkexnews.hk/listedco/listconews/sehk/2024/1231/2024123100017.pdf,https://www1.hkexnews.hk/listedco/listconews/sehk/2025/0110/2025011001251.pdf,Huatai Financial Holdings (Hong Kong) Limited,False,True,False,,,,,,,,,,False,
07/11/2024,13/01/2025,02596,CNE100006QK7,"Yibin City Commercial Bank Co., Ltd",宜賓市商業銀行股份有限公司,Financials,Banks,Banks,False,False,False,True,True,,,,,,,False,T+1,"Yibin City Commercial Bank Co Ltd is a China-based company primarily engaged in the operation of city commercial bank. The Company mainly operates its business through four segments. The Corporate Banking segment is engaged in providing corporate and institutional customers with financial products and services, including corporate loans, bill discounting and rediscounting, corporate deposits and fee- and commission-based products and services. The Retail Banking segment is engaged in providing products and services to retail banking customers, including loans, deposits, bank cards, and other fee- and commission-based services. The Financial Markets segment includes inter-financial institution lending and borrowing business and financial investment business, such as monetary market transactions, investments in securities and other financial assets. The Unallocated Classes segment includes rental income and other miscellaneous income.",11883956000.0,1523584102.56,1824260065.65,233879495.6,323298664.0,46.96,2.6500000953674316,688400000,1782956000.0,228584102.56,688400000,4588400000.0,688400000.0,2.59,2.72,2.59,0.0,,,0.77,8596101.58,0.56,2.5899999141693115,2.609999895095825,2.690000057220459,2.5899999141693115,-5.49,-7.11,4.05393,-7.42,False,0.21,Claw-back not triggered (subscription level below the reallocation threshold),2.05,0.77,1350832.0,0.39,2324498.63,0.39,4912874.18,14/07/2025,0.0,0.39,0.39,0.39,0.39,0.39,1.54,,,,,,,,,,,,,,,False,100.0,2352.0,True,CCB International Capital Limited,24993000.0,2.59,2025-02-07,https://www1.hkexnews.hk/listedco/listconews/sehk/2024/1230/2024123000047.pdf,https://www1.hkexnews.hk/listedco/listconews/sehk/2025/0110/2025011001363.pdf,CCB International Capital Limited/ ICBC International Capital Limited,False,True,True,,,,,,,,,,False,
04/12/2024,15/01/2025,02571,CNE100006QL5,"Beijing Saimo Technology Co., Ltd.",北京賽目科技股份有限公司,Information Technology,Software & Services,Application Software,False,False,False,True,True,,,,,,,False,T+1,"Beijing Saimo Technology Co Ltd is a China-based company primarily engaged in the development of intelligent connected vehicle (ICV) simulation testing technologies. The Company’s main business is engaged in the design, research and development of ICV simulation testing products and the provision of related testing, validation and evaluation solutions. The Company’s products include ICV simulation testing software and platforms, ICV data platforms and other products. The Company’s services include ICV testing and related services, and advisory and other services. The Company mainly conducts its business in the domestic market.",1732000866.0,222051393.08,480209840.0,61565364.1,14110674.0,46.87,15.95,33333400,433000866.0,55512931.54,33333400,133333400.0,33333400.0,12.0,18.0,12.99,16.5,,,1.46,13045496.71,5.87,13.300000190734863,13.18000030517578,14.65999984741211,13.020000457763672,-2.57,-3.95,3.93268,2.26,True,2.66,Claw-back not triggered (subscription level below the reallocation threshold),10.0,0.23,2633128.73,0.38,3415300.01,14.09,12463091.03,16/07/2025,-2.16,-2.23,-0.08,-0.08,-0.69,0.69,2.39,,,,,,,,,,,,,,,False,100.0,4565.0,True,,,,2025-02-09,https://www1.hkexnews.hk/listedco/listconews/sehk/2024/1231/2024123100154.pdf,https://www1.hkexnews.hk/listedco/listconews/sehk/2025/0114/2025011400898.pdf,CEB International Capital Corporation Limited,False,False,False,,,,,,,,,,False,
15/12/2024,12/02/2025,01364,KYG4212T1058,Guming Holdings Limited,古茗控股有限公司,Consumer Staples,Food & Beverages,Non-alcoholic Beverages,False,False,False,False,True,,,,,,,False,T+1,"Guming Holdings Ltd is a holding company principally engaged in the production and sale of ready-made beverages. The Company mainly opens stores and operates the Good me brand through a franchise model. The Company mainly sells three types of beverages: fruit tea drinks, milk tea drinks, coffee drinks and others. The Company mainly operates its businesses in the domestic market.",23421787600.4,3002793282.1,49556080624.4,6353343669.79,515804731.0,22.0,21.14,182403600,2030471632.0,260316875.9,182403600,2356316660.0,2378185860.0,8.68,9.94,9.94,100.0,,,-6.44,159772137.32,5.32,10.0,9.300000190734863,10.399999618530272,8.930000305175781,15.81,12.46,3.62101,1.3,True,194.87,"63,444,800 Offer Shares reallocated from the International Offering to the retail tranche via clawback (15,861,200 -> 79,306,000 Shares), 43.48% of the Global Offering",43.48,-7.44,41802709.94,-2.11,54039358.04,42.25,244443559.82,13/08/2025,-0.6,132.8,133.0,134.21,128.77,127.16,191.35,,,,,,6.0,,,,,,,,,False,100.0,29086.0,True,Goldman Sachs (Asia) L.L.C.,17999200.0,9.155,2025-03-09,https://www1.hkexnews.hk/listedco/listconews/sehk/2025/0204/2025020400011.pdf,https://www1.hkexnews.hk/listedco/listconews/sehk/2025/0211/2025021100944.pdf,Goldman Sachs (Asia) L.L.C./ UBS Securities Hong Kong Limited | Bookrunners/Lead Managers: Guming,True,False,True,,,,,,,,,,True,
01/01/2025,03/03/2025,02097,CNE100006T36,MIXUE Group,蜜雪冰城股份有限公司,Consumer Staples,Food & Beverages,Non-alcoholic Beverages,False,False,False,True,True,,,,,,,False,T+1,"MIXUE Group is a China-based company primarily engaged in the sales of freshly-made drinks. The Company’s main business is engaged in selling store supplies (including ingredients and packaging materials) and equipment to franchisees under franchise model. The Company has two major brands, including freshly-made tea drinks brand Mixue and freshly-made coffee brand Lucky Cup. The main products of Mixue include Freshly-Squeezed Lemonade, Fresh Ice Cream, Bubble Tea, Peachy Spring Oolong Tea, Bountiful Passion Fruit, Bestie Berries, Mulberry n’ Strawberry Blast and other products. The main products of Luck Cup include Coffee Americano, Coffee Latte, Coco Latte and other products. The Company conducts its business in the domestic and overseas markets.",76354629750.0,9789055096.15,34491867979.72,4422034356.37,41560666.0,27.54,228.6000061035156,17059900,3972807000.0,509334230.77,17059900,377059900.0,150883058.0,202.5,202.5,202.5,,,,43.21,597060774.36,6.1,262.0,290.0,298.0,256.0,13.75,16.51,3.87226,-8.16,True,5258.21,,50.0,68.59,222910736.96,94.27,410394959.26,108.0,1151934739.82,01/09/2025,-4.86,102.86,114.81,113.23,100.3,101.98,64.64,,,,,,,,,,,,,,,False,8.0,264992.0,True,Merrill Lynch (Asia Pacific) Limited,,,2025-03-28,https://www1.hkexnews.hk/listedco/listconews/sehk/2025/0221/2025022100009.pdf,https://www1.hkexnews.hk/listedco/listconews/sehk/2025/0228/2025022801727.pdf,Merrill Lynch (Asia Pacific) Limited/ Goldman Sachs (Asia) L.L.C./ UBS Securities Hong Kong Limited | Bookrunners/Lead Managers: GF Securities CMBI,True,True,True,,,,,,,,,,True,
30/08/2024,10/03/2025,06693,CNE100006T51,"Chifeng Jilong Gold Mining Co., Ltd.",赤峰吉隆黃金礦業集團股份有限公司,Materials,Gold & Precious Metals,Gold & Precious Metals,False,False,False,True,True,,,,,,,False,T+1,"Chifeng Jilong Gold Mining Group Ltd, formerly Chifeng Jilong Gold Mining Co Ltd, is a China-based company primarily engaged in the mining, beneficiation, and sale of gold. The Company is also engaged in polymetallic mining and beneficiation and comprehensive resource recycling. The Company's main products include precious metals such as gold and non-ferrous metals such as electrolytic copper, including zinc concentrate, lead concentrate (containing silver), copper concentrate (containing silver), and molybdenum concentrate. The Company primarily operates in the domestic and overseas markets.",25650409546.16,3288514044.38,5434765295.74,696764781.51,1463107047.0,618.65,22.979999542236328,205652000,3244777256.0,415997084.1,205652000,1869563378.0,236499800.0,,15.83,13.72,,,,0.0,88300372.06,2.69,13.720000267028809,13.720000267028809,13.920000076293944,13.539999961853027,12.54,17.09,3.8,3.23,True,9.53,Claw-back not triggered (subscription level below the reallocation threshold),8.7,0.0,39378032.92,2.04,68688034.46,25.36,467857024.5,08/09/2025,5.94,118.37,97.67,106.12,143.59,143.29,206.85,,,,,,,,,,,,,,,False,28.0,29964.0,True,CLSA Limited,14496400.0,13.26,2025-04-04,https://www1.hkexnews.hk/listedco/listconews/sehk/2025/0228/2025022800056.pdf,https://www1.hkexnews.hk/listedco/listconews/sehk/2025/0307/2025030701501.pdf,CITIC Securities (Hong Kong) Limited,False,True,False,,,,,,,,,,True,
26/09/2024,21/03/2025,02561,KYG93Y5D1039,VISEN Pharmaceuticals,維昇藥業,Healthcare,Pharmaceuticals & Biotechnology,Biotechnology,True,False,False,False,True,,,,,,,False,T+1,"Visen Pharmaceuticals is a holding company mainly engaged in developing and commercializing disruptive endocrine therapies. The Company's main products under development include lonapegsomatropin, navepegritide, and palopegteriparatide. The lonapegsomatropin is used to treat growth hormone deficiency in children aged 3 to 17 years old. The navepegritide is a disease repair therapy used to treat children with cartilage dysplasia aged 2 to 10 years old. The palopegteriparatide is a treatment method used to treat adult hypoparathyroidism. The Company is in the late stage of research and development, and its products are close to commercialization.",7838168243.2,1004893364.51,2272792160.65,291383610.34,25405240.0,22.33,19.979999542236328,11385000,783288000.0,100421538.46,11385000,113926864.0,113753364.0,,75.28,68.8,,,,0.0,30065601.33,2.99,68.80000305175781,68.80000305175781,69.1500015258789,64.80000305175781,3.25,20.13,3.82988,7.8,True,72.64,"2,970,000 Offer Shares reallocated from the International Offering to the retail tranche via clawback (990,000 -> 4,554,000 Shares), 40.0% of the Global Offering",40.0,-21.37,16219612.5,-16.79,21343144.55,-29.72,31356652.57,19/09/2025,-1.17,-36.16,-34.59,-35.41,-36.89,-37.94,-63.84,,,,,,,,,,,,,,,False,6.27,22345.0,True,,,,2025-04-17,https://www1.hkexnews.hk/listedco/listconews/sehk/2025/0313/2025031300017.pdf,https://www1.hkexnews.hk/listedco/listconews/sehk/2025/0320/2025032001490.pdf,Morgan Stanley Asia Limited/ Jefferies Hong Kong Limited,True,False,True,,,,,,,,,,False,
26/09/2024,25/03/2025,02610,KYG6391R1074,Nanshan Aluminium International Holdings Limited,南山鋁業國際控股有限公司,Materials,Diversified Metals & Minerals,Aluminium,False,False,False,False,True,,,,,,,False,T+1,"Nanshan Aluminium International Holdings Limited is an Indonesia-based investment holding company. The Company and its subsidiaries are principally engaged in the production and sales of alumina. Its subsidiaries include Hong Kong Nanshan Aluminium Management Company Limited, Prime Aluminium Investment Holding Limited, and Global Aluminium Investment Holding Limited. Its main product is metallurgical grade alumina, produced through the low-temperature Bayer process. Occasionally, the Company also supplies its customers with aluminum hydroxide, which is a semifinished product during its alumina production. Its production facilities are all located in the Special Economic Zone, Bintan Island, Riau Islands Province. It sources bauxite locally. The Company's customers are outside of Mainland China, primarily located in Southeast Asia, particularly in Malaysia and Singapore.",15647058980.0,2006033202.56,15498471011.99,1986983463.08,114020345.0,18.38,24.979999542236328,88235300,2378976320.0,304996964.1,88235300,588235300.0,620435200.0,26.6,31.5,26.6,0.0,,,-5.08,41703935.9,2.08,26.600000381469727,25.25,26.899999618530273,25.25,-0.57,16.15,3.8,7.65,True,3.89,Claw-back not triggered (subscription level below the reallocation threshold),,-10.9,8786334.2,-8.83,11696799.66,-8.65,44027833.38,23/09/2025,-7.35,46.02,60.38,57.59,47.37,49.32,116.92,4.0,,False,False,False,6.0,,,,,,,,,False,100.0,12791.0,True,Huatai Financial Holdings (Hong Kong) Limited,12035300.0,23.5,2025-04-19,https://www1.hkexnews.hk/listedco/listconews/sehk/2025/0317/2025031700019.pdf,https://www1.hkexnews.hk/listedco/listconews/sehk/2025/0324/2025032401216.pdf,Huatai Financial Holdings (Hong Kong) Limited | Bookrunners/Lead Managers: Nanshan Aluminium International Holdings Limited,False,True,True,,,,,,,,,,True,
13/11/2024,27/03/2025,02569,KYG8252K1067,Soft International Group Ltd,舒寶國際集團有限公司,Consumer Staples,Consumer Staple Retailers,Personal Care,False,False,False,False,True,,,,,,,False,T+1,"Soft International Group Ltd is a company mainly engaged in the development, production and sales of personal disposable hygiene products. The Company's main products include: babycare, feminine care and adult incontinence products. The Company mainly operates its business through two business segments. The Contract Manufacturing segment mainly produces for corporate customers as an Original Design Manufacturer (OEM) and carries their brands for export from China into countries in Eurasia. The Branded Product Business segment mainly produces, markets and sells products under its own brand in China, through self-operated online stores on major digital platforms in China and online stores operated by third parties in a direct-to-consumer (D2C) sales model.",510000000.0,65384615.38,1159999966.62,148717944.44,250000000.0,25.0,1.159999966621399,250000000,127500000.0,16346153.85,250000000,1000000000.0,1000000000.0,0.5,0.6,0.51,10.0,,,31.37,23411003.15,35.81,0.4900000095367431,0.6700000166893005,0.8199999928474426,0.4850000143051147,2.37,17.36,3.77441,6.34,True,167.09,"100,000,000 Offer Shares reallocated from the International Offering to the retail tranche via clawback (25,000,000 -> 125,000,000 Shares), 50.0% of the Global Offering",50.0,-2.94,12481858.48,-1.96,13462755.89,19.61,30685274.66,25/09/2025,-2.86,33.33,41.18,37.25,52.94,41.18,98.04,,,,,,,,,,,,,,,False,30.01,19843.0,False,,,,,https://www1.hkexnews.hk/listedco/listconews/sehk/2025/0319/2025031900013.pdf,https://www1.hkexnews.hk/listedco/listconews/sehk/2025/0326/2025032601370.pdf,Sunny Fortune Capital Limited,False,False,False,,,,,,,,,,False,
24/01/2025,31/03/2025,02625,CNE100006V57,Jiangsu Horizon Chain Supermarket Company Limited,江蘇宏信超市連鎖股份有限公司,Consumer Staples,Consumer Staple Retailers,Supermarkets & Convenience Stores,False,False,False,True,True,,,,,,,False,T+1,"Jiangsu Horizon Chain Supermarket Co Ltd is a China-based company principally engaged in supermarket and convenience store retail operations. The Company is primarily engaged in four businesses. The wholesale operations sell grains and oil, food products and other products to resellers and other retail operators including other operators of supermarkets and convenience stores as well as catering business operators. The retail operations operate supermarkets and convenience stores under brand Hongxinlong, as well as Malls. The rental operations engage in the leasing of some shop floor area or shop premises in Retail Stores and Malls to other retail operators like restaurant, hotels and pharmacies. The supply and sales of meals business is engaged in the production of meals and their distribution to local corporates, schools or government entities. The Company mainly conducts its businesses in the domestic market.",535617275.0,68668881.41,549040186.45,70389767.49,135436196.0,57.48,2.33,53562000,133905000.0,17167307.69,53562000,214246910.0,235639565.0,2.5,3.0,2.5,0.0,,,0.0,8907051.28,12.97,3.440000057220459,2.5,3.650000095367432,2.390000104904175,0.78,15.25,3.7275,13.9,True,46.96,Claw-back not triggered (subscription level below the reallocation threshold),,-2.0,2022141.08,-14.4,3318994.37,30.8,11554838.69,29/09/2025,-2.24,126.8,88.4,132.0,139.6,144.8,95.2,,,,,,,,,,,,,,,False,3.91,,False,,,,,https://www1.hkexnews.hk/listedco/listconews/sehk/2025/0321/2025032100009.pdf,https://www1.hkexnews.hk/listedco/listconews/sehk/2025/0328/2025032802386.pdf,Red Solar Capital Limited,False,False,False,,,,,,,,,,False,
27/01/2025,14/04/2025,03677,CNE100006VV4,"Jiangsu Zenergy Battery Technologies Group Co., Ltd.",江蘇正力新能電池技術股份有限公司,Industrials,Industrial Engineering,Energy Storage Units,False,False,False,True,True,,,,,,,False,T+1,"Jiangsu Zenergy Battery Technologies Group Co Ltd is a China-based company principally engaged in research, development, production and sales of electric vehicle battery products, energy storage system battery products and aviation battery products. The Company provides integrated battery solutions, encompassing battery cells, modules, packs, racks, and battery management systems. The Company’s energy storage system and marine battery products are primarily lithium iron phosphate (LFP) batteries, and aviation battery products are primarily high-nickel semi-solid-state Lithium-Ion battery products. The Company’s batteries cover a variety of electric vehicle types, such as battery electric vehicle (BEV), plug-in hybrid electric vehicle (PHEV), extended-range electric vehicle (EREV) and hybrid electric vehicle (HEV). The Company mainly conducts its businesses in the domestic market.",20745295851.81,2659653314.33,8109703871.6,1039705624.56,285865266.0,19.25,5.460000038146973,121523700,1005000999.0,128846281.92,121523700,2508500103.0,1485293739.0,8.27,8.27,8.27,,,,1.45,3474750.91,0.13,8.460000038146973,8.390000343322754,8.460000038146973,8.329999923706055,-10.61,11.43,3.65119,5.26,True,3.51,Claw-back not triggered (subscription level below the reallocation threshold),10.0,1.57,6473949.79,0.73,8736066.78,12.7,30046424.45,13/10/2025,0.34,43.41,46.31,42.93,43.41,41.48,-5.08,,,,,,,,,,,,,,,False,100.0,,True,,,,2025-05-09,https://www1.hkexnews.hk/listedco/listconews/sehk/2025/0403/2025040300013.pdf,https://www1.hkexnews.hk/listedco/listconews/sehk/2025/0411/2025041101645.pdf,China International Capital Corporation  Hong Kong Securities Limited/ CMB International Capital Limited,False,True,True,,,,,,,,,,True,
27/02/2025,15/04/2025,09606,KYG2929M1087,"Duality Biotherapeutics, Inc.",映恩生物,Healthcare,Pharmaceuticals & Biotechnology,Biotechnology,True,False,False,False,True,,,,,,,False,T+1,"Duality Biotherapeutics Inc is an investment holding company principally engaged in clinical-stage biopharmaceuticals. The Company is dedicated to the development of antibody-drug conjugate (ADC) innovative therapeutics to treat cancer and autoimmune diseases. The Company's primary drug product candidates include DB-1303/BNT323, DB-1311/BNT324, DB-1310, DB-1305/BNT325, DB-1419 and DB-2304. The Company's products are mainly used for the targeted treatment of endometrial cancer (EC), breast cancer (BC), small-cell lung cancer (SCLC), castration-resistant prostate cancer (CRPC), esophageal squamous cell carcinoma (ESCC), as well as head and neck squamous cell carcinoma (HNSCC). The Company principally conducts its businesses in domestic and overseas markets.",8082289494.4,1036190960.82,16394090380.69,2101806459.06,50355185.0,55.66,181.1999969482422,17332300,1885576660.0,241740597.44,17332300,85436464.0,90475114.0,94.6,103.2,94.6,0.0,,,116.7,284508882.05,27.46,181.0,205.0,222.0,181.0,-10.41,11.3,3.6128,5.55,True,115.14,"6,028,600 Offer Shares reallocated from the International Offering to the retail tranche via clawback (1,507,200 -> 7,535,800 Shares), 43.48% of the Global Offering",43.48,132.14,114815420.66,137.84,150386309.54,101.37,317717797.36,14/10/2025,-1.93,222.41,211.63,228.75,231.92,238.27,235.94,,,,,,,,,,,,,,,False,80.01,26857.0,True,Morgan Stanley Asia Limited,0.0,,2025-05-10,https://www1.hkexnews.hk/listedco/listconews/sehk/2025/0407/2025040700009.pdf,https://www1.hkexnews.hk/listedco/listconews/sehk/2025/0414/2025041401384.pdf,Morgan Stanley Asia Limited/ Jefferies Hong Kong Limited/ CITIC Securities (Hong Kong) Limited | Bookrunners/Lead Managers: Morgan Stanley Jefferies CLSA Limited CICC CMBI,True,True,True,,,,,,,,,,True,
08/11/2024,07/05/2025,01333,CNE100006WR0,"Breton Technology Co., Ltd.",博雷頓科技股份公司,Industrials,Industrial Engineering,Heavy Industrial Machinery,False,False,False,True,True,,,,,,,False,T+1,"Breton Technology Co Ltd is a China-based company mainly engaged in the research and production of electric-powered engineering machinery. The Company is engaged in designing, developing and commercializing battery-electric engineering machinery with autonomous capabilities and providing intelligent operation services. The Company's main products are battery-electric loaders and wide-body dump trucks. The Company also designs and develops e-powertrain kits for battery-electric tractor trucks and offers complete tractor trucks for sale and lease. The Company's products are mainly used in industries such as mining and quarrying, energy and utilities, logistics and transportation, manufacturing and industrial production, construction and infrastructure as well as agriculture.",6833731716.0,876119450.77,5620000000.0,720512820.51,,,16.479999542236328,13000000,234000000.0,30000000.0,13000000,379651762.0,355955690.0,18.0,18.0,18.0,,,,38.33,26595217.13,3.04,29.0,24.899999618530273,32.5,23.5,14.44,8.62,3.08,28.89,True,198.72,Claw-back not triggered (subscription level below the reallocation threshold),,40.56,8293831.8,31.11,13202510.83,63.89,43610714.61,05/11/2025,-1.59,92.67,93.33,95.78,95.22,91.0,-3.78,,,,,,,,,,,,,,,False,2.0,30638.0,False,,,,,https://www1.hkexnews.hk/listedco/listconews/sehk/2025/0425/2025042500055.pdf,https://www1.hkexnews.hk/listedco/listconews/sehk/2025/0506/2025050602875.pdf,China International Capital Corporation  Hong Kong Securities Limited/ CMB International Capital Limited,False,True,True,,,,,,,,,,True,
15/04/2025,08/05/2025,02865,CNE100006JZ0,"Hainan Drinda New Energy Technology Co., Ltd.",海南鈞達新能源科技股份有限公司,Industrials,Industrial Engineering,New Energy Materials,False,False,False,True,True,,,,,,,False,T+1,"Hainan Drinda New Energy Technology Co Ltd is a China-based company mainly engaged in the research and development, production and sales of photovoltaic (PV) cells. The Company’s main products include N-type 210-N tunnel oxide passivated contact (TOPCon) Monocrystalline Cell, N-type 182/183-N TOPCon Monocrystalline Cell, and P-type 182-P passivated emitter rear cells (PERC) Monocrystalline Cell. The Company’s modules can then be integrated into PV systems, which are subsequently deployed in various settings, including power plants, factories, buildings, and residences and primarily used for solar power electricity generation. The Company mainly operates its businesses in the domestic and overseas markets.",6480736751.8,830863686.13,1758888312.26,225498501.57,233750772.0,284.67,21.420000076293945,63432300,1405025445.0,180131467.31,63432300,292584052.0,82114300.0,20.4,28.6,22.15,21.3,,,20.09,22695256.74,2.73,22.200000762939453,26.600000381469727,27.5,22.100000381469727,13.16,7.77,2.09452,37.57,True,3.5,Claw-back not triggered (subscription level below the reallocation threshold),10.0,11.29,11951987.14,3.61,15434544.94,8.8,75158717.74,06/11/2025,-1.2,-14.81,-15.89,-13.77,-14.09,-12.19,99.64,,,,,,,,,,,,,,,False,23.84,9151.0,True,,,,2025-06-01,https://www1.hkexnews.hk/listedco/listconews/sehk/2025/0428/2025042800051.pdf,https://www1.hkexnews.hk/listedco/listconews/sehk/2025/0507/2025050702202.pdf,Huatai Financial Holdings (Hong Kong) Limited/ CMB International Capital Limited/ Deutsche Securities Asia Limited,False,True,True,,,,,,,,,,True,
27/12/2024,08/05/2025,02589,CNE100006V73,"Auntea Jenny (Shanghai) Industrial Co., Ltd.",滬上阿姨（上海）實業股份有限公司,Consumer Staples,Food & Beverages,Non-alcoholic Beverages,False,False,False,True,True,,,,,,,False,T+1,"Auntea Jenny (Shanghai) Industrial Co Ltd is a China-based company mainly engaged in the operation of freshly-made tea shops. The Company offers freshly-made beverages made from loose-leaf tea, freshly grounded coffee beans or yogurt, with additional ingredients such as fresh fruits, Not From Concentrate (NFC) juice, milk and various types of grains. The Company operates a franchise-focused business model. The Company mainly operates its businesses in the domestic market, and its store network spans from Mohe, Heilongjiang province in northern China to Sanya, Hainan province in southern China.",11859652380.8,1520468253.95,6388373045.0,819022185.26,11785894.0,19.83,107.5,2411340,313684022.4,40215900.31,2411340,104841340.0,59426726.0,,113.12,113.12,,,,40.03,66373293.44,4.37,190.6000061035156,158.39999389648438,197.6000061035156,152.0,13.16,7.77,2.09452,35.32,True,3616.83,,50.0,16.6,30629538.52,12.89,39410737.68,10.06,59464663.92,06/11/2025,0.47,-24.9,-23.62,-25.26,-26.89,-17.26,30.48,,,,,,,,,,,,,,,False,10.0,127637.0,True,CLSA Limited,,,2025-06-01,https://www1.hkexnews.hk/listedco/listconews/sehk/2025/0428/2025042800055.pdf,https://www1.hkexnews.hk/listedco/listconews/sehk/2025/0507/2025050702204.pdf,"CITIC Securities (Hong Kong) Limited/ Haitong International Capital Limited/ Orient Capital (Hong Kong) Limited | Bookrunners/Lead Managers: Hong Kong Exchanges and Clearing Limited, The Stock Exchange of Hong Kong Limited and Hong Kong Securities Clearing Company Limited take",False,True,True,,,,,,,,,,True,
20/12/2024,16/05/2025,06831,KYG4102B1077,Green Tea Group Limited,綠茶集團有限公司,Consumer Discretionary,Travel & Leisure,Restaurants,False,False,False,False,True,,,,,,,False,T+1,"Green Tea Group Ltd is an investment holding company mainly engaged in the operation of leisure Chinese restaurants. The Company operates the Green Tea restaurant. The dishes provided by the Company mainly include f signature dishes, appetizers, soups, main courses, vegetable dishes, desserts and beverages, such as Signature Prawn with Vermicelli, Dongpo Pork Ribs, Green Tea Barbeque Pork, Stone Pot Tofu with Chicken Soup, and Bread Temptation. The Company also engages in delivery service and other businesses. The other businesses mainly include cell phone charging services, sales of products such as cooking oil, condiments and gift boxes, and parking services. The Company mainly operates its businesses in the domestic market of China.",4842140012.0,620787181.03,3687346817.2,472736771.44,213001171.0,32.35,5.599999904632568,168364000,1210537160.0,155197071.79,168364000,673454800.0,658454800.0,7.19,7.19,7.19,,,,-12.52,71611326.2,11.54,7.190000057220459,6.289999961853027,7.199999809265137,6.289999961853027,10.87,3.2,1.29798,43.32,True,317.54,"67,345,600 Offer Shares reallocated from the International Offering to the retail tranche via clawback (16,836,400 -> 84,182,000 Shares), 50.0% of the Global Offering",50.0,-16.41,21189893.36,-19.61,30490811.78,-13.07,58937335.97,14/11/2025,-5.48,-18.5,-13.35,-13.77,-23.5,-21.42,8.62,,,,,,,,,,,,,,,False,40.0,98482.0,True,,,,2025-06-12,https://www1.hkexnews.hk/listedco/listconews/sehk/2025/0508/2025050800013.pdf,https://www1.hkexnews.hk/listedco/listconews/sehk/2025/0515/2025051501489.pdf,Citigroup Global Markets Asia Limited/ CMB International Capital Limited,True,True,True,,,,,,,,,,False,
11/02/2025,20/05/2025,03750,CNE100006WS8,"Contemporary Amperex Technology Co., Limited",寧德時代新能源科技股份有限公司,Industrials,Industrial Engineering,Energy Storage Units,False,False,False,True,True,,,,,,,False,T+1,"Contemporary Amperex Technology Co Ltd is a China-based company mainly engaged in the research and development, production, and sales of power batteries and energy storage batteries. The Company's products are applied in various fields such as passenger cars, commercial vehicles, pre meter energy storage, and post meter energy storage, as well as in application scenarios such as engineering machinery, ships, and aircraft. The power battery products mainly include battery cells, modules or boxes, and battery packs. The energy storage battery products mainly include battery cells, battery cabinets, energy storage containers, and alternating current side systems. The Company also engages in battery materials and recycling, as well as other businesses. The Company operates its businesses in both domestic and international markets.",1193750033393.0,153044876076.03,153246810600.0,19647027000.0,2559160194.0,1172.31,702.0,135578600,41005723900.0,5257144089.74,135578600,4538973511.0,218300300.0,,263.0,263.0,,,,16.43,1087099822.75,0.71,296.0,306.20001220703125,311.3999938964844,291.0,10.69,3.21,0.96036,40.53,,,,7.5,22.59,1764361654.56,17.49,2377111426.1,17.87,4361302101.67,18/11/2025,-4.18,91.63,106.08,100.0,94.68,83.65,151.9,,,,,,,,,,,,,,,False,10.0,310827.0,True,China International Capital Corporation Hong Kong Securities Limited,0.0,,2025-06-14,https://www1.hkexnews.hk/listedco/listconews/sehk/2025/0512/2025051200005.pdf,https://www1.hkexnews.hk/listedco/listconews/sehk/2025/0519/2025051901257.pdf,China International Capital Corporation Hong Kong Securities Limited/ China Securities (International) Corporate Finance Company Limited/ J.P. Morgan Securities (Far East) Limited/ Merrill Lynch (Asia Pacific) Limited,True,True,True,,,,,,,,,,True,
07/05/2025,23/05/2025,02629,KYG6152E1052,Mirxes Holding Company Limited,Mirxes Holding Co. Ltd.,Healthcare,Pharmaceuticals & Biotechnology,Biotechnology,True,False,False,False,True,,,,,,,False,T+1,"MiRXES Holding Company Limited is a micro ribonucleic acid (miRNA) technology company specializing in early cancer detection and precision medicine. It develops and commercializes accurate, non-invasive, and affordable blood-based miRNA test kit products for the early detection of cancer and other diseases. Its segments include Infectious diseases and Early detection and precision multi-omics. Its solutions include cancer screening; clinical sequencing; cancer treatment selection, and infectious diseases. Its core product (namely, GASTROClear), two other commercialized products (namely, LUNGClear and Fortitude), and six product candidates at pre-clinical stage. GASTROClear is a blood-based miRNA detection panel consisting of 12 miRNA biomarkers for gastric cancer screening. LUNGClear, its lung cancer screening product candidate, is a detection panel consisting of miRNA biomarkers discovered and verified in multi-center studies. It offers complete COVID-19 testing solutions.",6438776312.3,825484142.6,3701038362.2,474492097.72,81300456.0,27.26,12.40999984741211,46620000,1086246000.0,139262307.69,46620000,276342331.0,298230331.0,23.3,23.3,23.3,,,,28.76,35302850.0,4.28,29.899999618530273,30.0,31.049999237060547,29.549999237060547,6.93,0.53,0.58964,20.47,True,25.51,Claw-back not triggered (subscription level below the reallocation threshold),,28.76,34903895.83,25.32,50379189.82,48.71,141922707.27,21/11/2025,3.35,125.32,131.33,118.03,131.12,139.06,-46.74,,,,,,,,,,,,,,,False,95.0,21541.0,False,,,,,https://www1.hkexnews.hk/listedco/listconews/sehk/2025/0515/2025051500021.pdf,https://www1.hkexnews.hk/listedco/listconews/sehk/2025/0522/2025052201535.pdf,China International Capital Corporation Hong Kong Securities Limited/ CCB International Capital Limited,False,True,True,,,,,,,,,,True,
06/01/2025,23/05/2025,01276,CNE100006XS6,"Jiangsu Hengrui Pharmaceuticals Co., Ltd.",江蘇恒瑞醫藥股份有限公司,Healthcare,Pharmaceuticals & Biotechnology,Pharmaceuticals,False,False,False,True,True,,,,,,,False,T+1,"Jiangsu Hengrui Pharmaceuticals Co Ltd is a China-based company mainly engaged in the research, development, production and sales of drugs. The Company focuses on the field of oncology, covering kinase inhibitors, antibody-drug conjugates (ADCs), tumor immunity, hormone receptor regulation, deoxyribonucleic acid (DNA) repair and epigenetics, supportive care and other research areas. The Company's products include anti-tumor, analgesic anesthesia and contrast agents, which are used in autoimmune diseases, metabolic diseases, cardiovascular diseases, infectious diseases, respiratory diseases, blood diseases, pain management, neurological diseases, ophthalmology, nephrology and other fields. The Company mainly conducts its businesses in domestic and foreign markets.",290885147359.7,37292967610.22,14936730766.02,1914965482.82,3774603157.0,1461.9,57.849998474121094,224519800,11373604280.0,1458154394.87,224519800,6603522074.0,258197600.0,,44.05,44.05,,,,25.2,584475551.64,1.57,57.599998474121094,55.150001525878906,59.0,55.150001525878906,6.93,0.53,0.58964,18.56,True,454.85,"35,923,200 Offer Shares reallocated from the International Offering to the retail tranche via clawback (12,348,600 -> 48,271,800 Shares)",,30.53,190423866.62,31.67,265598889.25,27.81,555165748.67,21/11/2025,-3.23,49.72,60.39,54.71,58.12,59.7,35.41,,,,,,,,,,,,,,,False,10.0,203874.0,True,Morgan Stanley Asia Limited,,,2025-06-19,https://www1.hkexnews.hk/listedco/listconews/sehk/2025/0515/2025051500019.pdf,https://www1.hkexnews.hk/listedco/listconews/sehk/2025/0522/2025052201651.pdf,Morgan Stanley Asia Limited/ Citigroup Global Markets Asia Limited/ Huatai Financial Holdings (Hong Kong),True,True,True,,,,,,,,,,True,
13/11/2024,27/05/2025,02565,CNE100006T44,"PegBio Co., Ltd.",派格生物醫藥(杭州)股份有限公司,Healthcare,Pharmaceuticals & Biotechnology,Biotechnology,True,False,False,True,True,,,,,,,False,T+1,"PegBio Co Ltd is a China-based company principally engaged in the discovery and development of innovative therapies. The Company's main product PB-119, is a self-developed, near-commercialized, long-acting glucagonlike peptide 1 (GLP-1, a peptide hormone that decreases blood sugar levels) receptor agonist. The Company's product candidates include PB-718, PB-1902, PB-722, PB-2301 and PB-2309. The Company's products are mainly used to treat chronic and metabolic diseases, including type 2 diabetes mellitus (T2DM, also known as type 2 diabetes), obesity, non-alcoholic steatohepatitis (NASH), opioid-induced constipation (OIC, a gastrointestinal disorder induced by the usage of opioid drugs) and congenital hyperinsulinemia (a rare endocrine disease whose patients experience constant hypoglycemia).",6020906299.2,771911064.0,2057392709.25,263768296.06,217791052.0,56.42,5.329999923706055,19283500,300822600.0,38567000.0,19283500,385955532.0,386002390.0,15.6,15.6,15.6,,,,-25.9,16695011.89,2.16,13.0,11.5600004196167,13.5,11.220000267028809,6.37,-1.71,0.60119,19.58,True,743.78,"7,713,500 Offer Shares reallocated from the International Offering to the retail tranche via clawback (1,928,500 -> 9,642,000 Shares), 50.0% of the Global Offering",50.0,-34.62,7001063.05,-37.82,8979701.27,-41.86,14524621.44,25/11/2025,-2.6,308.97,305.45,319.87,319.23,348.72,-43.46,,,,,,,,,,,,,,,False,8.0,49627.0,False,,,,,https://www1.hkexnews.hk/listedco/listconews/sehk/2025/0519/2025051900013.pdf,https://www1.hkexnews.hk/listedco/listconews/sehk/2025/0526/2025052601319.pdf,China International Capital Corporation Hong Kong Securities Limited,False,True,False,,,,,,,,,,True,
,27/05/2025,02603,CNE100006XV0,"Xiamen Jihong Co., Ltd",,Consumer Discretionary,Specialty Retail,Online Retailers,False,False,False,True,True,,,,,,,False,T+1,"Xiamen Jihong Co Ltd is a China-based company mainly engaged in the cross-border social e-commerce business and paper fast-moving consumer goods (FMCG) packaging business. The Company operates primarily through three segments. The Cross-border Social E-commerce Operation segment mainly places advertisements on social media platforms to attract customers, and provides products such as household products, apparel products, electronic products, footwear products, luggage and bag products, cosmetic and personal care products, healthcare products, maternity and baby products, and watches and accessories. The Paper Packaging Operation segment is committed to providing one-stop paper packaging products and services to FMCG enterprise customers, focusing on providing marketing strategies, product design, process design, technology planning, transportation and logistics. The Other Operations segment mainly includes marketing and advertising business and incidental trading business.",3476576931.84,445714991.26,1153790884.46,147921908.26,311308121.0,458.41,16.989999771118164,67910000,521548800.0,66865230.77,67910000,452679288.0,67910000.0,7.48,10.68,7.68,6.2,,,39.06,77634702.22,17.42,11.0,10.68000030517578,12.460000038146973,10.199999809265137,6.37,-1.71,0.60119,6.39,True,49.39,"13,582,000 Offer Shares reallocated from the International Offering to the retail tranche via clawback (6,791,000 -> 20,373,000 Shares), 30.0% of the Global Offering",30.0,26.43,26829152.59,30.21,31413964.15,40.1,60424217.62,25/11/2025,-0.24,61.46,59.51,61.85,63.41,58.85,99.09,,,,,,,,,,,,,,,False,50.0,18521.0,False,,,,,https://www1.hkexnews.hk/listedco/listconews/sehk/2025/0519/2025051900011.pdf,https://www1.hkexnews.hk/listedco/listconews/sehk/2025/0526/2025052601653.pdf,China International Capital Corporation Hong Kong Securities Limited/ CMB International Capital Limited | Bookrunners/Lead Managers: XIAMEN,False,True,True,,,,,,,,,,True,
,30/05/2025,02621,KYG8118E1044,Shouhui Group Ltd.,手回集團有限公司,Financials,Insurance,Insurance,False,False,False,False,True,,,,,,,False,T+1,"Shouhui Group Ltd is an investment holding company principally engaged in providing insurance transaction services and insurance technology services. The Company operates primarily through two segments. The Insurance Transaction Services segment acts as the agent in distributing insurance products on behalf of the insurance companies. The Insurance Technology Services segment provides consulting and other services to certain insurance companies and other customers. The Company is dedicated to providing insurance service solutions to policyholders and the insured online through life and health insurance transaction and service platforms. The Company distributes life and health insurance products through three distribution channels facilitated by three platforms, namely online direct distribution on Xiaoyusan, distribution via insurance agents on Kachabao, and distribution with the assistance of business partners on Niubao 100.",1829139088.0,234505011.28,755692308.49,96883629.29,32594811.0,14.45,3.3499999046325684,24358400,196815872.0,25232804.1,24358400,226378600.0,225579800.0,6.48,8.08,8.08,100.0,,,-18.19,18071062.42,7.71,7.5,6.610000133514404,7.5,6.610000133514404,5.29,1.52,0.58762,16.71,True,990.0,"9,743,200 Offer Shares reallocated from the International Offering to the retail tranche via clawback",,-26.86,4128854.88,-33.04,5756701.53,-39.36,9095471.27,28/11/2025,-2.26,-51.86,-50.74,-50.74,-53.34,-52.35,-60.52,,,,,,,,,,,,,,,False,5.0,53647.0,True,,2435600.0,7.055,2025-06-26,https://www1.hkexnews.hk/listedco/listconews/sehk/2025/0522/2025052200031.pdf,https://www1.hkexnews.hk/listedco/listconews/sehk/2025/0529/2025052902298.pdf,China International Capital Corporation Hong Kong Securities Limited/ Huatai Financial Holdings (Hong Kong) Limited,False,True,True,,,,,,,,,,False,
17/02/2025,10/06/2025,02573,CNE100006XW8,"Newtrend Group Holding Co., Ltd.",新琪安集團股份有限公司,Consumer Staples,Food & Beverages,Food Additives,False,False,False,True,True,,,,,,,False,T+1,"Newtrend Group Holding Co Ltd is a China-based company mainly engaged in the manufacturing of food-grade and industrial-grade glycine and sucralose. The Company also provides by-products produced during production process, such as sulfite and ammonium chloride, and other products, such as mogroside, carrageenan and agar powder. The Company’s customers mainly include manufacturers in the industries of food and beverages, pet food, daily consumer goods, confectionery and snacks, nutritional supplements and chemical products. The Company’s products are sold to customers in domestic and overseas markets, mainly Europe, North America and Asia.",1818770322.6,233175682.38,400321918.76,51323322.92,18050093.0,18.76,4.159999847412109,10585400,200064060.0,25649238.46,10585400,96231234.0,96231234.0,18.9,20.9,18.9,0.0,,,21.43,15362668.72,6.59,30.25,22.950000762939453,30.25,22.100000381469727,5.66,2.38,0.54524,9.79,True,149.37,Claw-back not triggered (subscription level below the reallocation threshold),15.7,-16.3,8496613.99,-16.83,9926414.65,-32.8,15816507.72,09/12/2025,-2.36,-54.02,-53.44,-52.91,-54.71,-53.44,-75.08,,,,,,,,,,,,,,,False,10.0,21482.0,False,,,,,https://www1.hkexnews.hk/listedco/listconews/sehk/2025/0530/2025053000073.pdf,https://www1.hkexnews.hk/listedco/listconews/sehk/2025/0609/2025060901156.pdf,CMBC International Capital Limited,False,False,False,,,,,,,,,,False,
31/12/2024,10/06/2025,02605,KYG6108A1085,MetaLight Inc.,,Consumer Discretionary,Media & Entertainment,Advertising & Marketing,False,False,False,False,True,,,,,,,False,T+1,"MetaLight Inc is an investment holding company principally engaged in the provision of mobile advertising services and vehicle dynamic information and data technology services. The Company operates Chelaile, a mobile application (APP) that applies big data analytics to deliver real-time bus arrival information. Chelaile provides free services to users and offers mobile advertising services that allow advertisers to place display-based advertisements. The Company also delivers data analytics products and services to businesses and governments, enabling predictions and supporting smart decision-making. Data technology services mainly include data-driven services by delivering a customized public transportation information package, as well as information technology solutions.",1504196235.75,192845671.25,178960777.77,22943689.46,43146519.0,27.97,1.159999966621399,24856000,242346000.0,31070000.0,24856000,154276537.0,154590662.0,9.75,9.75,9.75,,,,-30.26,20963528.79,10.87,7.599999904632568,6.800000190734863,8.3100004196167,6.800000190734863,5.66,2.38,0.54524,8.32,True,274.44,,50.0,-26.36,21292471.17,-29.95,23763500.39,-36.62,31025909.23,09/12/2025,-0.33,-69.23,-68.72,-69.13,-68.92,-68.72,-86.87,,,,,,,,,,,,,,,False,45.0,32176.0,False,,,,,https://www1.hkexnews.hk/listedco/listconews/sehk/2025/0602/2025060200008.pdf,https://www1.hkexnews.hk/listedco/listconews/sehk/2025/0609/2025060901376.pdf,China International Capital Corporation Hong Kong Securities Limited,False,True,False,,,,,,,,,,False,
16/01/2025,10/06/2025,09881,CNE100006XX6,"Rongta Technology (Xiamen) Group Co., Ltd.",容大合眾(廈門)科技集團股份公司,Information Technology,IT Hardware,Computers & Peripherals,False,False,False,True,True,,,,,,,False,T+1,"Rongta Technology (Xiamen) Group Co Ltd is a China-based company mainly engaged in the design, research, development, manufacturing and marketing of printing equipment, scales, point-of-sale (POS) terminals and personal digital assistant (PDAs). The Company’s printing equipment includes receipt printers, barcode label printers, portable study printers, printing modules and other printers. The Company’s products are widely used in different industries including retail, education, catering, logistics, warehousing, manufacturing, hospitality, medical and environmental industries. The Company mainly operates its businesses in the domestic and overseas markets.",947330000.0,121452564.1,1676774172.28,214971047.73,23705039.0,25.02,17.700000762939453,18400000,184000000.0,23589743.59,18400000,94733000.0,94733000.0,10.0,12.0,10.0,0.0,,,42.0,15477854.15,12.74,16.600000381469727,14.199999809265137,17.559999465942383,13.119999885559082,5.66,2.38,0.54524,-2.77,True,275.96,Claw-back not triggered (subscription level below the reallocation threshold),13.2,18.0,9441549.67,30.0,13247627.86,-5.9,20181453.33,09/12/2025,3.42,24.1,22.0,20.0,27.1,28.0,77.0,,,,,,,,,,,,,,,False,6.01,26751.0,True,,,,2025-07-05,https://www1.hkexnews.hk/listedco/listconews/sehk/2025/0530/2025053000009.pdf,https://www1.hkexnews.hk/listedco/listconews/sehk/2025/0609/2025060900996.pdf,Yue Xiu Capital Limited | Bookrunners/Lead Managers: IMPORTANT,False,False,True,,,,,,,,,,False,
13/01/2025,19/06/2025,03288,CNE100006Z53,Foshan Haitian Flavouring and Food Company Ltd.,佛山市海天調味食品股份有限公司,Consumer Staples,Food & Beverages,Food Additives,False,False,False,True,True,,,,,,,False,T+1,"Foshan Haitian Flavouring and Food Co Ltd is a China-based company principally engaged in the manufacture and distribution of seasonings. The Company's products portfolio consists of soybean sauces, general sauces, oyster sauces, chicken essence seasonings, vinegar and others, with soybean sauces, general sauces and oyster sauces as its main products. Its general sauces are applied in barbecue sauces, hot pot sauces and others. Its oyster sauces are applied in cooking, salad dressings and others. The Company conducts its businesses mainly within domestic markets.",211978650457.2,27176750058.62,8701784827.59,1115613439.43,1549085188.0,531.92,29.8799991607666,279031700,10571445719.999998,1355313553.85,279031700,5839632244.0,291224400.0,,36.3,36.3,,,,0.55,361485620.9,1.33,37.5,36.5,38.0,36.04999923706055,-1.87,-1.91,0.53506,10.81,True,918.15,"39,485,600 Offer Shares reallocated from the International Offering to the retail tranche via clawback (15,794,300 -> 55,279,900 Shares), 19.81% of the Global Offering",19.81,0.55,180063853.14,-3.44,238250499.59,-1.65,396166603.46,18/12/2025,1.31,-10.58,-12.78,-11.74,-7.99,-7.16,-19.72,8.0,,False,True,False,,,,,,,,,,False,5.0,379668.0,True,China International Capital Corporation Hong Kong Securities Limited,29662000.0,35.325,2025-07-16,https://www1.hkexnews.hk/listedco/listconews/sehk/2025/0611/2025061100017.pdf,https://www1.hkexnews.hk/listedco/listconews/sehk/2025/0618/2025061801931.pdf,China International Capital Corporation Hong Kong Securities Limited/ Goldman Sachs (Asia) L.L.C./ Morgan Stanley Asia Limited,True,True,True,,,,,,,,,,True,
13/12/2024,23/06/2025,02609,KYG0893A1004,Bayzed Health Group Inc,佰澤醫療集團,Healthcare,Other Healthcare,Medical & Aesthetic Services,False,False,False,False,True,,,,,,,False,T+1,"Bayzed Health Group Inc is an oncology medical company that mainly engaged in the business of investment and provision of medical-related services. The Company provides services in the field of full-cycle medical services for tumors, including screening, diagnosis, treatment and rehabilitation. The Company is principally engaged in hospital business, hospital management services, supply of pharmaceuticals, medical equipment and consumables and other businesses. The Company's business also includes tumor diagnosis, tumor treatment, tumor rehabilitation and hospice care for patients, as well as early cancer screening, tumor vaccination and health management services for other potential healthy people. The Company mainly operates its businesses in China market.",5563929993.06,713324358.08,5260682636.34,674446491.84,595762419.0,45.19,3.990000009536743,133105800,561706476.0,72013650.77,133105800,1318466823.0,1318466823.0,4.22,6.75,4.22,0.0,,,42.18,16759467.69,2.35,5.25,6.0,6.019999980926514,5.010000228881836,0.37,1.48,0.68363,3.11,True,25.92,Claw-back not triggered (subscription level below the reallocation threshold),,53.32,9696426.64,46.21,12367361.37,55.45,33608782.02,22/12/2025,6.51,8.53,1.66,1.9,1.9,-0.47,26.54,,,,,,,,,,,,,,,False,20.0,24054.0,False,,,,,https://www1.hkexnews.hk/listedco/listconews/sehk/2025/0613/2025061300019.pdf,https://www1.hkexnews.hk/listedco/listconews/sehk/2025/0620/2025062001890.pdf,CMB International Capital Limited,False,True,False,,,,,,,,,,True,
30/12/2024,23/06/2025,02617,CNE100006T02,"TransThera Sciences (Nanjing), Inc.",藥捷安康(南京)科技股份有限公司,Healthcare,Pharmaceuticals & Biotechnology,Biotechnology,True,False,False,True,True,,,,,,,False,T+1,"TransThera Sciences (Nanjing) Inc is a China-based biopharmaceutical company principally focusing on discovering and developing innovative small molecule therapies for oncology, inflammatory and cardiometabolic diseases. The Company's core product Tinengotinib is a registrational clinical stage, internally discovered and developed, MTK inhibitor indicated for certain relapsed or refractory, drug-resistant solid tumors. The Company's oncology pipeline includes TT-00973 (against AXL), TT-01488 (for hematologic malignancies), TT-01688 (for inflammatory diseases) and TT-00920 (for chronic heart failure). The products are capable of being efficacious in a broad range of cancer types (including prostate cancer, HCC, breast cancer, and BTC). It is also applied to cure hepatocellular carcinoma, breast cancer, biliary tract cancer and Pan-FGFR solid tumor.",5219203873.95,669128701.79,3611542623.15,463018285.02,136945559.0,43.8,11.55,15281000,200945150.0,25762198.72,15281000,396897633.0,312687673.0,13.15,13.15,13.15,,,,78.71,25732500.0,3.85,21.649999618530273,23.5,24.0,20.200000762939453,0.37,1.48,0.68363,15.18,True,3419.87,Claw-back not triggered (subscription level below the reallocation threshold),20.0,100.0,16662160.39,129.28,26414093.02,138.02,48788373.42,22/12/2025,2.93,1182.89,1177.57,1146.39,950.95,881.75,-14.45,,,,,,,,,,,,,,,False,0.8,135427.0,False,,,,,https://www1.hkexnews.hk/listedco/listconews/sehk/2025/0613/2025061300035.pdf,https://www1.hkexnews.hk/listedco/listconews/sehk/2025/0620/2025062002274.pdf,CITIC Securities (Hong Kong) Limited/ Huatai Financial Holdings (Hong Kong) Limited,False,True,True,,,,,,,,,,True,
15/01/2025,23/06/2025,02050,CNE100006Z79,"Zhejiang Sanhua Intelligent Controls Co., Ltd.",浙江三花智能控制股份有限公司,Industrials,Industrial Engineering,Industrial Components & Equipment,False,False,False,True,True,,,,,,,False,T+1,"Zhejiang Sanhua Intelligent Controls Co Ltd is a China-based company principally engaged in refrigeration and air conditioning electrical components business and automotive components business. The refrigeration and air-conditioning electrical components Business is committed to the professional operation of building heating, ventilation and air conditioning (HVAC) and electrical equipment. Its main products include four-way reversing valve, electronic expansion valve, solenoid valve, microchannel heat exchanger, Omega pump and others. The automotive components business focuses on in-depth research in the field of automotive thermal management. Its main products comprise thermal expansion valve, electric expansion valve, electric water pump, and thermal management integrated module for new energy vehicle and others. The Company mainly operates its businesses in the domestic and overseas markets.",93426706358.55,11977782866.48,12599622670.5,1615336239.81,1892867235.0,397.21,26.440000534057617,414379500,10736365092.0,1376457063.08,414379500,4146769035.0,476536400.0,,22.53,22.53,,,,-0.13,361490818.27,3.02,20.950000762939453,22.5,22.549999237060547,20.700000762939453,0.37,1.48,0.68363,26.64,,,,26.5,10.96,410470300.57,11.63,470552310.61,23.61,786100870.81,22/12/2025,1.78,57.21,47.8,54.46,46.92,48.34,14.16,,,,,,,,,,,,,,,False,15.0,334840.0,True,China International Capital Corporation Hong Kong Securities Limited,,,2025-07-18,https://www1.hkexnews.hk/listedco/listconews/sehk/2025/0613/2025061300017.pdf,https://www1.hkexnews.hk/listedco/listconews/sehk/2025/0620/2025062002236.pdf,China International Capital Corporation  Hong Kong Securities Limited/ Huatai Financial Holdings (Hong Kong) Limited,False,True,True,,,,,,,,,,True,
30/04/2025,25/06/2025,02643,KYG1875S1012,CaoCao Inc.,曹操出行有限公司,Consumer Discretionary,Travel & Leisure,Transportation,False,False,False,False,True,,,,,,,False,T+1,"CaoCao Inc is an investment holding company principally engaged in operating its new energy-focused online ride hailing platform that provides a range of mobility services and other services, as well as selling vehicles. The Company operates four businesses including Mobility Services, Vehicle Leasing, Vehicle Sales, and Other Services. The Company provides mobility services, which covers online ride hailing services under the brands CaoCao Mobility and Limao Mobility, offering express and mobility services. The Company also provides vehicle leasing, offering car rental services to third parties. The Company provides vehicles sales, mainly selling new vehicles, which were purchased from related parties to its car partners, individual drivers, other third-party taxi companies and automobile dealers. Other services include advertising, transportation support services, intra-city delivery service, customer referring service, technological support, and other services.",22822850484.0,2926006472.31,11573156191.84,1483737973.31,105045245.0,18.04,19.8700008392334,44178600,1852850484.0,237544933.85,44178600,544178600.0,582443669.0,41.94,41.94,41.94,,,,-14.16,62482615.38,2.14,33.79999923706055,36.0,36.79999923706055,32.849998474121094,5.12,3.8,0.90964,32.66,True,21.14,,,-14.28,35652073.75,-16.19,52640583.7,-1.88,98210550.0,24/12/2025,-1.48,-30.14,-25.85,-29.09,-28.99,-27.94,-47.26,,,,,,6.0,,,,,,,,,False,50.0,25263.0,True,,6626700.0,36.215,2025-07-20,https://www1.hkexnews.hk/listedco/listconews/sehk/2025/0617/2025061700008.pdf,https://www1.hkexnews.hk/listedco/listconews/sehk/2025/0624/2025062401322.pdf,Huatai Financial Holdings (Hong Kong) Limited/ ABCI Capital Limited/ GF Capital (Hong Kong) Limited,False,True,True,,,,,,,,,,True,
10/04/2025,25/06/2025,02619,CNE100006Z61,"X.J. Electrics (Hu Bei) Co., Ltd",湖北香江電器集團股份有限公司,Consumer Discretionary,Household Goods & Electronics,Home Appliances,False,False,False,True,True,,,,,,,False,T+1,"X.J. Electrics (Hu Bei) Group Co Ltd, formerly X J Electrics (Hu Bei) Co Ltd, is a China-based company mainly engaged in manufacturing and wholesaling of lifestyle household goods. The Company is mainly engaged in the research and development, design, manufacturing and sales of electric home appliances and non-electric household goods. The Company’s electric home appliances consist of three categories. Electro-thermic appliances cover electric griddle and air fryer and kettle. Motor-driven appliances comprise blender, mixer and electric can opener. Electronic appliances include digital scale, humidifier and laser projector light. The Company also offers non-electric household goods such as garden hose and cookware. The Company sells home appliances under its own brands including Weighmax, Accuteck and Aigoli. The Company mainly conducts its business in the domestic market and overseas markets.",780435395.74,100055819.97,91414802.28,11719846.45,45570878.0,66.8,1.340000033378601,68220000,195109200.0,25014000.0,68220000,272879509.0,68220000.0,,3.35,2.86,,,,-38.81,93782.05,0.09,1.7999999523162842,1.75,1.809999942779541,1.75,5.12,3.8,0.90964,21.43,True,852.38,"27,288,000 Offer Shares reallocated from the International Offering to the retail tranche via clawback (6,822,000 -> 34,110,000 Shares), 50.0% of the Global Offering",50.0,-38.11,78758.97,-40.21,181933.33,-20.28,3128616.49,24/12/2025,0.42,-16.43,-20.28,-16.78,-17.83,-18.88,-50.35,,,,,,,,,,,,,,,False,10.0,48554.0,False,,,,,https://www1.hkexnews.hk/listedco/listconews/sehk/2025/0617/2025061700043.pdf,https://www1.hkexnews.hk/listedco/listconews/sehk/2025/0624/2025062401168.pdf,Sinolink Securities (Hong Kong)  Company Limited,False,False,False,,,,,,,,,,False,
07/02/2025,26/06/2025,06883,KYG3206R1092,Eternal Beauty Holdings Limited,,Healthcare,Other Healthcare,Skincare and Cosmetics,False,False,False,False,True,,,,,,,False,T+1,"Eternal Beauty Holdings Ltd is an investment holding company principally engaged in the distribution of fragrances. The Company primarily distributes fragrance products sourced from third-party brand licensees as well as cosmetics, skincare, personal care products, eyewear and home fragrances. The Company is also engaged in brand licensee market deployment business, such as brand management, designing and executing customized market entry and expansion plans.",3840192000.0,492332307.69,2756739961.15,353428200.15,344945580.0,25.4,2.0299999713897705,333400000,960192000.0,123101538.46,333400000,1333400000.0,1358000000.0,,3.38,2.88,,,,-16.67,53428617.2,10.85,2.5799999237060547,2.4000000953674316,2.7899999618530273,2.25,4.03,3.84,0.96554,26.65,True,35.84,"66,680,000 Offer Shares reallocated from the International Offering to the retail tranche via clawback (33,340,000 -> 100,020,000 Shares), 30.0% of the Global Offering",30.0,-23.61,18217535.47,-23.61,22437804.74,-29.51,39956089.76,25/12/2025,-0.94,-27.08,-26.39,-26.39,-27.43,-27.08,-29.51,,,,,,,,,,,,,,,False,10.0,31796.0,True,BNP Paribas Securities (Asia) Limited,,,,https://www1.hkexnews.hk/listedco/listconews/sehk/2025/0618/2025061800005.pdf,https://www1.hkexnews.hk/listedco/listconews/sehk/2025/0626/2025062600005.pdf,BNP Paribas Securities (Asia) Limited/ CITIC Securities (Hong Kong) Limited,True,True,True,,,,,,,,,,False,
31/12/2024,26/06/2025,02508,KYG7774B1077,SAINT BELLA Inc.,聖貝拉集團有限公司,Consumer Discretionary,Support Services,Other Support Services,False,False,False,False,True,,,,,,,False,T+1,"Saint Bella Group Ltd is a company principally engaged in maternal and childcare business. The Company operates three major lines of business, namely postpartum centers (including postpartum care services and postpartum recovery services), home care services, and food products. The Company provides postpartum center services through three brands including Saint Bella, Baby Bella and Bella Isla. Home care services comprise home child care service and elderly care services. The Company also provides scale food products with brand of GuangHeTang (focus on traditional food brands). The Company’s other brands include PrimeCare for Family brand, S Treatment Beauty brand and the S-bra brand for lingerie products.",4012043140.0,514364505.13,2078136256.6,266427725.21,197373583.0,31.72,3.3399999141693115,109733000,804052970.0,103083714.1,109733000,609733000.0,622196500.0,6.58,6.58,6.58,,,,33.74,106523054.62,20.71,8.449999809265137,8.800000190734863,11.0,8.449999809265137,4.03,3.84,0.96554,11.94,True,193.0,"38,168,000 Offer Shares reallocated from the International Offering to the retail tranche via clawback (9,542,000 -> 47,710,000 Shares), 43.48% of the Global Offering",43.48,-1.06,45465446.89,0.46,56144835.32,8.97,104497652.98,25/12/2025,-1.99,-39.97,-39.82,-38.75,-39.82,-38.91,-49.24,,,,,,,,,,,,,,,False,2.54,52464.0,True,UBS AG Hong Kong Branch,3996000.0,6.33,2025-07-23,https://www1.hkexnews.hk/listedco/listconews/sehk/2025/0618/2025061800127.pdf,https://www1.hkexnews.hk/listedco/listconews/sehk/2025/0625/2025062502266.pdf,UBS Securities Hong Kong Limited/ CITIC Securities (Hong Kong) Limited | Bookrunners/Lead Managers: Stock Code : 2508,True,True,True,,,,,,,,,,False,
28/02/2025,26/06/2025,06168,CNE100006Z38,"Zhou Liu Fu Jewellery Co., Ltd.",周六福珠寶股份有限公司,Consumer Discretionary,Specialty Retail,Other Retailers,False,False,False,True,True,,,,,,,False,T+1,"Zhou Liu Fu Jewellery Co Ltd is a China-based company mainly engaged in the provision of a range of jewelry products. The Company offers a wide range of gold jewelry products, and the product series include Ancient Craftsmanship series, Essence, Dragon and Phoenix, Boundless Gold, Zodiac series and Imperial Garden Fantasy. The Company also offers a wide range of diamond-set jewelry and others, with product series of One Heart One Love and Z Power. The Company also has product series specifically for its online sales channels, including Annie's Garden and Sweet Girl gold jewelry series. The Company mainly operates its businesses in the domestic and overseas markets.",10381001472.0,1330897624.62,4040000000.0,517948717.95,,,15.279999732971191,53829200,1485684000.0,190472307.69,53829200,432541728.0,260138883.0,24.0,24.0,24.0,,,,25.0,135444584.62,10.18,26.700000762939453,30.0,30.0,26.700000762939453,4.03,3.84,0.96554,0.69,True,711.11,"18,723,200 Offer Shares reallocated from the International Offering to the retail tranche via clawback, 43.48% of the Global Offering",43.48,80.42,310070659.19,55.42,409660020.6,61.25,586272870.72,25/12/2025,-7.36,6.0,20.0,14.42,11.92,20.33,-34.71,,,,,,,,,,,,,,,False,0.82,126409.0,True,China Securities (International) Corporate Finance Company Limited,0.0,,2025-07-23,https://www1.hkexnews.hk/listedco/listconews/sehk/2025/0618/2025061800023.pdf,https://www1.hkexnews.hk/listedco/listconews/sehk/2025/0625/2025062502268.pdf,China International Capital Corporation Hong Kong Securities Limited/ China Securities (International)  Corporate Finance Company Limited,False,True,True,,,,,,,,,,True,
30/03/2025,30/06/2025,09678,CNE100006Z46,"Unisound AI Technology Co., Ltd.",雲知聲智能科技股份有限公司,Information Technology,Software & Services,Digital Solution Services,False,False,False,True,True,,,,,,,False,T+1,"Unisound AI Technology Co Ltd is a China-based company principally engaged in the development and application of artificial intelligence (AI) voice technology. In the field of intelligent voice interactive products, the Company mainly provides Internet of Things (IoT) voice interactive products and intelligent voice tool products. In the field of smart IoT solutions, the Company mainly provides integrated smart IoT solutions for specific scenarios such as hotels, communities, residences, and hospitals. The Company is also involved in the provision of AI technology services. The Company conducts its businesses in the domestic and overseas markets.",14545457865.0,1864802290.38,3029614410.95,388412103.97,16729084.0,39.45,71.44999694824219,1560980,367999600.0,47179435.9,1560980,70953453.0,45109883.0,,205.0,205.0,,,,44.59,30516659.37,1.64,205.0,296.3999938964844,319.79998779296875,198.0,3.36,3.73,0.72744,6.98,True,91.66,"468,300 Offer Shares reallocated from the International Offering to the retail tranche via clawback",,60.68,18711102.88,105.37,32307836.25,181.95,93456360.36,29/12/2025,2.65,100.59,95.32,95.41,97.07,96.49,-65.15,,,,,,,,,,,,,,,False,10.01,25483.0,True,China International Capital Corporation Hong Kong Securities Limited,,,2025-07-25,https://www1.hkexnews.hk/listedco/listconews/sehk/2025/0620/2025062000023.pdf,https://www1.hkexnews.hk/listedco/listconews/sehk/2025/0627/2025062702974.pdf,China International Capital Corporation  Hong Kong Securities Limited/ Haitong International Capital Limited,False,True,True,,,,,,,,,,True,
06/12/2024,30/06/2025,03880,CNE100006S86,Medtide Inc.,泰德醫藥(浙江)股份有限公司,Healthcare,Pharmaceuticals & Biotechnology,Pharmaceuticals,False,False,False,True,True,,,,,,,False,T+1,"Medtide Inc is a China-based company mainly engaged in the contract research, development and manufacturing of peptide. The Company mainly provides contract research organization (CRO) services, namely peptide new chemical entity (NCE) discovery synthesis, contract development and manufacturing organization (CDMO) services, namely peptide chemistry, manufacturing, and control (CMC) development and commercial manufacturing. The Company's services primarily focus on providing customers with active pharmaceutical ingredients (APIs) rather than drug products. The Company also provides customers with peptide drug development, production, and CMC filing support services. The Company mainly operates its business in the domestic market and overseas markets.",4339080000.0,556292307.69,3130943989.18,401403075.54,18916120.0,13.34,22.079999923706055,16800000,514080000.0,65907692.31,16800000,141800000.0,141800000.0,28.4,30.6,30.6,100.0,,,0.65,33934491.47,6.1,30.299999237060547,30.799999237060547,32.849998474121094,28.100000381469727,3.36,3.73,0.72744,21.66,True,301.15,"6,720,000 Offer Shares reallocated from the International Offering to the retail tranche via clawback",,3.1,14934493.78,1.63,19706427.14,11.6,51025607.03,29/12/2025,-1.19,-2.48,-1.11,-1.31,-1.57,-0.33,-27.84,,,,,,,,,,,,,,,False,50.0,70338.0,False,,,,,https://www1.hkexnews.hk/listedco/listconews/sehk/2025/0620/2025062000021.pdf,https://www1.hkexnews.hk/listedco/listconews/sehk/2025/0627/2025062703092.pdf,Morgan Stanley Asia Limited/ CITIC Securities (Hong Kong) Limited | Bookrunners/Lead Managers: IMPORTANT,True,True,True,,,,,,,,,,False,
09/04/2025,30/06/2025,06603,SGXZ26193953,IFBH Limited,IFBH Ltd.,Consumer Staples,Food & Beverages,Non-alcoholic Beverages,False,False,False,False,True,,,,,,,False,T+1,"IFBH Limited is a ready-to-consume beverage and food company. The Company’s product portfolio is centered around two brands with Thai roots, its flagship brand, if, and Innococo. The Company's if brand focuses on offering natural and healthy Thai beverages and food products featuring concepts tailored to the taste of a variety of consumers, while Innococo brand aims to offer a healthier alternative to conventional sports and functional drinks. Its product portfolio under the if and Innococo brands consists of three product categories: natural coconut water-related beverages, other beverages and plant-based snacks. The Company primarily operates in the coconut water-related beverage market in mainland China and Hong Kong. It also has a presence in Singapore and Taiwan, and other global markets.",7413337040.0,950427825.64,1543655719.8,197904579.46,83704042.0,31.61,5.829999923706055,41666800,1332087040.0,170780389.74,41666800,266666800.0,264778000.0,25.3,27.8,27.8,100.0,,,42.09,197058314.04,20.73,43.900001525878906,39.5,46.5,38.0,3.36,3.73,0.72744,17.46,True,2682.35,"16,666,600 Offer Shares reallocated from the International Offering to the retail tranche via clawback (4,166,800 -> 20,833,400 Shares), 50.0% of the Global Offering",50.0,49.28,149249288.98,45.68,172738412.59,36.15,295610055.0,29/12/2025,7.01,-43.42,-44.89,-47.12,-42.09,-43.53,-79.03,,,,,,,,,,,,,,,False,10.0,236078.0,True,CLSA Limited,0.0,,2025-07-25,https://www1.hkexnews.hk/listedco/listconews/sehk/2025/0620/2025062000033.pdf,https://www1.hkexnews.hk/listedco/listconews/sehk/2025/0627/2025062703890.pdf,CITIC Securities (Hong Kong) Limited,False,True,False,,,,,,,,,,True,
11/06/2025,03/07/2025,02592,KYG2215S1084,Cloudbreak Pharma Inc.,撥康視雲製藥有限公司,Healthcare,Pharmaceuticals & Biotechnology,Biotechnology,True,False,False,False,True,,,,,,,False,T+1,"Cloudbreak Pharma Inc. is a clinical-stage ophthalmology biotechnology company dedicated to the development of various treatments. The Company is focusing on the in-house discovery, development and commercialization of ophthalmic therapies. The Company has two Core Products, CBT-001 and CBT-009, both of which are being proprietarily developed. Its Core Product, CBT-001, is indicated for the treatment of pterygium (a benign proliferative ocular surface disease), and it has commenced a Phase III multi-regional clinical trial (MRCT) in the United States and China. Its Core Product, CBT-009, is indicated for the treatment of juvenile myopia (myopia in children and adolescents aged 5 to 19) and has completed Phase I/II clinical trials. Its other drug candidates are in a relatively early development stage, including two other clinical-stage drug candidates, which are CBT-006 and CBT-004, and four pre-clinical-stage drug candidates, which are CBT-007, CBT-199, CBT-145, and CBT-011.",8472818027.4,1086258721.46,1373528595.98,176093409.74,303621438.0,34.48,1.559999942779541,60582000,611878200.0,78445923.08,60582000,838892874.0,882991890.0,10.1,10.1,10.1,,,,-38.61,34937118.16,3.22,9.5,6.199999809265137,9.739999771118164,5.599999904632568,2.37,5.34,0.7125,29.21,True,78.78,Claw-back not triggered (subscription level below the reallocation threshold),20.0,-40.3,8877782.31,-42.57,10593728.47,-47.03,22147155.27,01/01/2026,-11.22,-55.35,-50.2,-49.7,-63.86,-61.88,-84.55,,,,,,,,,,,,,,,False,5.0,29007.0,False,,,,,https://www1.hkexnews.hk/listedco/listconews/sehk/2025/0624/2025062400005.pdf,https://www1.hkexnews.hk/listedco/listconews/sehk/2025/0702/2025070203783.pdf,"CCB International Capital Limited/ Huatai Financial Holdings (Hong Kong) Limited | Bookrunners/Lead Managers: Hong Kong Exchanges and Clearing Limited, The Stock Exchange of Hong Kong Limited and Hong Kong Securities Clearing Company Limited take no responsibility for the contents of this",False,True,True,,,,,,,,,,False,
20/01/2025,04/07/2025,02648,CNE100006Z87,"Anjoy Foods Group Co., Ltd.",安井食品集團股份有限公司,Consumer Staples,Food & Beverages,Packaged Foods,False,False,False,True,True,,,,,,,False,T+1,"Anjoy Foods Group Co Ltd, formerly Fujian Anjoy Foods Co Ltd, is a China-based company mainly engaged in the research, development, production and sales of quick-frozen food. The Company’s quick-frozen flavored and processed products primarily include fish tofu, fish balls, stuffed meat balls, pork sausage and others. The quick-frozen prepared dishes primarily include crayfish, fried crispy strips, shrimp paste, beef rolls, lamb rolls, egg dumplings and pickled fish. The quick-frozen flour and rice products mainly include shumai, steamed buns, Chinese pancakes and brown sugar cakes. Other products mainly include surimi, fishmeal and other fishery by-products. The Company mainly conducts its businesses in the domestic and overseas markets.",19997335920.0,2563761015.38,2605654766.03,334058303.34,237919916.0,594.88,65.1500015258789,39994700,2399682000.0,307651538.46,39994700,333288932.0,39994700.0,,66.0,60.0,,,,-5.0,90278500.0,3.52,60.0,57.0,60.099998474121094,57.0,1.11,4.67,0.85875,14.74,True,44.2,"7,999,000 Offer Shares reallocated from the International Offering to the retail tranche via clawback (3,999,500 -> 11,998,500 Shares), 30.0% of the Global Offering",30.0,-1.83,38790032.2,0.08,53495050.01,0.92,131393449.7,02/01/2026,1.2,12.17,11.0,10.83,12.58,14.58,8.58,6.0,,False,False,False,,,,,,,,,,False,70.0,32830.0,True,,,,2025-07-30,https://www1.hkexnews.hk/listedco/listconews/sehk/2025/0625/2025062500043.pdf,https://www1.hkexnews.hk/listedco/listconews/sehk/2025/0703/2025070302241.pdf,Goldman Sachs (Asia) L.L.C./ China International Capital Corporation Hong Kong Securities Limited | Bookrunners/Lead Managers: IMPORTANT,True,True,True,,,,,,,,,,True,
19/05/2025,07/07/2025,01828,KYG370481080,FWD Group Holdings Limited,富衛集團有限公司,Financials,Insurance,Insurance,False,False,False,False,True,,,,,,,False,T+1,"FWD Group Holdings Ltd is an investment holding company principally engaged in the life and health insurance business. The Company primarily provides life insurance, accident insurance, health insurance, savings plans, employee benefits and wealth management products, including participating life insurance, non-participating life insurance, critical illness, term life, medical and rider insurance, unit-linked life insurance, group insurance, as well as other products. In addition, the Company also distributes related investment and other financial services products. The Company mainly sells its products in Asia markets.",48298147326.0,6192070170.0,36238549380.04,4645967869.24,282252367.0,22.12,28.399999618530273,91342100,3661053000.0,469365769.23,91342100,1271003877.0,1279622076.0,38.0,38.0,38.0,,,,1.05,102650957.93,1.66,38.0,38.400001525878906,38.79999923706055,37.04999923706055,0.4,18.68,1.05446,8.74,True,37.13,"18,268,400 Offer Shares reallocated from the International Offering to the retail tranche via clawback (9,134,300 -> 27,402,700 Shares), 30.0% of the Global Offering",30.0,0.13,44915623.42,0.66,55821715.58,0.26,84212730.36,05/01/2026,0.42,0.95,0.53,0.53,3.47,1.32,-25.26,,,,,,,,,,,,,,,False,20.0,61689.0,True,Morgan Stanley Asia Limited,8699900.0,37.975,2025-08-01,https://www1.hkexnews.hk/listedco/listconews/sehk/2025/0626/2025062600017.pdf,https://www1.hkexnews.hk/listedco/listconews/sehk/2025/0704/2025070402160.pdf,Morgan Stanley Asia Limited/ Goldman Sachs (Asia) L.L.C.,True,False,True,,,,,,,,,,True,
16/06/2025,09/07/2025,02590,CNE1000070L0,"Beijing Geekplus Technology Co., Ltd.",北京極智嘉科技股份有限公司,Information Technology,Software & Services,Digital Solution Services,False,False,False,True,True,,,,,,,False,T+1,"Beijing Geekplus Technology Co Ltd is a China-based company that mainly produces and sells one-stop warehouse robots. The Company's main business includes the sales of autonomous mobile robots (AMR) solutions and providing Robotics-as-a-Service (RaaS) service. The Company's main products include moving systems, sorting systems, smart forklifts and others. The Company's products are mainly used in clothing, medicine, logistics, lithium batteries, automobiles and other fields. The Company is also engaged in software development business. The Company conducts business in the domestic market and overseas markets.",22186368926.4,2844406272.62,12115351177.67,1553250150.98,549277262.0,53.77,11.859999656677246,161405800,2991670080.0,383547446.15,161405800,1320617198.0,1020780483.0,16.8,16.8,16.8,,,,5.36,177870298.51,6.25,16.899999618530273,17.700000762939453,17.799999237060547,16.059999465942383,-1.2,15.52,1.10143,0.04,,,"56,141,200 Offer Shares reallocated from the International Offering to the retail tranche via clawback (14,035,400 -> 70,176,600 Shares), 43.48% of the Global Offering",43.48,18.81,118939994.88,12.62,155296210.53,12.92,301703991.44,07/01/2026,3.68,44.17,35.6,39.05,43.93,49.4,-29.4,,,,,,,,,,,,,,,False,4.26,94292.0,True,Morgan Stanley Asia Limited,7541000.0,16.44,2025-08-03,https://www1.hkexnews.hk/listedco/listconews/sehk/2025/0630/2025063000025.pdf,https://www1.hkexnews.hk/listedco/listconews/sehk/2025/0708/2025070801126.pdf,Morgan Stanley Asia Limited/ China International Capital Corporation Hong Kong Securities Limited,True,True,True,,,,,,,,,,True,
30/04/2025,09/07/2025,02597,CNE1000070J4,"Beijing Xunzhong Communication Technology Co., Ltd.",北京訊眾通信技術股份有限公司,Telecommunications,Telecommunications,Satellite & Wireless Communication,False,False,False,True,True,,,,,,,False,T+1,"Beijing Xunzhong Communication Technology Co Ltd is a China-based company mainly engaged in intelligent cloud communication construction and services. The Company mainly conducts business through three segments. The Cloud-Based Communications Services segment mainly includes communication platform as a service (CPaaS) and contact center software as a service (SaaS). The Project-Based Communications Solutions segment is mainly engaged in the development of solution business based on the personalized needs of customers using various technologies such as data analysis, cloud computing, edge computing and visual recognition. The Other Communications Services and Accessories segment provides other communication services and accessories, mainly including dedicated mobile phones for law enforcement agencies, contact center outsourcing and video conferencing solutions. The Company conducts business in domestic and overseas markets.",1649770643.05,211509056.8,974080000.0,124882051.28,20883296.0,68.6,32.0,30440000,412462000.0,52879743.59,30440000,121754291.0,30440000.0,,15.15,13.55,,,,0.22,3877264.08,1.83,14.520000457763672,13.579999923706056,14.520000457763672,12.199999809265137,-1.2,15.52,1.10143,0.98,True,12.79,Claw-back not triggered (subscription level below the reallocation threshold),,-2.44,4642792.28,-0.37,5549803.8,0.52,9242906.38,07/01/2026,-7.05,0.3,9.67,7.9,3.25,0.89,136.16,,,,,,,,,,,,,,,False,20.01,9119.0,True,,,,2025-08-03,https://www1.hkexnews.hk/listedco/listconews/sehk/2025/0630/2025063000023.pdf,https://www1.hkexnews.hk/listedco/listconews/sehk/2025/0708/2025070801152.pdf,DBS Asia Capital Limited,False,False,False,,,,,,,,,,False,
15/01/2025,09/07/2025,01304,CNE1000070G0,"Fortior Technology (Shenzhen) Co., Ltd.","Fortior Technology (Shenzhen) Co., Ltd. - H Shares",Information Technology,Semiconductors,Semiconductors,False,False,False,True,True,,,,,,,False,T+1,"Fortior Technology (Shenzhen) Co Ltd is a China-based company mainly engaged in the research and development, design and sales of motor drive control chips. The Company's main products include micro control unit (MCUs), application specific integrated circuit (ASICs), high-voltage integrated circuit (HVICs), metal-oxide-semiconductor field-effect transistor (MOSFETs) and intelligent power module (IPMs). The Company's products are used in smart small household appliances, white goods, electric tools, sports and leisure, industrial, and automotive applications. The Company conducts business in domestic and overseas markets.",13388487490.0,1716472755.13,3030773731.57,388560734.82,65336450.0,303.1,140.60000610351562,18744400,2597498000.0,333012564.1,18744400,111107780.0,21556000.0,,120.5,120.5,,,,16.02,161966118.0,9.44,130.8000030517578,139.8000030517578,143.8000030517578,128.0,-1.2,15.52,1.10143,-7.4,True,138.26,,43.48,15.85,48310891.27,25.81,91829904.6,31.2,228260975.52,07/01/2026,-4.31,8.63,14.94,13.53,7.88,7.88,16.68,,,,,,,,,,,,,,,False,20.0,66796.0,True,China International Capital Corporation Hong Kong Securities Limited,0.0,,2025-08-03,https://www1.hkexnews.hk/listedco/listconews/sehk/2025/0630/2025063000015.pdf,https://www1.hkexnews.hk/listedco/listconews/sehk/2025/0708/2025070801154.pdf,China International Capital Corporation Hong Kong Securities Limited,False,True,False,,,,,,,,,,True,
31/03/2025,09/07/2025,06613,CNE1000070N6,"Lens Technology Co., Ltd.",藍思科技股份有限公司,Industrials,Industrial Engineering,Electronic Components,False,False,False,True,True,,,,,,,False,T+1,"Lens Technology Co Ltd is a China-based company mainly engaged in the production and sale of electronic components. The Company's main businesses include research and development, production and sales of structural parts, functional modules, complete machine assembly and other supporting services for smartphones and computers, smart cars and cockpits, intelligent head-mounted displays and smart wearables, and other smart devices. The Company also provides solutions for consumer electronics, smart cars and other emerging smart terminal fields. The Company mainly operates its business in the domestic and overseas markets.",95354626692.78,12224952140.1,8432601515.88,1081102758.45,2164176238.0,717.58,27.959999084472656,262256800,5483000736.0,702948812.31,262256800,5245028971.0,301595200.0,,18.18,18.18,,,,9.13,357582353.6,2.93,18.8799991607666,19.84000015258789,19.979999542236328,18.540000915527344,-1.2,15.52,1.10143,3.53,True,462.76,"89,167,200 Offer Shares reallocated from the International Offering to the retail tranche via clawback (28,848,400 -> 118,015,600 Shares), 45.0% of the Global Offering",45.0,4.51,127775412.95,6.38,191793578.3,12.76,533226700.45,07/01/2026,-1.39,48.73,46.42,50.83,45.32,58.42,53.8,4.0,,False,False,False,,,,,,,,,,False,20.0,229080.0,True,CLSA Limited,,,2025-08-03,https://www1.hkexnews.hk/listedco/listconews/sehk/2025/0630/2025063000031.pdf,https://www1.hkexnews.hk/listedco/listconews/sehk/2025/0708/2025070801180.pdf,CITIC Securities (Hong Kong) Limited,False,True,False,,,,,,,,,,True,
29/05/2025,09/07/2025,02651,CNE1000070K2,"Wuhan Dazhong Dental Medical Co., Ltd.",武漢大眾口腔醫療股份有限公司,Healthcare,Other Healthcare,Medical & Aesthetic Services,False,False,False,True,True,,,,,,,False,T+1,"Wuhan Dazhong Dental Medical Co Ltd is a China-based company that mainly provides dental medical services. The Company's main businesses include general dentistry services, implantology services and orthodontics services. The Company's brand is Aishang Dazhong Dental. The Company also provides dental cosmetic restoration services, pediatric dental services, and periodontal treatment services. The Company conducts business in domestic markets.",987580840.0,126612928.21,323496660.0,41473930.77,9883215.0,58.05,19.0,10861800,217236000.0,27850769.23,10861800,49379042.0,17026140.0,20.0,21.4,20.0,0.0,,,3.5,10515335.0,8.31,24.0,20.700000762939453,27.5,20.649999618530273,-1.2,15.52,1.10143,6.36,True,108.25,,18.0,-15.3,3775639.85,-10.5,4733351.13,-27.5,7758061.26,07/01/2026,-1.85,-47.0,-46.0,-46.0,-47.0,-47.0,-5.0,,,,,,,,,,,,,,,False,10.0,35263.0,True,,,,2025-08-03,https://www1.hkexnews.hk/listedco/listconews/sehk/2025/0630/2025063000019.pdf,https://www1.hkexnews.hk/listedco/listconews/sehk/2025/0708/2025070801104.pdf,Haitong International Capital Limited,False,True,False,,,,,,,,,,False,
04/06/2025,25/07/2025,09887,CNE1000070H8,"Nanjing Leads Biolabs Co., Ltd.",南京維立志博生物科技股份有限公司,Healthcare,Pharmaceuticals & Biotechnology,Biotechnology,True,False,False,True,True,,,,,,,False,T+1,"Nanjing Leads Biolabs Co Ltd is a China-based company primarily engaged in the discovery, development, and commercialization of new therapies in oncology, autoimmune, and other severe diseases. The Company’s main drug candidates include LBL-024, LBL-034, LBL-033, LBL-007 and others. The company's LBL-024 is mainly used to treat extra-pulmonary neuroendocrine carcinoma (EP-NEC), small cell lung cancer (SCLC), biliary tract carcinoma (BTC), non-small-cell lung cancer (NSCLC), esophageal squamous cell carcinoma (ESCC), hepatocellular carcinoma (HCC), gastric cancer (GC) and other solid tumors. The Company has also developed multiple proprietary technology platforms, including LeadsBod platform (a CD3 T-cell engager platform), X-body platform (a 4-1BB engager platform) and several other bispecific antibody and fusion protein platforms. The Company mainly conducts its business in the domestic market.",6767687500.0,867652243.59,7559704993.34,969192947.86,103051808.0,67.23,49.31999969482422,42391800,1483713000.0,190219615.38,42391800,193362500.0,197670289.0,31.6,35.0,35.0,100.0,,,91.71,284902644.94,32.84,72.4000015258789,67.0999984741211,79.5999984741211,67.0999984741211,3.73,15.5,0.91679,6.85,True,3494.78,"12,821,700 Offer Shares reallocated from the International Offering to the retail tranche via clawback",,119.0,128335575.12,100.0,169673600.0,92.43,334005451.19,23/01/2026,6.56,60.14,46.43,50.29,69.14,75.71,40.91,,,,,,,,,,,,,,,False,0.27,323706.0,True,Morgan Stanley Asia Limited,0.0,,2025-08-21,https://www1.hkexnews.hk/listedco/listconews/sehk/2025/0717/2025071700005.pdf,https://www1.hkexnews.hk/listedco/listconews/sehk/2025/0724/2025072401812.pdf,Morgan Stanley Asia Limited/ CITIC Securities (Hong Kong) Limited,True,True,True,,,,,,,,,,True,
24/07/2025,11/08/2025,02627,CNE1000071P9,"Ab&B Bio-Tech CO., LTD. JS",江蘇中慧元通生物科技股份有限公司,Healthcare,Pharmaceuticals & Biotechnology,Biotechnology,True,False,False,True,True,,,,,,,False,T+1,"Ab&B Bio Tech Co Ltd JS is a China-based company primarily engaged in the research, development, manufacturing, and commercialization of vaccines. Its product pipeline includes two core products, the quadrivalent subunit influenza vaccine and lyophilized human rabies vaccine candidate, along with 11 other vaccine candidates. The Company primarily operates within the domestic market.",5075409540.0,650693530.77,8689329204.96,1114016564.74,125928000.0,42.49,29.31999969482422,33442600,431409540.0,55308915.38,33442600,393442600.0,296361845.0,12.9,15.5,12.9,0.0,,,157.98,38369193.26,5.9,33.0,33.279998779296875,34.79999923706055,33.0,3.18,7.78,0.95202,24.12,True,4007.64,Claw-back not triggered (subscription level below the reallocation threshold),11.95,247.91,79721496.62,314.73,99880951.28,273.64,140077399.48,09/02/2026,2.83,272.09,253.49,261.86,279.84,284.03,127.29,,,,,,,,,,,,,,,False,1.0,191879.0,False,,,,,https://www1.hkexnews.hk/listedco/listconews/sehk/2025/0731/2025073100087.pdf,https://www1.hkexnews.hk/listedco/listconews/sehk/2025/0808/2025080801368.pdf,CITIC Securities (Hong Kong) Limited/ CMB International Capital Limited,False,True,True,,,,,,,,,,True,
09/06/2025,15/08/2025,02591,CNE1000071Q7,"Guangzhou Innogen Pharmaceutical Group Co., Ltd.",廣州銀諾醫藥集團股份有限公司,Healthcare,Pharmaceuticals & Biotechnology,Biotechnology,True,False,False,True,True,,,,,,,False,T+1,"Guangzhou Innogen Pharmaceutical Group Co Ltd is a China-based investment holding company principally engaged in the research, development and commercialisation of pharmaceutical products. The Company is primarily engaged in the commercialization of innovative, humanized, long-acting glucagon-like peptide-1 (GLP-1) receptor agonist. The Company is dedicated to developing therapies for diabetes and other metabolic diseases. The Company’s core product, Efsubaglutide Alfa (brand name: Diabegone), is used for the treatment of type 2 diabetes (T2D). The Company’s primary pipeline drug candidates include YN014, YN401, YN209, YN203, and YN202. The Company principally conducts its businesses in the domestic market.",8533385439.32,1094023774.27,2979823337.43,382028633.0,253863649.0,60.4,7.090000152587891,36556400,682873552.0,87547891.28,36556400,456819349.0,420285370.0,18.68,18.68,18.68,,,,206.48,119030787.02,10.88,72.0,57.25,74.0,49.5,3.07,8.25,1.45095,55.67,True,5341.66,,,181.05,36872393.81,183.73,44862809.7,138.54,100917223.32,13/02/2026,0.95,47.75,47.86,46.36,48.07,48.29,-62.04,,,,,,,,,,,,,,,False,0.5,256072.0,False,,,,,https://www1.hkexnews.hk/listedco/listconews/sehk/2025/0807/2025080700013.pdf,https://www1.hkexnews.hk/listedco/listconews/sehk/2025/0814/2025081401622.pdf,CITIC Securities (Hong Kong) Limited/ China International Capital Corporation Hong Kong Securities Limited,False,True,True,,,,,,,,,,True,
24/02/2025,20/08/2025,02631,CNE1000071K0,"SICC CO., LTD.",山東天岳先進科技股份有限公司,Information Technology,Semiconductors,Semiconductor Equipment & Materials,False,False,False,True,True,,,,,,,False,T+1,"SICC Co Ltd is a China-based company principally engaged in research and development, manufacturing and sales of Silicon Carbide (SiC) substrates. The Company focuses on the research, development and industrialization of SiC substrates. The Company’s main products include conductive SiC semiconductor material and semi-insulating SiC semiconductor material. The Company’s products are primarily used in electric vehicles, artificial intelligence (AI) data centers, photovoltaic systems, AI glasses, rail transportation, power grids, household appliances, and advanced telecommunication base stations. The Company principally conducts its businesses in domestic and overseas markets.",20435148643.2,2619890851.69,5551148166.22,711685662.34,273568773.0,498.24,101.0999984741211,47745700,2350041000.0,301287307.69,47745700,477456744.0,54907500.0,,42.8,42.8,,,,6.4,151444446.58,5.78,45.599998474121094,45.540000915527344,48.20000076293945,45.0,0.69,6.89,2.85774,93.76,True,2809.19,"14,323,700 Offer Shares reallocated from the International Offering to the retail tranche via clawback (2,387,300 -> 16,711,000 Shares), 35.0% of the Global Offering",35.0,5.14,61237557.46,2.34,84842199.56,36.8,626889028.9,18/02/2026,-0.18,33.18,35.28,33.41,40.19,49.53,136.21,,,,,,,,,,,,,,,False,30.0,215519.0,True,China International Capital Corporation Hong Kong Securities Limited,0.0,,2025-09-14,https://www1.hkexnews.hk/listedco/listconews/sehk/2025/0811/2025081100005.pdf,https://www1.hkexnews.hk/listedco/listconews/sehk/2025/0819/2025081901728.pdf,China International Capital Corporation  Hong Kong Securities Limited/ CITIC Securities (Hong Kong) Limited,False,True,True,,,,,,,,,,True,
11/03/2025,26/08/2025,06960,CNE1000071N4,"SHUANGDENG GROUP CO., LTD.",雙登集團股份有限公司,Industrials,Industrial Engineering,Energy Storage Units,False,False,False,True,True,,,,,,,False,T+1,"Shuangdeng Group Co Ltd is a China-based company principally engaged in the design, research, development, manufacturing, and sales of energy storage batteries and systems. The Company’s main products include lithium-ion batteries and lead-acid batteries. The Company’s lithium-ion batteries are mainly lithium iron phosphate batteries, the products line of which includes both flexible packaging and square aluminum shell configurations. The Company’s lead-acid batteries include absorbent glass mat batteries, gel batteries, and lead-carbon batteries. The Company’s products are mainly used in telecom base stations, data centers and electrical energy storage settings. The Company mainly operates its businesses in the domestic and overseas markets.",6048145260.0,775403238.46,2675780175.4,343048740.44,51886054.0,15.14,7.809999942779541,58557000,977110655.0,125270596.79,58557000,416826000.0,342609500.0,14.51,14.51,14.51,,,,31.29,106035763.83,13.67,22.5,19.049999237060547,23.18000030517578,18.86000061035156,0.54,9.75,2.81464,93.22,True,3876.25,,10.0,40.32,58866768.71,20.06,78965448.31,20.19,161295908.34,24/02/2026,-1.88,-2.96,-1.59,-1.1,-3.79,-6.13,-46.18,,,,,,,,,,,,,,,False,0.06,217990.0,True,China International Capital Corporation Hong Kong Securities Limited,0.0,,2025-09-20,https://www1.hkexnews.hk/listedco/listconews/sehk/2025/0818/2025081800011.pdf,https://www1.hkexnews.hk/listedco/listconews/sehk/2025/0825/2025082502151.pdf,China International Capital Corporation  Hong Kong Securities Limited/ Huatai Financial Holdings (Hong Kong) Limited/ CCB International Capital Limited,False,True,True,,,,,,,,,,False,
31/03/2025,28/08/2025,03858,HK0001188587,Jiaxin International Resources Investment Limited,佳鑫國際資源投資有限公司,Materials,Diversified Metals & Minerals,Other Metals & Minerals,False,False,False,False,True,,,,,,,False,T+1,"Jiaxin International Resources Investment Ltd is an investment holding company principally engaged in tungsten mining business. The Company is mainly engaged in the exploration, development and mining of tungsten ores.",4796378496.0,614920320.0,26043255695.34,3338878935.3,55517931.0,12.18,57.150001525878906,109808800,1378977600.0,176792000.0,109808800,439228800.0,455700000.0,10.92,10.92,10.92,,,,177.84,210675534.87,34.26,22.799999237060547,30.34000015258789,31.899999618530273,22.799999237060547,-2.06,7.34,3.30649,98.77,True,2041.62,Claw-back not triggered (subscription level below the reallocation threshold),10.0,197.62,132991277.45,193.59,170983397.9,154.76,296260215.23,26/02/2026,-0.64,678.39,603.75,683.42,796.06,1003.48,423.35,,,,,,,,,,,,,,,False,1.0,164446.0,True,China International Capital Corporation Hong Kong Securities Limited,0.0,,2025-09-24,https://www1.hkexnews.hk/listedco/listconews/sehk/2025/0820/2025082000021.pdf,https://www1.hkexnews.hk/listedco/listconews/sehk/2025/0827/2025082702293.pdf,China International Capital Corporation  Hong Kong Securities Limited | Bookrunners/Lead Managers: J佳iaxi鑫n,False,True,True,,,,,,,,,,True,
16/07/2025,02/09/2025,02580,KYG0676D1079,"AUX ELECTRIC CO., LTD.",奥克斯電氣有限公司,Consumer Discretionary,Household Goods & Electronics,Home Appliances,False,False,False,False,True,,,,,,,False,T+1,"Aux Electric Co Ltd is an investment holding company principally engaged in design, research and development, production, sales and related services of household and central air conditioners. The Company’s household air conditioners include wall-mounted, cabinet-style and mobile units. The Company’s central air conditioners comprise packaged units, heat pumps, chillers and terminal devices. The Company sells its products under brands such as AUX, Hutssom, AUFIT and ShinFlow. The Company mainly operates its businesses in the domestic and overseas markets.",27667057184.0,3547058613.33,15834705368.1,2030090431.81,238235280.0,15.0,9.970000267028809,238235200,4150057184.000001,532058613.33,238235200,1588235200.0,1588235200.0,16.0,17.42,17.42,100.0,,,-5.4,110733342.57,3.12,16.100000381469727,16.479999542236328,16.790000915527344,15.68000030517578,4.03,7.79,3.14816,116.0,,,"62,148,400 Offer Shares reallocated from the International Offering to the retail tranche via clawback (10,358,200 -> 83,382,400 Shares), 35.0% of the Global Offering",35.0,-7.06,55583788.95,-7.58,77386466.91,-17.68,208892149.91,03/03/2026,-0.96,-34.85,-31.75,-34.21,-35.19,-34.21,-42.77,3.0,,False,False,False,,,,,,,,,,False,10.0,153533.0,True,China International Capital Corporation Hong Kong Securities Limited,,,,https://www1.hkexnews.hk/listedco/listconews/sehk/2025/0825/2025082500011.pdf,https://www1.hkexnews.hk/listedco/listconews/sehk/2025/0901/2025090103683.pdf,China International Capital Corporation Hong Kong Securities Limited,False,True,False,,,,,,,,,,True,
22/07/2025,09/09/2025,02543,CNE100007366,"DAHON TECH (SHENZHEN) CO., LTD.",大行科工（深圳）股份有限公司,Consumer Discretionary,Household Goods & Electronics,Toys & Leisure Products,False,False,False,True,True,,,,,,,False,T+1,"Dahon Tech (Shenzhen) Co Ltd is a China-based company primarily engaged in the development, design, manufacturing, and marketing of folding bicycles and related accessories. The Company's products cover folding bicycles and other bicycle types including road bicycles, mountain bicycles, children’s bicycles and electric-assisted bicycles. The Company operates the brand Dahon. The Company mainly conducts its business in the domestic market and overseas markets.",1567558129.5,200968990.96,232896162.07,29858482.32,9040867.0,100.0,25.760000228881836,7920000,447529500.0,57375576.92,7920000,31667841.0,9041000.0,49.5,49.5,49.5,,,,14.95,60091508.02,29.9,67.5,56.900001525878906,69.0,56.400001525878906,4.34,6.45,3.04369,83.32,True,7558.4,,10.0,11.11,30356375.64,30.0,67936839.02,2.73,105354257.42,10/03/2026,1.22,-39.88,-39.56,-40.61,-40.89,-41.09,-47.96,,,,,,6.0,,,,,,,,,False,0.02,223909.0,True,China Securities (International) Corporate Finance Company Limited,,,"October 4, 2025 being the 30th day after the last day for lodging applications under the Hong Kong Public Offering. Further information on the stabilizing actions undertaken by China Securities (International) Corporate Finance Company Limited, the Stabilizing Manager, or its affiliates or any person acting for it, during the stabilization period is set out in this announcement. PARTIAL EXERCISE OF THE OVER-ALLOTMENT OPTION The Company announces that the Over-allotment Option described in the Prospectus has been partially exercised by the Sole Overall Coordinator (for itself and on behalf of the International Underwriters), on October 4, 2025, in respect of an aggregate of 1,121,000 H Shares (the “Over-allotment Shares”), representing approximately 14.15% of the total number of the Offer Shares initially available under the Global Offering before any exercise of the Over-allotment Option. – 2 – The Over-allotment Shares will be issued and allotted by the Company pursuant to the partial exercise of the Over-allotment Option at HK$49.50 per H Share (exclusive of brokerage of 1.0%, SFC transaction levy of 0.0027%, AFRC transaction levy of 0.00015% and the Stock Exchange trading fee of 0.00565%), being the Offer Price per H Share under the Global Offering. The Over-allotment Shares will be used to facilitate the delivery of part of H Shares to the placee who has agreed to delayed delivery of the relevant H Shares subscribed by it under the Global Offering. APPROVAL FOR LISTING Approval for the listing of and permission to deal in the Over-allotment Shares has already been granted by the Listing Committee of the Stock Exchange. Listing of and dealings in the Over-allotment Shares are expected to commence on the Main Board of the Stock Exchange at 9 : 00 a.m. on October 9, 2025. SHAREHOLDING STRUCTURE OF THE COMPANY UPON COMPLETION OF THE PARTIAL EXERCISE OF THE OVER-ALLOTMENT OPTION The shareholding structure of the Company immediately before and immediately after the completion of the issue and allotment of the Over-allotment Shares pursuant to the partial exercise of the Over-allotment Option is as follows: Immediately before the issue of Immediately after the issue of the Over-allotment Shares the Over-allotment Shares Approximate Approximate percentage of percentage of the Company’s the Company’s Number of issued share Number of issued share Description of Shares Shares capital Shares capital Domestic Unlisted Shares 23,747,841 74.99% 23,747,841 72.43% H Shares issued under the Global Offering 7,920,000 25.01% 7,920,000 24.15% H Shares to be issued upon partial exercise of the Over-allotment Option — — 1,121,000 3.42% Total 31,667,841 100.00% 32,788,841 100.00% USE OF PROCEEDS The Company will receive additional net proceeds of approximately HK$52.8 million from the Over-allotment Shares to be issued and allotted upon the partial exercise of the Over-allotment Option after deduction of the estimated underwriting fees and commissions and expenses payable by the Company in connection with the Global Offering. The additional net proceeds will be allocated by the Company on a pro rata basis to the purposes as set out in the section headed “Future Plans and Use of Proceeds” in the Prospectus. – 3 – STABILIZING ACTIONS AND END OF THE STABILIZATION PERIOD Pursuant to section 9(2) of the Securities and Futures (Price Stabilizing) Rules (Chapter 571W of the Laws of Hong Kong), the Company announces that the stabilization period in connection with the Global Offering ended on Saturday, October 4, 2025",https://www1.hkexnews.hk/listedco/listconews/sehk/2025/0901/2025090100007.pdf,https://www1.hkexnews.hk/listedco/listconews/sehk/2025/0908/2025090801334.pdf,China Securities (International) Corporate Finance Company Limited | Bookrunners/Lead Managers: CHINA SECURITIES INTERNATIONAL,False,True,True,,,,,,,,,,False,
31/08/2025,16/09/2025,02525,KYG4417G1064,Hesai Group,禾賽科技,Information Technology,Software & Services,Digital Solution Services,False,False,False,False,True,,,,,,,False,T+1,"Hesai Group is a holding company primarily engaged in providing three-dimensional light detection and ranging (LiDAR) solutions. The Company’s primary business includes the design, development, manufacturing, and sales of LiDAR products and gas sensor. The Company’s main products include Advanced Driver Assistance Systems (ADAS) products such as the AT series, ET series and FT series, as well as robot products such as the Pandar series, OT series, XT series and QT series, used for long-distance detection and blind spot detection. The products are used in passenger and commercial vehicles supporting ADAS, autonomous vehicles and robotics. The Company operates its businesses in the domestic market and overseas markets.",32603026500.8,4179875192.41,16866578954.33,2162381917.22,125865484.0,96.71,129.60000610351562,17000000,4784276000.0,613368717.95,17000000,153209711.0,157142211.0,228.0,228.0,212.8,,,,9.96,169655460.0,4.06,229.1999969482422,234.0,244.0,229.1999969482422,4.62,11.5,3.2175,45.02,,,,10.0,7.24,162674226.95,8.08,227906134.64,-14.66,552827210.96,17/03/2026,0.67,-8.79,-11.23,-9.4,-6.95,-9.82,-39.1,,,,,,,,,,,,,,,False,30.0,93392.0,True,China International Capital Corporation Hong Kong Securities Limited,0.0,,2025-10-11,https://www1.hkexnews.hk/listedco/listconews/sehk/2025/0908/2025090800017.pdf,https://www1.hkexnews.hk/listedco/listconews/sehk/2025/0915/2025091501458.pdf,China International Capital Corporation Hong Kong Securities Limited/ Guotai Junan Capital Limited/ CMB International Capital Limited,False,True,True,,,,,,,,,,True,
27/06/2025,17/09/2025,02656,KYG6S54B1005,160 Health International Limited,健康 160 國際有限公司,Healthcare,Pharmaceuticals & Biotechnology,Medicine Distribution,False,False,False,False,True,,,,,,,False,T+1,"160 Health International Ltd is an investment holding company primarily engaged in pharmaceutical sales. The Company operates two main businesses. Sale of pharmaceutical and healthcare products business, which primarily provides pharmaceuticals to businesses and individuals through wholesale and retail models. Digital healthcare and wellness solutions business primarily provide online marketing solutions, digital hospital solutions, and online healthcare services. The Company also engages in other value-added businesses. The Company operates the Healthcare 160 platform. The Company primarily conducts business in the domestic market.",4000423910.9,512874860.37,3243405203.91,415821179.99,122256858.0,36.34,9.640000343322754,33645500,400044995.0,51287819.87,33645500,336452810.0,336452810.0,,14.86,11.89,,,,137.34,25622095.12,5.0,29.979999542236328,28.219999313354492,32.599998474121094,26.020000457763672,6.88,15.8,3.21107,45.73,True,751.77,,,130.95,14168625.84,139.7,16267932.01,226.49,70255906.05,18/03/2026,-31.52,769.64,1081.67,1169.97,681.75,664.51,-18.92,,,,,,,,,,,,,,,False,8.0,69550.0,False,,,,,https://www1.hkexnews.hk/listedco/listconews/sehk/2025/0909/2025090900019.pdf,https://www1.hkexnews.hk/listedco/listconews/sehk/2025/0916/2025091601472.pdf,Shenwan Hongyuan Capital (H.K.) Limited/ Zero2IPO Capital Limited,False,True,True,,,,,,,,,,True,
27/06/2025,19/09/2025,02595,CNE1000074L2,GenFleet Therapeutics (Shanghai) Inc,勁方醫藥科技（上海）股份有限公司,Healthcare,Pharmaceuticals & Biotechnology,Pharmaceuticals,True,False,False,True,True,,,,,,,False,T+1,"GenFleet Therapeutics (Shanghai) Inc is a China-based company principally engaged in the development of innovative drugs. The Company provides effective new treatment solutions for tumors, autoimmune and inflammatory diseases, covering target discovery, molecular discovery and evaluation, translational science and clinical development, as well as key chemistry manufacturing and controls aspects including formulation research, process development and quality analysis. The Company is mainly engaged in the development of new molecular entities, novel molecular modalities, investigation of molecular process routes and quality standards, and exploration of differentiated clinical development strategies and paths. The Company mainly primarily operates in the domestic and international markets.",7278835045.7,933183980.22,9951574529.33,1275842888.38,485537499.0,143.64,29.440000534057617,89240000,2092544140.0,268274889.74,89240000,356980630.0,338029020.0,20.39,20.39,20.39,,,,106.47,188443360.58,20.19,44.0,42.099998474121094,50.20000076293945,42.0,5.48,12.81,3.41607,66.94,True,2662.79,,8.7,99.31,58828608.22,87.35,79860863.67,44.09,156676240.22,20/03/2026,11.31,41.93,38.99,27.51,36.54,37.81,44.38,,,,,,,,,,,,,,,False,0.08,257876.0,True,CLSA Limited,0.0,,2025-10-16,https://www1.hkexnews.hk/listedco/listconews/sehk/2025/0911/2025091100031.pdf,https://www1.hkexnews.hk/listedco/listconews/sehk/2025/0918/2025091801757.pdf,CITIC Securities (Hong Kong) Limited | Bookrunners/Lead Managers: IMPORTANT,False,True,True,,,,,,,,,,True,
15/08/2025,23/09/2025,06090,KYG1736B1077,BUTONG GROUP,不同集團,Consumer Discretionary,Household Goods & Electronics,Household Goods,False,False,False,False,True,,,,,,,False,T+1,"Butong Group is a holding company principally engaged in designing, researching, developing, manufacturing and selling of nursery products. The Company's main products include strollers, car seats, baby carriers, cribs, pajamas, highchairs, tableware, wipe and others. The Company's products are mainly used in travel gear, sleep gear, feeding gear and others. The Company sells its products under BeBeBus brand. The Company mainly operates its businesses in the domestic market.",6461498113.6,828397194.05,2613036287.37,335004652.23,31528844.0,35.21,29.18000030517578,10980900,781840080.0,100235907.69,10980900,90751378.0,89040578.0,62.01,71.2,71.2,100.0,,,43.96,49414198.72,5.97,100.4000015258789,102.5,105.8000030517578,88.0999984741211,3.24,6.88,3.91107,52.67,True,3317.47,,,45.79,23812973.44,46.07,30395749.08,35.39,69094405.27,24/03/2026,0.88,4.85,11.24,3.93,0.42,0.98,-59.02,,,,,,,,,,,,,,,False,1.0,154400.0,False,,,,,https://www1.hkexnews.hk/listedco/listconews/sehk/2025/0915/2025091500009.pdf,https://www1.hkexnews.hk/listedco/listconews/sehk/2025/0922/2025092201984.pdf,CITIC Securities (Hong Kong) Limited/ Haitong International Capital Limited | Bookrunners/Lead Managers: OFFERING,False,True,True,,,,,,,,,,True,
29/08/2025,25/09/2025,09973,CNE1000073Z4,"Chery Automobile Co., Ltd.",奇瑞汽車股份有限公司,Consumer Discretionary,Automobiles,Automobiles,False,False,False,True,True,,,,,,,False,T+1,"Chery Automobile Co Ltd is a China-based company principally engaged in the manufacturing and sales of passenger vehicles and automotive parts and components. The Company’s passenger vehicles products include internal combustion engine (ICE) vehicles and new energy vehicles (NEVs). The Company is also engaged in designing, developing and manufacturing engines, transmission systems and chassis, which are primarily used in passenger vehicles. The Company’s brands include CHERY, JETOUR, EXEED, iCAR and LUXEED. The Company mainly operates its businesses in the domestic and overseas markets.",177342280464.75,22736189803.17,57315150206.47,7348096180.32,683963184.0,29.05,24.34000015258789,297397000,10417266675.0,1335547009.62,297397000,5767228633.0,2354771974.0,27.75,30.75,30.75,100.0,,,3.8,320298969.53,1.41,34.20000076293945,31.920000076293945,34.97999954223633,31.719999313354492,3.76,9.06,3.62202,62.54,True,308.18,,10.0,3.67,175097173.73,3.67,224678709.47,6.47,441958403.36,26/03/2026,-2.45,-12.13,-9.27,-9.92,-12.13,-15.19,-20.85,10.0,,False,False,False,,,,,,,,,,False,0.67,207928.0,True,China International Capital Corporation Hong Kong Securities Limited,3233600.0,30.58,2025-10-22,https://www1.hkexnews.hk/listedco/listconews/sehk/2025/0917/2025091700013.pdf,https://www1.hkexnews.hk/listedco/listconews/sehk/2025/0924/2025092401262.pdf,China International Capital Corporation Hong Kong Securities Limited/ Huatai Financial Holdings (Hong Kong) Limited/ GF Capital (Hong Kong) Limited,False,True,True,,,,,,,,,,True,
25/03/2025,30/09/2025,02889,CNE1000074M0,PATEO CONNECT Technology (Shanghai) Corporation,,Consumer Discretionary,Automobiles,Auto Parts,False,False,False,True,True,,,,,,,False,T+1,"PATEO CONNECT Technology (Shanghai) Corp is a China-based company primarily engaged in the provision of smart cockpit solutions. The Company offers original equipment manufacturer (OEMs) and Tier-1 supplier customers comprehensive smart cockpit solutions and vehicle connectivity support services. The smart cockpit solutions consist of domain controllers, cockpit components, and research & development services. The vehicle connectivity support services include user support services which assist OEMs to provide car owners with assistance, and platform maintenance services for vehicle connectivity platforms. The Company’s other businesses include sales of automotive-grade chip.",15333605385.27,1965846844.27,9524662940.0,1221110633.33,27898372.0,33.68,115.0,10436900,1066964287.0,136790293.21,10436900,149991249.0,82823156.0,102.23,102.23,102.23,,,,53.58,33059369.23,1.68,135.0,157.0,157.0,130.10000610351562,7.09,10.88,3.53762,60.31,True,529.79,Claw-back not triggered (subscription level below the reallocation threshold),10.0,74.61,19340612.39,98.96,35951360.5,70.99,63378901.69,31/03/2026,19.43,17.87,2.71,-1.3,18.16,17.97,12.49,,,,,,,,,,,,,,,False,0.26,108368.0,True,,,,2025-10-25,https://www1.hkexnews.hk/listedco/listconews/sehk/2025/0922/2025092200011.pdf,https://www1.hkexnews.hk/listedco/listconews/sehk/2025/0929/2025092903622.pdf,China International Capital Corporation Hong Kong Securities Limited / Guotai Junan Capital Limited/ CMB International Capital Limited/  Huatai Financial Holdings (Hong Kong) Limited/ CITIC Securities (Hong Kong) Limited,False,True,True,,,,,,,,,,True,
,30/09/2025,02583,CNE1000074P3,"Shenzhen Hiphine Precision Technology Co., Ltd.",深圳西普尼精密科技股份有限公司,Consumer Discretionary,Textiles & Clothing,Jewellery & Timepieces,False,False,False,True,True,,,,,,,False,T+1,"Shenzhen Hipine Precision Technology Co Ltd is a China-based company principally engaged in designing, manufacturing of gold-case watches and gold-bezel watches. The Company’s main products include watches and accessories product portfolio. Watches include traditional watches and smart watches. Accessories product portfolio includes precious metal accessories and products, which mainly include wearable precious metal accessories such as earrings, rings, necklaces and bracelets, and other precious metal products such as gold bars, gold medals and commemorative coins, and watch straps and other watch accessories. The Company sells its products under the HIPINE brand. The Company mainly operates its businesses in the domestic market.",1741220000.0,223233333.33,2955956250.0,378968750.0,16179228.0,27.5,50.25,10600000,313760000.0,40225641.03,10600000,58825000.0,58825000.0,27.0,29.6,29.6,100.0,,,258.11,38361128.21,17.18,84.0,106.0,130.0,80.0,7.09,10.88,3.53762,69.03,True,2505.9,,10.0,457.43,53349351.23,457.43,59286647.5,456.76,83497724.34,31/03/2026,-2.07,252.36,269.59,259.8,253.38,244.26,69.76,,,,,,,,,,,,,,,False,1.0,160901.0,False,,,,,https://www1.hkexnews.hk/listedco/listconews/sehk/2025/0919/2025091900019.pdf,https://www1.hkexnews.hk/listedco/listconews/sehk/2025/0929/2025092902274.pdf,Ping An of China Capital  (Hong Kong) Company Limited | Bookrunners/Lead Managers: IMPORTANT,False,False,True,,,,,,,,,,True,
30/06/2025,30/09/2025,02259,HK0001200002,Zijin Gold International Company Limited,紫金黃金國際有限公司,Materials,Gold & Precious Metals,Gold & Precious Metals,False,False,False,False,True,,,,,,,False,T+1,"Zijin Gold International Co Ltd is an investment holding company mainly engaged in the mining of gold and non-ferrous metal business. The Company is mainly engaged in the exploration, mining processing, and sales of gold and non-ferrous metal. The Company is mainly engaged in the sale of gold bars, alloy gold, gold concentrate and other products.",187851494213.0,24083524899.1,236856028050.0,30366157442.31,401343841.0,15.0,88.5,348990700,28731880487.0,3683574421.41,348990700,2623990700.0,2676339300.0,71.59,71.59,71.59,,,,68.46,1513163047.62,6.28,111.5,120.5999984741211,123.0,111.0,7.09,10.88,3.53762,93.18,True,240.74,,10.0,105.62,894395805.77,97.37,1505223201.62,83.55,4247677369.83,31/03/2026,-2.19,143.19,140.26,148.64,154.37,145.98,23.62,,,,,,,,,,,,,,,False,50.0,,True,Morgan Stanley Asia Limited,0.0,,2025-10-25,https://www1.hkexnews.hk/listedco/listconews/sehk/2025/0919/2025091900073.pdf,https://www1.hkexnews.hk/listedco/listconews/sehk/2025/0929/2025092903788.pdf,Morgan Stanley Asia Limited/ CITIC Securities (Hong Kong) Limited,True,True,True,,,,,,,,,,True,
11/06/2025,08/10/2025,02652,CNE1000074R9,"CF PharmTech, Inc.",長風藥業股份有限公司,Healthcare,Pharmaceuticals & Biotechnology,Pharmaceuticals,False,False,False,True,True,,,,,,,False,T+1,"CF PharmTech Inc is a China-based company primarily focused on the research & development, manufacturing and commercialization of inhalation technologies and inhalation drugs. The Company’s product portfolio primarily focused on respiratory diseases, including asthma, chronic obstructive pulmonary disease (COPD) and allergic rhinitis. The Company's primary products include CF017, a budesonide suspension for inhalation targeting bronchial asthma, and CF018, an azelastine hydrochloride and fluticasone propionate nasal spray approved for allergic rhinitis. The Company mainly conducts its business in the domestic market.",6076681208.25,779061693.37,5406216858.0,693104725.38,226267044.0,87.89,21.0,41198000,607670500.0,77906474.36,41198000,411978387.0,300826586.0,14.75,14.75,14.75,,,,161.02,66884855.51,8.59,47.0,38.5,48.79999923706055,37.459999084472656,4.66,11.66,3.55417,85.58,True,6697.8,,10.0,97.15,26988276.52,94.58,31035450.9,99.73,45442144.31,08/04/2026,1.23,56.47,56.61,54.58,55.39,55.93,42.37,,,,,,,,,,,,,,,False,1.0,264209.0,False,,,,,https://www1.hkexnews.hk/listedco/listconews/sehk/2025/0926/2025092600041.pdf,https://www1.hkexnews.hk/listedco/listconews/sehk/2025/1006/2025100601430.pdf,CITIC Securities (Hong Kong) Limited/ CMB International Capital Limited | Bookrunners/Lead Managers: IMPORTANT,False,True,True,,,,,,,,,,True,
18/07/2025,10/10/2025,02650,CNE1000074Z2,"Shanghai Zhida Technology Development Co., Ltd.",上海摯達科技發展股份有限公司,Industrials,Industrial Engineering,Industrial Components & Equipment,False,False,False,True,True,,,,,,,False,T+1,"Shanghai Zhida Technology Development Co Ltd is a China-based company primarily engaged in the home EV (electric vehicle) charging station business. The Company's products include smart home EV chargers and accessories, EV charging robots, EMS solutions, and pipeline products. The Company also provides services including system upgrades and optimization for pile installation, R&D of EV chargers, technical services for energy storage, site survey services, and software development services. The Company's clients primarily include automakers, retailers, and distributors.",4001066964.44,512957303.13,3495585765.35,448152021.2,98774099.0,31.05,10.989999771118164,5978900,400107988.0,51295895.9,5978900,59788807.0,318069685.0,66.92,83.63,66.92,0.0,,,-41.57,39063655.53,7.62,38.0,39.099998474121094,39.400001525878906,34.2400016784668,0.34,8.91,3.48435,108.99,True,5440.8,,10.0,-44.17,11448992.72,-45.76,15189060.58,-45.61,27349870.88,10/04/2026,0.21,-43.19,-46.8,-43.31,-31.41,-25.43,-83.58,,,,,,,,,,,,,,,False,0.04,201807.0,True,,,,2025-11-05,https://www1.hkexnews.hk/listedco/listconews/sehk/2025/0930/2025093000033.pdf,https://www1.hkexnews.hk/listedco/listconews/sehk/2025/1009/2025100901252.pdf,Shenwan Hongyuan Capital (H.K.) Limited | Bookrunners/Lead Managers: IMPORTANT,False,True,True,,,,,,,,,,True,
13/06/2025,15/10/2025,02575,CNE1000074Q1,"Xuanzhu Biopharmaceutical Co., Ltd.",軒竹生物科技股份有限公司,Healthcare,Pharmaceuticals & Biotechnology,Biotechnology,True,False,False,True,True,,,,,,,False,T+1,"Xuanzhu Biopharmaceutical Co Ltd is a China-based company principally engaged in biopharmaceutical business. The Company is primarily engaged in business of research and development, manufacturing and commercialization of innovative drugs, focusing on a number of therapeutic areas such as digestion, oncology and non-alcoholic steatohepatitis (NASH). The Company’s main products include KBP-3571, XZP-3287 and XZP-3621. The Company mainly conducts its businesses in the domestic market.",6008194364.0,770281328.72,6904244001.18,885159487.33,142798206.0,27.57,13.329999923706056,67333500,781068600.0,100137000.0,67333500,517947790.0,517947790.0,11.6,11.6,11.6,,,,126.72,49714642.42,6.45,29.459999084472656,26.299999237060547,31.0,26.299999237060547,-2.03,5.76,3.42417,99.92,True,4908.33,,,193.1,36039197.88,417.24,86835838.01,452.59,164647655.51,15/04/2026,10.49,210.52,167.24,181.03,183.79,189.31,14.91,,,,,,,,,,,,,,,False,1.0,,False,,,,,https://www1.hkexnews.hk/listedco/listconews/sehk/2025/1006/2025100600007.pdf,https://www1.hkexnews.hk/listedco/listconews/sehk/2025/1014/2025101401222.pdf,"China International Capital Corporation Hong Kong Securities Limited | Bookrunners/Lead Managers: Hong Kong Exchanges and Clearing Limited, The Stock Exchange of Hong Kong Limited and Hong Kong Securities Clearing Company Limited take no responsibility for the",False,True,True,,,,,,,,,,True,
22/09/2025,16/10/2025,02670,CNE100007523,"Beijing Yunji Technology Co., Ltd.",,Information Technology,Software & Services,Digital Solution Services,False,False,False,True,True,,,,,,,False,T+1,"Beijing Yunji Technology Co Ltd (Haidian) is a China-based company primarily engaged in offering robots and functional kits, complemented by services under artificial intelligence (AI) digitalization system. The Company’s robots and functional kits include YJ-Robots, YJ-AIoT components, YJ-Transformer modules and intelligent control module. The Company’s AI digitalization system includes AI-driven robotic fundamental services and AI agent applications. The Company’s AI-driven robotic fundamental services include the license of YJ-ROS, and comprehensive AI-powered support for robots and functional kits. The Company’s AI agent applications encompass Hospitality Digital Operating System (HDOS) and YJ-Platform. The Company conducts its businesses in the domestic and overseas markets.",6569458199.2,842238230.67,18775398138.0,2407102325.38,40315944.0,64.63,301.0,6900000,758586000.0,97254615.38,6900000,68718182.0,62372388.0,95.6,95.6,95.6,,,,26.05,49906310.9,5.93,142.8000030517578,120.5,142.8000030517578,120.0999984741211,-2.08,4.28,3.46494,114.55,True,5657.2,"1,035,000 Offer Shares reallocated from the International Offering to the retail tranche via clawback (345,000 -> 1,380,000 Shares), 20.0% of the Global Offering",20.0,32.85,22362154.74,29.18,26809824.59,19.67,46022728.38,16/04/2026,-0.33,150.84,153.14,151.67,153.14,161.51,214.85,,,,,,,,,,,,,,,False,3.0,260092.0,True,CLSA Limited,0.0,,2025-11-12,https://www1.hkexnews.hk/listedco/listconews/sehk/2025/1008/2025100800003.pdf,https://www1.hkexnews.hk/listedco/listconews/sehk/2025/1015/2025101501398.pdf,CITIC Securities (Hong Kong) Limited/ CCB International Capital Limited,False,True,True,,,,,,,,,,False,
06/08/2025,20/10/2025,02637,CNE100007515,"Fujian Haixi Pharmaceuticals Co., Ltd.",福建海西新藥創制股份有限公司,Healthcare,Pharmaceuticals & Biotechnology,Pharmaceuticals,False,False,False,True,True,,,,,,,False,T+1,"Fujian Haixi Pharmaceuticals Co Ltd is a China-based company principally engaged in the research, development, production, and sales of generic drugs and innovative drugs. The Company’s main products include Anbili, Haihuitong, Ruiantuo and Saixifu. The Company’s products are mainly used in digestive system diseases, cardiovascular system diseases, endocrine system diseases, nervous system diseases, inflammatory diseases, oncology, ophthalmology, respiratory diseases and others. The Company mainly operates its businesses in the domestic market.",6800308128.0,871834375.38,14167308600.0,1816321615.38,14270366.0,18.13,180.0,11500000,993600000.0,127384615.38,11500000,78707270.0,78707270.0,69.88,86.4,86.4,100.0,,,50.93,1074128.15,0.12,129.89999389648438,130.39999389648438,131.39999389648438,125.0,-2.59,2.9,3.57857,68.13,True,3165.1,,,53.01,3751537.3,49.42,6294943.8,71.64,22436948.51,20/04/2026,-2.66,119.91,119.21,125.93,123.38,138.19,108.33,,,,,,,,,,,,,,,False,1.0,316139.0,False,,,,,https://www1.hkexnews.hk/listedco/listconews/sehk/2025/1009/2025100900041.pdf,https://www1.hkexnews.hk/listedco/listconews/sehk/2025/1017/2025101701654.pdf,Huatai Financial Holdings (Hong Kong) Limited/ CMB International Capital Limited | Bookrunners/Lead Managers: IMPORTANT,False,True,True,,,,,,,,,,True,
22/05/2025,21/10/2025,06687,KYG8123S1066,JST Group Corporation Limited,聚水潭集團股份有限公司,Information Technology,Software & Services,Application Software,False,False,False,False,True,,,,,,,False,T+1,"JST Group Corp Ltd is a holding company principally engaged in providing e-commerce software as a service (SaaS) enterprise resource planning system (ERP). The Company’s main businesses include providing SaaS services, sales of supportive equipment and promotion services. The Company’s products include e-commerce SaaS ERP products, and other e-commerce operation SaaS products. The Company’s main products Jushuitan ERP serving the core demands of merchants associated with their fulfillment of e-commerce orders across major platforms. Jushuitan ERP provides include Order Management System (OMS), Warehousing Management System (WMS), Procurement Management System (PMS) and Distribution Management System (DMS) and others. The Company mainly operates its businesses in the domestic market.",13036781160.0,1671382200.0,5821026473.03,746285445.26,201675891.0,47.6,13.739999771118164,68166200,2398767660.0,307534315.38,68166200,426038600.0,422801100.0,30.6,30.6,30.6,,,,23.86,182166362.19,10.9,38.0,37.900001525878906,40.58000183105469,35.099998474121094,-1.95,1.92,3.66411,68.05,True,1952.95,,,13.92,77678865.34,8.5,92840733.1,-14.25,129237502.49,21/04/2026,-6.68,-39.31,-37.25,-34.97,-39.71,-42.52,-55.1,13.0,,False,False,False,,,,,,,,,,False,0.13,386815.0,True,China International Capital Corporation Hong Kong Securities Limited,,,2025-11-15,https://www1.hkexnews.hk/listedco/listconews/sehk/2025/1013/2025101300005.pdf,https://www1.hkexnews.hk/listedco/listconews/sehk/2025/1020/2025102001624.pdf,China International Capital Corporation Hong Kong Securities Limited/ J.P. Morgan Securities (Far East) Limited | Bookrunners/Lead Managers: IMPORTANT,True,True,True,,,,,,,,,,True,
25/04/2025,22/10/2025,00638,CNE1000075R6,Fibocom Wireless Inc.,深圳市廣和通無線股份有限公司,Industrials,Industrial Engineering,Electronic Components,False,False,False,True,True,,,,,,,False,T+1,"Fibocom Wireless Inc is a China-based company principally engaged in providing wireless communication module. The Company’s main products include data transmission modules, smart modules and artificial intelligence (AI) modules. The Company's solutions provided through its module products include Edge AI solutions, robotic solutions and other solutions. The Company's module products and solutions have a wide range of application scenarios, primarily including automotive electronics, smart home, consumer electronics and smart retail. The Company mainly operates its businesses in the domestic and overseas markets.",19361475453.0,2482240442.69,1017153906.0,130404346.92,544492078.0,403.09,7.53,135080200,2904224300.0,372336448.72,135080200,900533742.0,135080200.0,,21.5,21.5,,,,,,,,,,,-2.13,0.45,3.53185,33.76,True,550.99,,,,,,,,,22/04/2026,,,,,,,,,,,,,,,,,,,,,,False,0.31,191156.0,True,,,,16 November 2025 (Sunday),https://www1.hkexnews.hk/listedco/listconews/sehk/2025/1014/2025101400007.pdf,https://www1.hkexnews.hk/listedco/listconews/sehk/2025/1021/2025102101036.pdf,CITIC Securities (Hong Kong) Limited | Bookrunners/Lead Managers: IMPORTANT,False,True,True,,,,,,,,,,True,
28/08/2025,28/10/2025,06980,CNE100007507,"Bama Tea Co., Ltd.",八馬茶業股份有限公司,Consumer Staples,Food & Beverages,Non-alcoholic Beverages,False,False,False,True,True,,,,,,,False,T+1,"Bama Tea Co Ltd is a China-based company mainly engaged in the research and development of tea and related products. Its product range covers all categories of tea, including Oolong, dark tea, black tea, green tea, white tea, and yellow tea, as well as non-tea products such as tea sets, tea snacks, and tea beverages. The Company mainly operates its businesses within domestic market.",4250000000.0,544871794.87,1115903587.5,143064562.5,35236750.0,66.5,21.06,9000000,450000000.0,57692307.69,9000000,85000000.0,52986875.0,45.0,50.0,50.0,100.0,,,86.7,50446099.82,9.26,80.0999984741211,93.3499984741211,97.9000015258789,80.0,0.83,4.64,3.43738,58.88,True,2680.04,,,75.4,22237757.18,46.0,31319462.31,5.8,76055998.54,28/04/2026,-3.45,-45.12,-41.2,-43.16,-46.0,-45.4,-57.88,,,,,,,,,,,,,,,False,0.8,168027.0,False,,,,,https://www1.hkexnews.hk/listedco/listconews/sehk/2025/1020/2025102000021.pdf,https://www1.hkexnews.hk/listedco/listconews/sehk/2025/1027/2025102701732.pdf,Huatai Financial Holdings (Hong Kong) Limited/ ABCI Capital Limited/ TFI Capital Limited | Bookrunners/Lead Managers: IMPORTANT,False,True,True,,,,,,,,,,False,
28/04/2025,28/10/2025,06166,,"CIG SHANGHAI CO., LTD.",,,,,False,False,False,True,True,,,,,,,False,T+1,,23076889888.08,2958575626.68,13982695234.44,1792653235.18,319628192.0,344.94,150.89999389648438,67010500,5308030560.0,680516738.46,67010500,335030341.0,,,68.88,68.88,,,,33.86,341012587.23,11.53,94.0,92.1999969482422,109.0,90.1999969482422,0.83,4.64,3.43738,45.53,True,338.7,,,21.23,107005808.78,13.53,130626865.52,12.73,382139150.46,28/04/2026,-16.45,61.44,84.23,93.23,85.39,77.12,119.08,16.0,,False,True,True,,,,,,,,,,False,5.0,206461.0,True,Guotai Junan Securities (Hong Kong) Limited,0.0,,,https://www1.hkexnews.hk/listedco/listconews/sehk/2025/1020/2025102000019.pdf,https://www1.hkexnews.hk/listedco/listconews/sehk/2025/1027/2025102701698.pdf,Guotai Junan Capital Limited | Bookrunners/Lead Managers: IMPORTANT,False,True,True,,,,,,,,,,True,
15/04/2025,28/10/2025,01384,CNE1000076K9,"Deepexi Technology Co., Ltd.",滴普科技股份有限公司,Information Technology,Software & Services,Digital Solution Services,False,False,False,True,True,,,,,,,False,T+1,"Deepexi Technology Co Ltd, formerly Beijing Deepexi Technology Co Ltd, is a China-based company principally engaged in providing large model artificial intelligence (AI) application solutions. The Company operates its business through two segments. The FastData Enterprise Data Intelligence Solution segment engages in sales of FastData enterprise data intelligence solutions. The FastAGI Enterprise AI Solution segment engages in sales of FastAGI enterprise AI solutions. The Company’s main products include FastData and FastAGI. FastData focuses on achieving standardized and unified governance of an enterprise's multi-modal data (such as knowledge, documents, drawings, and formulas). FastAGI provides Agentic artificial intelligence applications in multiple scenarios, including consumer goods, manufacturing, healthcare, transportation and others. The Company mainly operates its businesses in the domestic market.",8708009120.0,1116411425.64,12673663477.36,1624828650.94,114282004.0,34.16,37.880001068115234,26632000,710009120.0,91026810.26,26632000,326632000.0,334574000.0,26.66,26.66,26.66,,,,150.56,100184246.63,8.97,56.5,66.80000305175781,68.4000015258789,52.099998474121094,0.83,4.64,3.43738,48.14,True,7569.83,,20.0,276.97,174481462.11,278.84,204379508.78,198.57,322725763.46,28/04/2026,-8.31,82.45,109.3,98.99,87.92,77.79,42.09,,,,,,,,,,,,,,,False,3.0,236934.0,False,,,,,https://www1.hkexnews.hk/listedco/listconews/sehk/2025/1020/2025102000015.pdf,https://www1.hkexnews.hk/listedco/listconews/sehk/2025/1027/2025102701434.pdf,CITIC Securities (Hong Kong) Limited/ CMBC International Capital Limited/ Guotai Junan Capital Limited/ SPDB International Capital Limited/ BOCOM International (Asia) Limited | Bookrunners/Lead Managers: IMPORTANT,False,True,True,,,,,,,,,,True,
22/05/2025,28/10/2025,06031,CNE1000075S4,"SANY HEAVY INDUSTRY CO., LTD.",三一重工股份有限公司,Industrials,Industrial Engineering,Heavy Industrial Machinery,False,False,False,True,True,,,,,,,False,T+1,"Sany Heavy Industry Co Ltd is a China-based company principally engaged in research, development, manufacture, sale and service of construction machinery. The Company operates its businesses through six segments. The Concrete Machinery segment engages in research, development, manufacture and sale of a series of concrete products. The Excavator Machinery segment engages in research, development, manufacture and sale of excavator machinery products. The Hoisting Machinery segment engages in research, development, manufacture and sale of hoisting machinery products. The Pile Driving Machinery segment engages in research, development, manufacture and sale of pile driving machinery products. The Pavement Machinery segment engages in research, development, manufacture and sale of pavement machinery products. The Financial Services segment engages in mortgage loans, financial leasing, and other businesses. The Company mainly operates its businesses in the domestic and overseas markets.",193957562228.1,24866354131.81,13360191635.74,1712845081.51,6216956083.0,862.73,18.540000915527344,631598800,15349086720.0,1967831630.77,631598800,9105988837.0,720614400.0,,21.3,21.3,,,,2.82,388388971.43,1.56,21.299999237060547,21.899999618530273,22.299999237060547,21.299999237060547,0.83,4.64,3.43738,73.74,True,52.93,,9.19,9.67,273350071.5,6.67,339290111.19,1.69,516064725.06,28/04/2026,0.09,1.03,-0.94,0.94,4.79,1.78,-12.96,,,,,,,,,,,,,,,False,50.0,115863.0,True,CLSA Limited,,,2025-11-22,https://www1.hkexnews.hk/listedco/listconews/sehk/2025/1020/2025102000017.pdf,https://www1.hkexnews.hk/listedco/listconews/sehk/2025/1027/2025102701586.pdf,CITIC Securities (Hong Kong) Limited,False,True,False,,,,,,,,,,True,
10/06/2025,03/11/2025,02718,KYG6144L1005,Mininglamp Technology,明略科技,Information Technology,Software & Services,Digital Solution Services,False,False,False,False,True,,,,,,,False,T+1,"Mininglamp Technology is a data intelligence application software company. The Company is committed to transforming enterprise marketing and operational decision-making and processes through the integration of large models, industry-specific knowledge, and multimodal data. Through innovative data intelligence application software, the Company helps clients collect, integrate, manage, and analyze multimodal data from both online and offline operations, generating actionable business insights to meet business needs, empowering clients to continually improve operational efficiency and facilitate innovation. The Company's services include marketing intelligence services, operational intelligence services, and industry solution services. The Company's customers cover industries such as retail, consumer goods, food and beverage, automotive, cosmetics, and maternal and child products.",20357348901.0,2609916525.77,27091763160.72,3473302969.32,79042140.0,60.51,207.3999938964844,7219000,1170553800.0,150071000.0,7219000,144378361.0,145461161.0,141.0,141.0,141.0,,,,106.1,80359433.41,3.08,280.0,290.6000061035156,309.79998779296875,272.0,-3.62,5.04,3.38173,68.48,True,4452.86,,10.0,53.76,38930316.83,57.16,50873973.81,41.84,101959600.0,04/05/2026,2.39,58.3,58.16,54.61,55.89,64.11,47.09,5.0,,False,False,False,,,,,,,,,,False,1.0,283629.0,True,,0.0,,2025-11-27,https://www1.hkexnews.hk/listedco/listconews/sehk/2025/1023/2025102300005.pdf,https://www1.hkexnews.hk/listedco/listconews/sehk/2025/1031/2025103103042.pdf,China International Capital Corporation Hong Kong Securities Limited,False,True,False,,,,,,,,,,True,
28/04/2025,05/11/2025,09927,CNE1000076H5,"Seres Group Co., Ltd.",賽力斯集團股份有限公司,Consumer Discretionary,Automobiles,Automobiles,False,False,False,True,True,,,,,,,False,T+1,"Seres Group Co Ltd is a China-based company principally engaged in the research and development, manufacturing, sales and service of new energy vehicles and core three-electric products. The Company's main products include the AITO series, covering new energy vehicles and traditional fuel vehicles. The Company promotes digital user experience and maintenance services, launches innovative services such as Starry Night Service and Worry-free Return, and builds a full-process digital + artificial intelligence (AI) service system online and offline. The Company's technological innovation is mainly reflected in intelligent extended-range electric, intelligent assisted driving, intelligent green manufacturing and other aspects. The Company mainly conducts its businesses in the domestic and overseas markets.",229071038809.0,29368081898.59,4992129140.56,640016556.48,810301783.0,746.0,45.959999084472656,108619000,14283398500.0,1831204935.9,108619000,1741985086.0,108619000.0,,131.5,131.5,,,,0.0,313400072.44,1.07,128.89999389648438,131.5,131.5,118.0,-3.79,3.4,3.16131,76.01,True,132.68,,,-12.09,200081164.54,-12.17,256620278.19,-11.41,582715456.95,06/05/2026,-0.07,-46.73,-42.7,-46.69,-45.4,-44.14,-65.05,1.0,,False,False,False,,,,,,,,,,False,10.0,,True,China International Capital Corporation Hong Kong Securities Limited,,,2025-11-30,https://www1.hkexnews.hk/listedco/listconews/sehk/2025/1027/2025102700059.pdf,https://www1.hkexnews.hk/listedco/listconews/sehk/2025/1104/2025110402282.pdf,"China International Capital Corporation/ China Galaxy International Securities (Hong Kong) Co., Limited",False,True,True,,,,,,,,,,True,
31/07/2025,06/11/2025,02630,CNE1000076N3,"Vigonvita Life Sciences Co., Ltd.",蘇州旺山旺水生物醫藥股份有限公司,Healthcare,Pharmaceuticals & Biotechnology,Biotechnology,True,False,False,True,True,,,,,,,False,T+1,"Vigonvita Life Sciences Co Ltd is a China-based company mainly engaged in the discovery, development and commercialization of small molecule drugs. The Company mainly focuses on the fields of neuropsychiatric, reproductive health and viral infection treatment. The Company's product pipeline mainly includes LV232, TPN102, VV119, VV147, TPN171, VV913, VV116, VV261 and VV207. The Company has entered the commercialization stage. The Company primarily operates its businesses in China and Uzbekistan.",5592738586.0,717017767.44,4237331751.28,543247660.42,39244701.0,58.86,63.54999923706055,17597800,587238585.9999999,75286998.21,17597800,167597800.0,66677133.0,,34.0,33.37,,,,145.73,58182301.03,8.11,95.0,82.0,97.0,81.75,-1.75,6.55,3.11845,58.67,True,6238.42,Claw-back not triggered (subscription level below the reallocation threshold),10.0,69.46,16350700.19,64.97,18705407.83,128.05,40838299.72,07/05/2026,1.91,132.09,120.71,127.75,131.65,139.74,90.44,,,,,,,,,,,,,,,False,1.68,265188.0,True,,,,2025-12-03,https://www1.hkexnews.hk/listedco/listconews/sehk/2025/1028/2025102800017.pdf,https://www1.hkexnews.hk/listedco/listconews/sehk/2025/1105/2025110502006.pdf,CITIC Securities (Hong Kong) Limited,False,True,False,,,,,,,,,,False,
19/10/2025,06/11/2025,00800,KYG9560F1028,WeRide Inc.,文遠知行,Information Technology,Software & Services,Digital Solution Services,False,False,False,False,True,,,,,,,False,T+1,"WeRide Inc is a holding company mainly engaged in the commercialization of autonomous driving technology. The Company mainly operates three businesses. The company sells autonomous driving vehicles, primarily including robobuses, robotaxis and robosweepers, and related sensor suites. The Company provides autonomous driving related operational and technical support services. The Company also offers other technology services, including advanced driver-assistance system (ADAS) research and development services, and intelligent data services. The Company's autonomous driving products and solutions are available in multiple countries including China, the United Arab Emirates, Saudi Arabia, Switzerland, France, Singapore and Japan.",27821302543.0,3566833659.36,13486820789.63,1729079588.41,703219941.0,75.45,14.470000267028809,88250000,2391575000.0,306612179.49,88250000,1026616330.0,986868365.0,35.0,35.0,27.1,,,,-9.96,52869600.1,1.48,24.979999542236328,24.399999618530273,24.979999542236328,23.0,-1.75,6.55,3.11845,81.04,True,73.44,,,-20.3,24670098.1,-23.62,32063239.55,-13.28,93628883.31,07/05/2026,0.5,-25.83,-26.13,-26.2,-27.38,-26.2,-46.61,,,,,,,,,,,,,,,False,6.64,64949.0,True,China International Capital Corporation Hong Kong Securities Limited,,,,https://www1.hkexnews.hk/listedco/listconews/sehk/2025/1028/2025102800019.pdf,https://www1.hkexnews.hk/listedco/listconews/sehk/2025/1105/2025110502014.pdf,China International Capital Corporation/ Morgan Stanley Asia Limited,True,True,True,,,,,,,,,,True,
07/08/2025,06/11/2025,00699,CNE1000076L7,NINGBO JOYSON ELECTRONIC CORP.,寧波均勝電子股份有限公司,Consumer Discretionary,Automobiles,Auto Parts,False,False,False,True,True,,,,,,,False,T+1,"Ningbo Joyson Electronic Corp is a China-based company mainly engaged in providing intelligent automotive technology solutions. The Company operates five segments. The Automotive Safety Systems business mainly includes seatbelts, airbags, intelligent steering wheels and integrated safety solutions related products. The Automotive Electronics Systems business mainly includes automotive intelligence solutions, e-mobility and human machine interaction (HMI), and others. The Automotive Components business includes smart cockpits products and new energy electric charging and distribution products. The Weighing Apparatus business includes various electronic weighing products. The Company also operates the Others segment. The Company mainly operates its businesses in the domestic market.",34116952386.0,4373968254.62,2191563000.0,280969615.38,971114331.0,626.12,14.13,155100000,3412200000.0,437461538.46,155100000,1550770563.0,151114500.0,,23.6,22.0,,,,,,,,,,,-1.75,6.55,3.11845,48.94,True,147.67,,10.0,,,,,,,07/05/2026,,,,,,,,,,,,,,,,,,,,,,False,16.0,94653.0,True,,23265000.0,18.4,2025-12-03,https://www1.hkexnews.hk/listedco/listconews/sehk/2025/1028/2025102800057.pdf,https://www1.hkexnews.hk/listedco/listconews/sehk/2025/1105/2025110502028.pdf,China International Capital Corporation Hong Kong Securities Limited/ UBS Securities Hong Kong Limited,True,True,True,,,,,,,,,,True,
17/10/2025,06/11/2025,02026,KYG7171B1068,Pony AI Inc.,小馬智行,Information Technology,Software & Services,Digital Solution Services,False,False,False,False,True,,,,,,,False,T+1,"Pony AI Inc is a holding company primarily engaged in the commercialization of autonomous driving technology. The Company mainly provides three services. The Robotaxis services provide online car-hailing services to individual passengers through autonomous driving taxis and offer engineering solutions for autonomous driving taxis. The engineering solution service projects typically involve a combination of software development, system integration, hardware components and related services. The Robotrucks services mainly engage in selling virtual driver solutions and providing freight services. The licensing and applications mainly provide intelligent travel solutions composed of software licenses, hardware and data analysis tools.",60262275867.0,7725932803.46,19243921414.0,2467169412.05,277262829.0,78.67,54.599998474121094,41955700,6706611000.0,859821923.08,41955700,433541553.0,433541553.0,180.0,180.0,139.0,,,,-9.28,140310821.64,1.82,124.0,126.0999984741211,126.0999984741211,118.8000030517578,-1.75,6.55,3.11845,60.47,True,15.88,,,-17.55,70544424.07,-22.3,80084239.5,-20.07,229600010.84,07/05/2026,1.72,-42.45,-41.08,-43.42,-45.97,-48.24,-60.72,,,,,,,,,,,,,,,False,55.0,37062.0,True,Goldman Sachs (Asia) L.L.C.,,,2025-12-03,https://www1.hkexnews.hk/listedco/listconews/sehk/2025/1028/2025102800087.pdf,https://www1.hkexnews.hk/listedco/listconews/sehk/2025/1105/2025110502018.pdf,Goldman Sachs (Asia) L.L.C./ Merrill Lynch (Asia Pacific) Limited/ Deutsche Securities Asia Limited/ Huatai Financial Holdings (Hong Kong) Limited,True,True,True,,,,,,,,,,True,
12/08/2025,10/11/2025,02698,KYG8263A1058,Softcare Limited,樂舒適有限公司,Consumer Staples,Consumer Staple Retailers,Personal Care,False,False,False,False,True,,,,,,,False,T+1,"Softcare Ltd is a United Arab Emirates-based consumer hygiene products company engaged in the development, manufacturing, and sale of disposable personal and household care products. The Company’s primary business focuses on three segments: Baby Care, Feminine Care, and Family Care. The Baby Care segment includes baby diapers and baby pants. The Feminine Care segment provides sanitary pads in various designs and specifications for menstrual care. The Family Care segment offers wet wipes intended for daily cleansing and hygiene use. The company operates in the consumer hygiene products sector.",15874160800.0,2035148820.51,15519357500.0,1989661217.95,225807606.0,36.38,25.0,90884000,2738334920.0,351068579.49,90884000,605884000.0,620774300.0,24.2,26.2,26.2,100.0,,,25.95,180274515.38,8.86,34.97999954223633,33.0,36.79999923706055,33.0,1.36,6.73,3.02268,31.62,True,1813.77,,,20.61,43082592.97,17.71,52709588.99,14.12,102853752.92,11/05/2026,-4.49,3.82,11.37,8.7,0.69,-2.29,-4.58,5.0,,False,False,False,,,,,,,,,,False,1.0,294053.0,True,China International Capital Corporation Hong Kong Securities Limited,,,2025-12-05,https://www1.hkexnews.hk/listedco/listconews/sehk/2025/1031/2025103100021.pdf,https://www1.hkexnews.hk/listedco/listconews/sehk/2025/1107/2025110701708.pdf,China International Capital Corporation Hong Kong Securities Limited/ CITIC Securities (Hong Kong) Limited/ GF Capital (Hong Kong) Limited | Bookrunners/Lead Managers: IMPORTANT,False,True,True,,,,,,,,,,True,
23/10/2025,17/11/2025,02579,CNE1000076P8,"CNGR Advanced Material Co., Ltd.",中偉新材料股份有限公司,Materials,Basic Materials,Specialty Chemicals,False,False,False,True,True,,,,,,,False,T+1,"CNGR Advanced Material Co Ltd is a China-based company mainly engaged in the research, development, production, and sales of cathode materials and precursors for new energy batteries. The Company's main products include nickel-based materials (ultra-high nickel precursors, precursors for solid-state batteries, low-altitude economical precursors, and cost-effective medium-nickel high-voltage precursors), cobalt-based materials (high-voltage cobalt tetroxide), phosphorus-based materials (iron phosphate precursors and lithium iron phosphate), sodium-based materials (polyanionic sodium electrodes and layered oxide sodium electrodes), and new energy metal products. The Company's products can be applied in electric vehicles, energy storage systems, and consumer electronics. The Company mainly operates its businesses in the domestic and overseas markets.",35436631172.0,4543157842.56,2651494231.66,339935157.91,471119982.0,452.02,25.440000534057617,104225400,3543663600.0,454315846.15,104225400,1042253858.0,104225400.0,,37.8,34.0,,,,-0.12,74284450.31,1.64,34.0,33.959999084472656,34.0,32.0,4.5,5.02,3.00429,38.11,True,27.9,Claw-back not triggered (subscription level below the reallocation threshold),,-10.88,49861602.33,-10.88,64879343.54,-22.24,113855141.12,18/05/2026,-0.54,8.76,12.71,9.35,5.41,9.24,-25.18,,,,,,,,,,,,,,,False,10.0,40241.0,True,,,,"December 12, 2025 (Friday)",https://www1.hkexnews.hk/listedco/listconews/sehk/2025/1107/2025110700019.pdf,https://www1.hkexnews.hk/listedco/listconews/sehk/2025/1116/2025111600003.pdf,Morgan Stanley Asia Limited/ Huatai Financial Holdings  (Hong Kong) Limited,True,True,True,,,,,,,,,,True,
31/07/2025,24/11/2025,02788,KYG2137R1056,Chuangxin Industries Holdings Limited,創新實業集團有限公司,Materials,Diversified Metals & Minerals,Aluminium,False,False,False,False,True,,,,,,,False,T+1,"Chuangxin Industries Holdings Ltd is a company principally engaged in production and sales of electrolytic aluminum and alumina. The Company operates its businesses through two segments. The Electrolytic Aluminum Business segment is mainly involved in the production and sales of aluminum ingots and liquid aluminium. The Alumina Business segment is primarily engaged in the production and sales of alumina and other related types of products. The Company is also engaged in sales of scrap and other materials, electricity as well as steam supply.",21980000000.0,2817948717.95,28510499525.07,3655192246.8,575003250.0,27.71,13.739999771118164,500000000,6319250000.0,810160256.41,500000000,2000000000.0,2075000000.0,,10.99,10.99,,,,32.76,318622558.61,11.31,15.199999809265137,14.59000015258789,15.800000190734863,14.18000030517578,-1.7,0.75,2.6256,1.65,True,447.2,,10.0,31.94,121189308.53,59.42,220866581.07,84.35,500900219.7,25/05/2026,-1.93,94.18,91.81,98.0,94.18,70.15,25.02,3.0,,False,False,False,,,,,,,,,,False,10.0,145228.0,True,China International Capital Corporation Hong Kong Securities Limited,0.0,,2025-12-19,https://www1.hkexnews.hk/listedco/listconews/sehk/2025/1114/2025111400009.pdf,https://www1.hkexnews.hk/listedco/listconews/sehk/2025/1121/2025112101421.pdf,China International Capital Corporation Hong Kong Securities Limited/ Huatai Financial Holdings  (Hong Kong) Limited | Bookrunners/Lead Managers: IMPORTANT,False,True,True,,,,,,,,,,True,
19/09/2025,27/11/2025,02685,KYG7388D1016,Quantgroup Holding Limited,量化派控股有限公司,Consumer Discretionary,Specialty Retail,Online Retailers,False,False,False,False,True,,,,,,,False,T+1,"Quantgroup Holding Ltd is an investment holding company principally engaged in operation of online marketplaces and other businesses including advertisement placement and provision of matching services for financial institutions. Its consumer E-commerce platform, Yangxiaomie, carries a wide spectrum of retail goods ranging from consumer electronics, food and beverages, home appliances, cosmetics, jewelry to clothing and personal daily care provided by third-party marketplace suppliers. The Company also operates an automobile retail online-to-offline (O2O) platform, Consumption Guide, which collaborates with automobile retailers by attracting online traffic to purchase automobiles offline at the brick-and-mortar stores of the automobile retailers, and also allows online purchase of automobiles by consumers.",5030805500.0,644975064.1,5913319064.21,758117828.74,190040072.0,36.89,11.479999542236328,13347500,147955500.0,18968653.85,13347500,513347500.0,515097500.0,,9.8,9.8,,,,88.78,11605429.49,1.8,26.0,18.5,27.799999237060547,18.299999237060547,-1.52,3.46,3.2428,12.33,True,9366.28,,10.0,147.76,6283051.41,189.8,16887728.28,176.73,34259420.72,28/05/2026,0.0,7.76,7.65,7.76,5.82,5.51,17.14,,,,,,,,,,,,,,,False,0.6,159327.0,True,China International Capital Corporation Hong Kong Securities Limited,,,2025-12-24,https://www1.hkexnews.hk/listedco/listconews/sehk/2025/1119/2025111900009.pdf,https://www1.hkexnews.hk/listedco/listconews/sehk/2025/1126/2025112601522.pdf,China International Capital Corporation Hong Kong Securities Limited / CITIC Securities (Hong Kong) Limited | Bookrunners/Lead Managers: Financial Advisor,False,True,True,,,,,,,,,,True,
27/08/2025,28/11/2025,09609,CNE1000079X6,"Hebei Haiwei Electronic New Material Technology Co., Ltd.",河北海偉電子新材料科技股份有限公司,Industrials,Industrial Engineering,Industrial Components & Equipment,False,False,False,True,True,,,,,,,False,T+1,"Hebei Haiwei Electronic New Material Technology Co Ltd is a China-based company mainly engaged in the manufacture and sales of capacitor films. The Company's main products include capacitor base films and metallized films. Its capacitor base films are the dielectrics of film capacitors and determine the performance of film capacitors. The end application scenarios of thin film capacitors include new energy vehicles, new energy power systems, industrial equipment and household appliances.",2272917426.36,291399670.05,542457570.62,69545842.39,24269919.0,36.64,8.1899995803833,35456000,531424488.0,68131344.62,35456000,159167887.0,66234139.0,14.28,14.28,14.28,,,,-22.97,22745743.59,7.81,13.5,11.0,13.5,11.0,-1.85,3.12,3.18286,27.62,True,5426.27,,,-18.77,8383079.29,-21.5,9971085.49,-31.3,17656076.49,29/05/2026,-7.19,-56.58,-58.61,-53.22,-51.68,-52.8,-42.65,,,,,,,,,,,,,,,False,1.0,165803.0,True,China International Capital Corporation Hong Kong Securities Limited,3559800.0,11.655,2025-12-25,https://www1.hkexnews.hk/listedco/listconews/sehk/2025/1120/2025112000009.pdf,https://www1.hkexnews.hk/listedco/listconews/sehk/2025/1127/2025112701630.pdf,China International Capital Corporation  Hong Kong Securities Limited,False,True,False,,,,,,,,,,False,
25/07/2025,03/12/2025,02693,CNE100007B84,"ANHUI JINYAN KAOLIN NEW MATERIALS CO., LTD.",安徽金岩高嶺土新材料股份有限公司,Materials,Diversified Metals & Minerals,Other Metals & Minerals,False,False,False,True,True,,,,,,,False,T+1,"Anhui Jinyan Kaolin New Materials Co Ltd is a China-based company primarily engaged in the production of calcined kaolin products. The Company’s main businesses include the mining, research and development, processing, production and sales of calcined kaolin products. The Company’s main products include precision casting mullite products and refractory mullite products, which are mainly used for precision casting shell mold and refractory materials. The Company is also engaged in the sales of raw coke and raw powder to customers for further processing. The Company mainly operates its businesses in the domestic and overseas markets.",709518506.8,90963911.13,70227002.55,9003461.87,22808590.0,93.86,2.890000104904175,24300000,177390000.0,22742307.69,24300000,97194316.0,24300000.0,7.3,7.3,7.3,,,,2.19,10798350.06,11.87,9.300000190734863,7.460000038146973,9.800000190734863,7.25,-1.52,2.8,2.88458,24.88,True,6876.17,Claw-back not triggered (subscription level below the reallocation threshold),10.0,-11.23,7175249.92,-11.51,11254383.3,-40.27,14142710.43,03/06/2026,0.0,-49.32,-49.73,-49.32,-48.49,-48.49,-60.41,,,,,,,,,,,,,,,False,0.03,167039.0,True,,,,2025-12-28,https://www1.hkexnews.hk/listedco/listconews/sehk/2025/1125/2025112500049.pdf,https://www1.hkexnews.hk/listedco/listconews/sehk/2025/1202/2025120202632.pdf,Guoyuan Capital (Hong Kong) Limited / CMBC International Capital Limited | Bookrunners/Lead Managers: IMPORTANT,False,False,True,,,,,,,,,,False,
25/07/2025,03/12/2025,02539,CNE100007B76,"Lemo Services Co., Ltd",樂摩科技服務股份有限公司,Consumer Discretionary,Travel & Leisure,Leisure & Recreational Facilities,False,False,False,True,True,,,,,,,False,T+1,"Lemo Services Co Ltd is a China-based company primarily engaged in the provision of mechanical massage services. The Company conducts its businesses through three segments. The Mechanical Massage Service under Direct Mode segment is engaged in providing mechanical massage service to customers through its massage equipment located at the points of service (POS) operated by the Company. The Mechanical Massage POS Operation Support Services under Partner Mode segment is engaged in providing mechanical massage POS operation support services to local partners. The Others segment is mainly engaged in sales of household massage equipment and massage accessories, providing digital advertising service and sales of mechanical massage equipment to local partners.",2222224000.0,284900512.82,152532891.38,19555498.89,9742786.0,44.14,6.909999847412109,5555600,222224000.0,28490256.41,5555600,55555600.0,23226020.0,27.0,40.0,40.0,100.0,,,36.25,17860628.21,6.27,64.80000305175781,54.5,78.6500015258789,49.29999923706055,-1.52,2.8,2.88458,20.13,True,7324.29,,10.0,112.0,8373700.82,66.75,15235300.75,-12.4,37323860.11,03/06/2026,0.96,-63.28,-63.05,-63.62,-65.0,-66.88,-82.73,,,,,,,,,,,,,,,False,0.8,173139.0,False,,,,,https://www1.hkexnews.hk/listedco/listconews/sehk/2025/1125/2025112500051.pdf,https://www1.hkexnews.hk/listedco/listconews/sehk/2025/1202/2025120202454.pdf,China Securities (International)  Corporate Finance Company Limited/ Shenwan Hongyuan Capital (H.K.) Limited,False,True,True,,,,,,,,,,False,
15/10/2025,05/12/2025,02408,CNE1000079Z1,"Guangzhou Xiao Noodles Catering Management Co., Ltd.",廣州遇見小麵餐飲股份有限公司,Consumer Discretionary,Travel & Leisure,Restaurants,False,False,False,True,True,,,,,,,False,T+1,"Guangzhou Xiao Noodles Catering Management Co Ltd is a China-based company principally engaged in the operation of modern Chinese noodle restaurants. The Company operates the Xiao Noodles brand. The Company's main products include Chong Qing-style Noodles with Peas and Meat Sauce, Hot and Sour Sweet Potato Noodles, Hot and Spicy Wonton Soup, Specialty Noodles, Maocai Hotpot, Wonton Soup Series, Rice Series, Skewer Series, Specialty Appetizers, desserts and beverages. The Company mainly operates its businesses in the domestic market.",5003252672.0,641442650.26,2417473448.61,309932493.41,147958405.0,21.36,3.490000009536743,97364500,685446080.0,87877702.56,97364500,710689300.0,710689300.0,,7.04,7.04,,,,-27.84,23473129.6,3.66,5.0,5.079999923706055,5.5,4.980000019073486,0.58,2.62,3.07512,27.4,True,425.97,,10.0,-28.98,7166319.94,-28.69,9195966.09,-35.65,14901171.37,05/06/2026,-0.46,-38.21,-38.92,-37.93,-47.87,-45.45,-50.43,,,,,,,,,,,,,,,False,2.0,61057.0,True,,4868000.0,5.15,2026-01-01,https://www1.hkexnews.hk/listedco/listconews/sehk/2025/1127/2025112700009.pdf,https://www1.hkexnews.hk/listedco/listconews/sehk/2025/1204/2025120402156.pdf,CMB International Capital Limited,False,True,False,,,,,,,,,,False,
22/07/2025,05/12/2025,02658,CNE100007531,"Guangdong Tianyu Semiconductor Co., Ltd.",廣東天域半導體股份有限公司,Information Technology,Semiconductors,Semiconductor Equipment & Materials,False,False,False,True,True,,,,,,,False,T+1,"Guangdong Tianyu Semiconductor Co Ltd is a China-based company primarily engaged in the production and sales of silicon carbide (SiC) epitaxial wafers. The Company’s main products include 4-inch, 6-inch and 8-inch SiC epitaxial wafers. The Company’s products are mainly used in new energy industries, rail transportation, smart grids, general aviation and home appliances. The Company also provides value-added SiC epitaxial wafer related services, including SiC epitaxial foundry service, epitaxial wafer cleaning service, and substrate and epitaxial wafer inspection service. The Company operates its businesses in the domestic and overseas markets.",22809573638.0,2924304312.56,2894070380.57,371034664.18,43334257.0,73.46,49.060001373291016,30070500,1744089000.0,223601153.85,30070500,393268511.0,58990426.0,58.0,58.0,58.0,,,,-30.17,19346995.38,0.66,38.0,40.5,47.84000015258789,38.0,0.58,2.62,3.07512,15.28,True,60.63,Claw-back not triggered (subscription level below the reallocation threshold),10.0,-16.07,35415514.71,-21.69,40442225.67,-18.97,54323482.39,05/06/2026,-6.76,-18.66,-9.74,-12.76,-18.83,-19.17,-15.41,,,,,,,,,,,,,,,False,10.0,45511.0,True,,,,2026-01-01,https://www1.hkexnews.hk/listedco/listconews/sehk/2025/1127/2025112700013.pdf,https://www1.hkexnews.hk/listedco/listconews/sehk/2025/1204/2025120402598.pdf,CITIC Securities (Hong Kong) Limited | Bookrunners/Lead Managers: IMPORTANT,False,True,True,,,,,,,,,,False,
27/10/2025,08/12/2025,02676,,"Suzhou Novosense Microelectronics Co., Ltd.",,,,,False,False,False,True,True,,,,,,,False,T+1,,18745232628.0,2403234952.31,4179760000.0,535866666.67,117079389.0,582.63,208.0,20095000,2331020000.0,298848717.95,20095000,161596833.0,,,116.0,116.0,,,,-4.31,28669065.77,1.19,116.0,111.0,116.0,105.1999969482422,-1.82,-0.67,3.09571,-8.51,True,25.33,Claw-back not triggered (subscription level below the reallocation threshold),10.0,-0.6,13780170.65,-2.5,22883028.29,24.74,102680590.33,08/06/2026,-3.52,48.79,63.1,54.22,57.5,56.64,79.31,,,,,,,,,,,,,,,False,4.32,21942.0,True,China International Capital Corporation Hong Kong Securities Limited,1833600.0,110.75,2026-01-02,https://www1.hkexnews.hk/listedco/listconews/sehk/2025/1128/2025112800015.pdf,https://www1.hkexnews.hk/listedco/listconews/sehk/2025/1205/2025120501747.pdf,China International Capital Corporation Hong Kong Securities Limited / CITIC Securities (Hong Kong) Limited / CCB International Capital Limited,False,True,True,,,,,,,,,,True,
18/06/2025,08/12/2025,02687,CNE100007BD2,"SHANGHAI ABLE DIGITAL SCIENCE&TECH CO., LTD.",上海卓越睿新數碼科技股份有限公司,Information Technology,Software & Services,Digital Solution Services,False,False,False,True,True,,,,,,,False,T+1,"Shanghai Able Digital Science&Tech Co Ltd is a China-based company primarily engaged in the provision of digital teaching and learning solutions for higher education institutions. The Company’s main businesses include the delivery and operation of digital educational content and digital teaching and learning environment services and products for higher education institutions. The Company’s services and products cover about 12 disciplines and 92 subjects recognized by the Ministry of Education. The digitalization for the higher education teaching and learning encompasses both educational content digitization and teaching and learning environment digitalization. The digital educational contents include digital courses, knowledge graphs and virtual simulation courses. The digital teaching and learning environment services and products include cloud-based LMS (learning management system) and digital classrooms. The Company mainly operates its businesses in the domestic market.",4500002250.0,576923365.38,8549486400.0,1096088000.0,15764008.0,25.45,138.0,6666700,450002250.0,57692596.15,6666700,66666700.0,61952800.0,,76.1,67.5,,,,87.26,24474605.42,4.24,83.5999984741211,126.4000015258789,142.5,82.0,-1.82,-0.67,3.09571,-4.78,True,4813.4,,,128.15,17178623.46,140.0,24306223.4,136.74,50738324.67,08/06/2026,5.93,93.19,86.37,82.37,100.74,103.11,104.44,,,,,,,,,,,,,,,False,1.0,135193.0,False,,,,,https://www1.hkexnews.hk/listedco/listconews/sehk/2025/1128/2025112800005.pdf,https://www1.hkexnews.hk/listedco/listconews/sehk/2025/1205/2025120501787.pdf,ABCI Capital Limited | Bookrunners/Lead Managers: IMPORTANT,False,False,True,,,,,,,,,,True,
21/08/2025,10/12/2025,02659,CNE100007B92,"Shanghai Bao Pharmaceuticals Co., Ltd.",上海寶濟藥業股份有限公司,Healthcare,Pharmaceuticals & Biotechnology,Pharmaceuticals,True,False,False,True,True,,,,,,,False,T+1,"Shanghai Bao Pharmaceuticals Co Ltd is a China-based company principally engaged in research and development of pharmaceutical products. The Company leverages synthetic biology technology to develop and deliver recombinant biologic drugs, targeting conditions with limited treatment options and complex manufacturing challenges. The Company focuses on four areas, including large-volume subcutaneous drug delivery, antibody-mediated autoimmune conditions, drugs in assisted reproduction and recombinant biologic products as transformative alternative to traditional biochemical production. The Company’s Core Products comprise SJ02 (Slonva), a long-acting recombinant human follicle-stimulating hormone carboxyl-terminal peptide fusion protein (FSH-CTP), KJ017, a recombinant human hyaluronidase, and KJ103, an innovative recombinant immunoglobulin G (IgG)-degrading enzyme.",8599391046.7,1102486031.63,2776176900.0,355920115.38,75774392.0,49.13,18.0,37911700,1000110646.0,128219313.59,37911700,325981465.0,154232050.0,26.38,26.38,26.38,,,,138.82,64052423.08,5.81,60.5,63.0,63.150001525878906,56.0,-4.16,-2.09,3.11435,12.24,True,3526.34,,10.0,150.0,33393783.77,173.69,43590290.87,201.74,88264656.59,10/06/2026,0.74,-27.6,-25.28,-28.13,-26.54,-26.76,-31.77,,,,,,,,,,,,,,,False,7.0,282687.0,False,,,,,https://www1.hkexnews.hk/listedco/listconews/sehk/2025/1202/2025120200034.pdf,https://www1.hkexnews.hk/listedco/listconews/sehk/2025/1209/2025120901444.pdf,CITIC Securities (Hong Kong) Limited / Haitong International Capital Limited | Bookrunners/Lead Managers: IMPORTANT,False,True,True,,,,,,,,,,True,
28/09/2025,11/12/2025,07618,KYG5140T1094,"JINGDONG Industrials, Inc.",京東工業股份有限公司,Industrials,Commercial & Professional Services,Sourcing & Supply Chain Service,False,False,False,False,True,,,,,,,False,T+1,"JINGDONG Industrials Inc is a holding company principally engaged in the provision of industrial supply chain technology and services. The Company provides industrial products and digital supply chain services. The Company's industrial products primarily consist of maintenance, repair, and operations (MRO) products and bill of materials (BOM) products, applied in industries such as automotive manufacturing, transportation, electronics manufacturing, property management, metallurgy and chemicals, energy and power, semiconductor wafers, and animal husbandry. The Company's services include marketplace and advertising services as well as technology and other services, such as online digital marketing services, technology and other services to empower industrial supply chain digital transformation. The Company mainly operates its businesses in the domestic market.",38272935956.1,4906786661.04,30265476688.69,3880189319.06,627870157.0,23.13,11.149999618530272,215166200,3033843420.0,388954284.62,215166200,2714392621.0,2716552621.0,14.1,14.1,14.1,,,,0.0,71558347.94,1.46,13.0,14.100000381469728,14.149999618530272,12.65999984741211,-4.37,-3.25,3.13387,32.75,True,60.52,,10.0,-2.27,21394365.13,-1.28,28829792.03,0.71,61103941.88,11/06/2026,0.54,-8.37,-7.38,-8.87,-3.97,-1.7,-20.92,,,,,,,,,,,,,,,False,35.0,72234.0,True,Merrill Lynch (Asia Pacific) Limited,27723800.0,13.395,2026-01-07,https://www1.hkexnews.hk/listedco/listconews/sehk/2025/1203/11940574/2025120300020.pdf,https://www1.hkexnews.hk/listedco/listconews/sehk/2025/1210/2025121001474.pdf,Merrill Lynch (Asia Pacific) Limited / UBS Securities Hong Kong Limited / Haitong International Capital Limited / Goldman Sachs (Asia) L.L.C.,True,True,True,,,,,,,,,,True,
03/11/2025,16/12/2025,02655,CNE100007C26,"Guoxia Technology Co., Ltd.",果下科技股份有限公司,Industrials,Industrial Engineering,Energy Storage Units,False,False,False,True,True,,,,,,,False,T+1,"Guoxia Technology Co Ltd is a China-based company primarily engaged in the research, development and provision of energy storage system (ESS) solutions and products. The Company operates its businesses through three segments. The Energy Storage System (ESS) Solutions segment is primarily engaged in the provision of multi-use ESS solutions and independent ESS solutions, including large-scale ESS, commercial and industrial (C&I) ESS, residential ESS and other ESS. The Engineering, Procurement and Construction (EPC) Services segment is primarily engaged in the provision of integrated EPC services, which is engaged in C&I energy storage projects and photovoltaic power plant development. The Others segment is primarily engaged in the sales of forklifts, testing equipment and scrap battery cells. The Company operates its businesses in the domestic market and overseas markets.",10288626697.5,1319054704.81,6216357105.0,796968859.62,46590587.0,11.8,15.75,33852900,899885040.0,115369876.92,33852900,511871975.0,394689340.0,20.1,20.1,20.1,,,,117.91,49034660.68,3.72,38.0,43.79999923706055,49.29999923706055,37.84000015258789,-5.03,-6.22,3.12756,38.32,True,1890.73,Claw-back not triggered (subscription level below the reallocation threshold),8.7,83.48,12350718.58,107.76,18837364.84,198.26,58934108.61,16/06/2026,-1.33,-11.54,-12.44,-10.35,-12.14,-9.15,-21.64,3.0,,False,False,False,,,,,,,,,,False,10.0,161076.0,True,Livermore Holdings Limited,0.0,,2026-01-10,https://www1.hkexnews.hk/listedco/listconews/sehk/2025/1208/2025120800011.pdf,https://www1.hkexnews.hk/listedco/listconews/sehk/2025/1215/2025121501608.pdf,China Everbright Capital Limited | Bookrunners/Lead Managers: IMPORTANT,False,False,True,,,,,,,,,,True,
01/12/2025,17/12/2025,03887,KYG4406L1086,HashKey Holdings Limited,HashKey Holdings Ltd.,Financials,Other Financials,Other Financials,False,False,False,False,True,,,,,,,False,T+1,"HashKey Holdings Ltd is an investment holding company principally engaged in the provision of digital asset financial services. The Company operates its business through three segments. The Transaction facilitation Services segment is engaged in the provision of transaction facilitation services covering digital asset exchange services, brokerage services and custody services. The On-Chain Services segment is engaged in the provision of on-chain services covering support of infrastructure and application layers of the digital asset ecosystem, including staking services and tokenisation services. The Asset Management Services segment is engaged in the provision of asset management services covering venture capital funds management, as well as secondary market liquid funds.",18471375693.36,2368125088.89,5144887267.29,659600931.7,1259427062.0,45.53,1.8600000143051147,240570000,1612968832.0,206790875.9,240570000,2765176002.0,2766068402.0,,6.95,6.68,,,,-0.15,84589992.78,3.57,6.699999809265137,6.670000076293945,7.119999885559082,6.119999885559082,-3.47,-4.05,3.25381,67.94,True,393.71,,,-14.82,35323726.32,-14.37,37829469.91,12.28,116879031.76,17/06/2026,-6.02,-57.93,-53.74,-55.24,-68.41,-68.86,-72.16,5.0,,False,False,False,,,,,,,,,,False,10.0,88592.0,True,,35192800.0,6.03,2026-01-11,https://www1.hkexnews.hk/listedco/listconews/sehk/2025/1209/2025120900025.pdf,https://www1.hkexnews.hk/listedco/listconews/sehk/2025/1216/2025121601390.pdf,J.P. Morgan Securities (Far East) Limited / Guotai Junan Capital Limited | Bookrunners/Lead Managers: IMPORTANT,True,True,True,,,,,,,,,,False,
11/11/2025,19/12/2025,03881,CNE100007BC4,CiDi Inc.,希迪智駕科技股份有限公司,Industrials,Industrial Engineering,Commercial Vehicles & Trucks,False,False,False,True,True,,,,,,,False,T+1,"CiDi Inc is a China-based company primarily engaged in providing intelligent driving products and solutions for commercial vehicles. The Company focuses on the research and development of autonomous trucks for closed environments in mining and logistics, V2X (vehicle-to-everything) technology, and intelligent sensing solutions, and provides products and solutions based on proprietary technologies. The Company's products and solutions include autonomous driving technology, delivery of autonomous mining trucks for closed environments, provision of autonomous logistics vehicle solutions for closed environments, V2X products and solutions for intelligent transportation and smart cities, and intelligent sensing solutions for rail transit and commercial vehicles. The Company primarily operates in the domestic market.",11516588530.0,1476485708.97,8624598724.87,1105717785.24,121891923.0,28.72,20.31999969482422,5407980,1422298740.0,182345992.31,5407980,43789310.0,424438920.0,263.0,263.0,263.0,,,,-91.37,23620805.92,1.6,26.299999237060547,22.700000762939453,26.299999237060547,21.799999237060547,-0.54,-3.22,3.16798,68.77,True,22.55,"270,400 Offer Shares reallocated from the International Offering to the retail tranche via clawback (270,400 -> 540,800 Shares), 10.0% of the Global Offering",10.0,-91.06,5950461.51,-91.52,11003445.98,-90.66,27169705.69,19/06/2026,-6.8,-91.55,-91.14,-90.94,-91.26,-91.31,-92.27,,,,,,,,,,,,,,,False,50.0,17353.0,True,China International Capital Corporation Hong Kong Securities Limited,,,2026-01-15,https://www1.hkexnews.hk/listedco/listconews/sehk/2025/1211/2025121100007.pdf,https://www1.hkexnews.hk/listedco/listconews/sehk/2025/1218/2025121801904.pdf,China International Capital Corporation  Hong Kong Securities Limited/ China Securities (International)  Corporate Finance Company Limited/ Ping An of China Capital  (Hong Kong) Company Limited | Bookrunners/Lead Managers: IMPORTANT,False,True,True,,,,,,,,,,True,
23/10/2025,19/12/2025,02546,CNE100007BB6,"Xizang Zhihui Mining Co., Ltd.",西藏智匯礦業股份有限公司,Materials,Diversified Metals & Minerals,Other Metals & Minerals,False,False,False,True,True,,,,,,,False,T+1,"Xizang Zhihui Mining Co Ltd is a China-based company principally engaged in the exploration and mining of zinc, lead and copper, as well as the production and sales of concentrates. The Company's products primarily include zinc concentrates, lead concentrates and copper concentrates. The main mine of the Company is the Mengya’a Mine. The Company primarily operates its businesses in the domestic market.",2200003522.09,282051733.6,1892695095.83,242653217.41,78868419.0,64.67,15.520000457763672,121952000,550003520.0,70513271.79,121952000,487805659.0,121952000.0,,4.51,4.51,,,,90.69,33507145.08,11.88,10.800000190734863,8.600000381469727,10.920000076293944,8.0,-0.54,-3.22,3.16798,33.04,True,5248.15,,,100.0,7276899.34,109.31,12074047.19,157.21,23001430.56,19/06/2026,1.76,220.62,207.54,215.08,232.82,241.24,244.12,,,,,,,,,,,,,,,False,1.0,177542.0,False,,,,,https://www1.hkexnews.hk/listedco/listconews/sehk/2025/1211/2025121100043.pdf,https://www1.hkexnews.hk/listedco/listconews/sehk/2025/1218/2025121801566.pdf,Sinolink Securities (Hong Kong) Company Limited / Maxa Capital Limited,False,False,True,,,,,,,,,,False,
14/10/2025,22/12/2025,02695,CNE100007C00,"Impression Dahongpao Co., Ltd.",印象大紅袍股份有限公司,Consumer Discretionary,Travel & Leisure,Leisure & Recreational Facilities,False,False,False,True,True,,,,,,,False,T+1,"Impression Dahongpao Co Ltd is a China-based company primarily engaged in the provision of cultural tourism services. The Company operates its businesses through three segments. The Shows and Performance Services segment includes the Impression-Dahongpao Scenery show, the Moonlight over Mount Wuyi show, and the provision of customized performances for corporate customers. The Impression Cultural Tourism Town Business segment operates and manages the 4A-rated Scenic Wuyi Tea Park, Impression Jianzhou Food-themed Street, and Wuyi Rock Tea Research Society, as well as other tourist and entertainment venues. The Chatang Hotel Business segment primarily operates and manages Chatang Hotel. The Company mainly conducts its businesses within domestic market.",519012000.0,66540000.0,230672003.44,29573333.77,27060728.0,18.77,1.600000023841858,36100000,129960000.0,16661538.46,36100000,144170000.0,36100000.0,3.47,4.1,3.6,20.6,,,-35.28,12750177.79,19.16,3.259999990463257,2.3299999237060547,3.4000000953674316,2.3299999237060547,2.31,-1.37,3.1175,23.42,True,3397.48,Claw-back not triggered (subscription level below the reallocation threshold),10.0,-44.17,3549659.08,-41.11,4281966.77,-35.28,10849534.81,22/06/2026,0.0,-52.78,-52.5,-52.78,-53.61,-53.61,-55.56,,,,,,,,,,,,,,,False,0.8,114610.0,False,,,,,https://www1.hkexnews.hk/listedco/listconews/sehk/2025/1212/2025121200055.pdf,https://www1.hkexnews.hk/listedco/listconews/sehk/2025/1219/2025121901141.pdf,China Industrial Securities International  Capital Limited /  Halcyon Capital Limited,False,False,True,,,,,,,,,,False,
31/10/2025,22/12/2025,02691,CNE100007C18,"Nanhua Futures Co., Ltd.",南華期貨股份有限公司,Financials,Other Financials,Securities & Brokerage,False,False,False,True,True,,,,,,,False,T+1,"Nanhua Futures Co Ltd is a China-based company mainly engaged in the provision of futures and derivatives services. The Company operates five segments. The People's Republic of China (PRC) Futures Brokerage segment is mainly engaged in the provision of futures brokerage services. The PRC Wealth Management segment is mainly engaged in the provision of mutual fund management, asset management and agency sale of funds. The PRC Risk Management Services segment is mainly engaged in the provision of tailored hedging services for enterprises and institutions using specialized tools. The Overseas Financial Services segment is mainly engaged in the provision of core services such as brokerage, clearing and asset management in international markets. The Others segment is mainly engaged in investment advisory business. The Company is also engaged in the provision of marketing and customer services including online outreach, online services and offline marketing and services.",8612698716.0,1104192143.08,950682823.32,121882413.25,187866927.0,120.35,6.090000152587891,107659000,1291908000.0,165629230.77,107659000,717724893.0,156105550.0,,16.0,12.0,,,,-47.7,9269750.22,0.84,6.29655122756958,6.275862216949463,7.172412872314453,6.0,2.31,-1.37,3.1175,16.36,True,1.91,,,-40.63,13866573.59,-43.68,14575647.28,-38.91,50235331.45,22/06/2026,4.23,-46.67,-46.5,-48.83,-48.42,-48.58,-49.25,,,,,,,,,,,,,,,False,74.64,7479.0,True,,,,2026-01-16,https://www1.hkexnews.hk/listedco/listconews/sehk/2025/1212/2025121200021.pdf,https://www1.hkexnews.hk/listedco/listconews/sehk/2025/1219/2025121902017.pdf,CITIC Securities (Hong Kong) Limited,False,True,False,,,,,,,,,,True,
15/08/2025,22/12/2025,02396,CNE100007CT6,B&K CORPORATION LIMITED,華芢生物科技（青島）股份有限公司,Healthcare,Pharmaceuticals & Biotechnology,Biotechnology,True,False,False,True,True,,,,,,,False,T+1,"B&K Corp Ltd is a China-based company principally engaged in the research and development of biopharmaceutical products. The Company committed to developing therapies with an emphasis on protein drugs for indications with medical needs and market opportunities. The Company primarily focus on the discovery, development and commercialization of therapies for wound healing, currently platelet-derived growth factor (PDGF) drugs. The Company mainly operates its businesses in the domestic market.",4494517340.4,576220171.85,338730345.27,43426967.34,30852155.0,37.16,4.079999923706055,17648800,674184160.0,86433866.67,17648800,117657522.0,83022145.0,38.2,51.0,38.2,0.0,,,-29.32,17271692.31,3.0,33.79999923706055,27.0,37.20000076293945,27.0,2.31,-1.37,3.1175,-16.76,True,791.95,,10.0,-44.61,7186616.81,-57.67,8664880.64,-72.33,17539465.04,22/06/2026,2.22,-87.96,-89.69,-88.22,-88.09,-88.74,-89.32,,,,,,,,,,,,,,,False,2.5,146647.0,True,,,,2026-01-16,https://www1.hkexnews.hk/listedco/listconews/sehk/2025/1212/2025121200081.pdf,https://www1.hkexnews.hk/listedco/listconews/sehk/2025/1219/2025121901577.pdf,Huatai Financial Holdings (Hong Kong) Limited /  CITIC Securities (Hong Kong) Limited,False,True,True,,,,,,,,,,False,
12/11/2025,22/12/2025,02581,KYG0993A1094,BenQ BM Holding Cayman Corp.,明基醫院集團股份有限公司,Healthcare,Other Healthcare,Medical & Aesthetic Services,False,False,False,False,True,,,,,,,False,T+1,"BenQ BM Holding Cayman Corp is a holding company primarily engaged in the provision of hospital healthcare service. The Company owns and operates two private for-profit general hospitals, including Nanjing BenQ Hospital and Suzhou BenQ Hospital. The Company operates three businesses. The inpatient services business is primarily engaged in the provision of consultation services and inpatient healthcare services, as well as the sale of pharmaceutical products. The outpatient services business is primarily engaged in the provision of outpatient healthcare services and physical examination service, as well as the sale of pharmaceutical products. The others business is primarily engaged in the provision of rental services and car parking services. The Company primarily operates its businesses in the domestic market.",2913566309.34,373534142.22,748668032.15,95983081.04,78538393.0,25.18,2.4000000953674316,67000000,625780000.0,80228205.13,67000000,311945001.0,311945001.0,,11.68,9.34,,,,-49.46,4747230.56,1.27,6.5,4.71999979019165,6.5,4.71999979019165,2.31,-1.37,3.1175,-22.6,True,6.28,,,-51.5,2581313.39,-56.1,3334170.45,-56.32,6205846.15,22/06/2026,2.04,-73.23,-73.77,-73.77,-73.77,-73.77,-74.3,,,,,,,,,,,,,,,False,50.01,9291.0,False,,,,,https://www1.hkexnews.hk/listedco/listconews/sehk/2025/1212/2025121200057.pdf,https://www1.hkexnews.hk/listedco/listconews/sehk/2025/1219/2025121901603.pdf,China International Capital Corporation  Hong Kong Securities Limited /  Citigroup Global Markets Asia Limited,True,True,True,,,,,,,,,,False,
03/12/2025,23/12/2025,03378,CNE100007C34,"Hanx Biopharmaceuticals (Wuhan) Co., Ltd.",翰思艾泰生物醫藥科技（武漢）股份有限公司,Healthcare,Pharmaceuticals & Biotechnology,Biotechnology,True,False,False,True,True,,,,,,,False,T+1,"Hanx Biopharmaceuticals (Wuhan) Co Ltd is a China-based company mainly engaged in the research and development of immune-oncology therapies. The Company’s product pipeline comprises clinical stage drug candidates focused on oncology and preclinical stage drug candidates, including Core Product HX009 and Key Products HX301 and HX044, as well as antibody drug conjugate, bispecific antibody and monoclonal antibody for both autoimmune and oncology market. HX009 is a bifunctional anti-programmed cell death protein 1 (PD-1) antibody signal regulatory protein α (SIRPα) fusion protein developed in-house. HX301 is a multi-targeted kinase inhibitor targeting critical pathways such as colony-stimulating factor-1 receptor (CSF1R), AMPK-associated protein kinase 5 (ARK5), FMS-like tyrosine kinase 3 (FLT-3), and cell cycle-independent kinase 4/6 (CDK 4/6). HX044 is a novel bifunctional anti-cytotoxic T-lymphocyte-associated protein 4 (CTLA-4) antibody SIRPα fusion protein.",4359002560.0,558846482.05,3847364429.32,493251849.91,19566473.0,14.55,28.600000381469727,18321000,586272000.0,75163076.92,18321000,136218830.0,134507230.0,,32.0,32.0,,,,-46.25,21837606.1,3.91,28.899999618530273,17.200000762939453,29.479999542236328,17.200000762939453,2.2,-2.81,3.10637,-14.22,True,3074.09,,,-54.44,4167981.57,-46.69,5792399.72,-46.56,10852913.37,23/06/2026,-0.37,-16.81,-15.94,-16.5,-15.19,-15.13,-10.62,,,,,,6.0,,,,,,,,,False,1.0,139704.0,True,,,,2026-01-17,https://www1.hkexnews.hk/listedco/listconews/sehk/2025/1215/2025121500027.pdf,https://www1.hkexnews.hk/listedco/listconews/sehk/2025/1222/2025122201726.pdf,ICBC International Capital Limited,False,True,False,,,,,,,,,,False,
18/11/2025,23/12/2025,02635,CNE100007C42,"Nuobikan Artificial Intelligence Technology (Chengdu) Co., Ltd.",諾比侃人工智能科技（成都）股份有限公司,Information Technology,Software & Services,Digital Solution Services,False,False,False,True,True,,,,,,,False,T+1,"Nuobikan Artificial Intelligence Technology (Chengdu) Co Ltd is a China-based company mainly engaged in the development and sales of monitoring and inspection products and solutions for railway operation and power grid companies, and other urban management solutions. The Company operates three businesses. The transportation solution business mainly provides integrated software and hardware solutions to rail transit customers, including inspection of railway traction power supply systems, monitoring of railway external environment and inspection of cargo train operation status. The energy solution business mainly provides electricity solutions chemical engineering solutions. The urban management solution business mainly provides integrated software and hardware solutions, covering application scenarios including park management, campus management, emergency management and community management. The Company mainly operates its businesses in domestic market.",3029328000.0,388375384.62,3429977079.92,439740651.27,66652789.0,21.9,11.270000457763672,3786600,302928000.0,38836923.08,3786600,37866600.0,304345780.0,80.0,106.0,80.0,0.0,,,-53.63,41321312.4,10.64,31.979999542236328,37.099998474121094,37.099998474121094,31.0,2.2,-2.81,3.10637,-41.6,True,188.74,Claw-back not triggered (subscription level below the reallocation threshold),,-53.12,4847749.87,-56.82,6576964.02,-51.9,56636190.78,23/06/2026,-7.4,-82.63,-81.53,-81.24,-82.68,-83.6,-85.91,,,,,,,,,,,,,,,False,3.0,33051.0,True,,,,2026-01-17,https://www1.hkexnews.hk/listedco/listconews/sehk/2025/1215/2025121500019.pdf,https://www1.hkexnews.hk/listedco/listconews/sehk/2025/1222/2025122201578.pdf,China International Capital Corporation Hong Kong Securities Limited,False,True,False,,,,,,,,,,True,
31/08/2025,23/12/2025,02661,KYG7314Y1044,QingSong Health Corporation,輕鬆健康集團,Consumer Discretionary,Media & Entertainment,Advertising & Marketing,False,False,False,False,True,,,,,,,False,T+1,"QingSong Health Corp is a holding company primarily engaged in the provision of digital integrated healthcare and health insurance solutions. The Company operates three businesses. The healthcare-related services business is primarily engaged in the provision of digital marketing (market education services), digital medical research assistance, integrated health service packages, early disease screening related promotion and consultancy, medical appointment services and health supplement sales. The insurance-related services business is primarily engaged in the provision of insurance brokerage service and insurance technical services such as the development of management platform for insurance product operations. The other services business is primarily engaged in the provision of online and offline marketing services. The Company primarily operates its businesses in the domestic market.",4680567060.12,600072700.02,2476530589.7,317503921.76,66512344.0,32.55,12.119999885559082,26540000,601927200.0,77170153.85,26540000,206374209.0,203138043.0,22.68,22.68,22.68,,,,158.82,46956990.35,7.83,50.0,58.70000076293945,59.79999923706055,49.0,2.2,-2.81,3.10637,-45.27,True,1421.47,,,195.41,7719076.92,229.37,11739469.07,344.44,96002221.09,23/06/2026,-6.18,-38.45,-38.89,-34.39,-41.71,-39.2,-46.56,,,,,,,,,,,,,,,False,6.0,111894.0,True,,,,2026-01-17,https://www1.hkexnews.hk/listedco/listconews/sehk/2025/1215/2025121500031.pdf,https://www1.hkexnews.hk/listedco/listconews/sehk/2025/1222/2025122201716.pdf,"China International Capital Corporation Hong Kong Securities Limited / China Merchants Securities (HK) Co., Limited",False,True,True,,,,,,,,,,True,
22/09/2025,30/12/2025,03317,CNE100007CW0,"Shenzhen Xunce Technology Co., Ltd.",深圳迅策科技股份有限公司,Information Technology,Software & Services,Digital Solution Services,False,False,False,True,True,,,,,,,False,T+1,"Shenzhen Xunce Technology Co Ltd is a China-based company primarily engaged in the provision of real-time data infrastructure and analytics solutions. The Company’s real-time data infrastructure is a unified data platform that collects, cleans, manages, analyzes and governs heterogeneous data from multiple sources, deployed on clients’ self-managed cloud or local systems. The Company’s solutions enable asset managers to optimize all aspects of their asset management lifecycle, from portfolio monitoring, order execution, valuation, to risk management and compliance. The Company mainly conducts its businesses in the domestic market.",15480000000.0,1984615384.62,32541977446.15,4172048390.53,140955075.0,52.76,121.8000030517578,22500000,1089331200.0,139657846.15,22500000,322500000.0,267175506.0,48.0,55.0,48.0,0.0,,,1.04,27238346.15,1.37,48.02000045776367,48.5,48.84000015258789,38.02000045776367,-0.02,-3.73,3.21107,-3.97,True,7.24,,10.0,0.25,4057501.98,1.54,5346505.83,20.0,37270402.74,30/06/2026,2.01,153.75,114.58,148.75,,,153.75,,,,,,,,,,,,,,,False,12.78,9730.0,True,Guotai Junan Securities (Hong Kong) Limited,3261400.0,43.01,2026-01-22,https://www1.hkexnews.hk/listedco/listconews/sehk/2025/1218/2025121800027.pdf,https://www1.hkexnews.hk/listedco/listconews/sehk/2025/1229/2025122902057.pdf,Guotai Junan Capital Limited,False,True,False,,,,,,,,,,True,
02/12/2025,30/12/2025,06651,CNE100007CX8,"Beijing 51WORLD Digital Twin Technology Co., Ltd.",北京五一視界數字孿生科技股份有限公司,Information Technology,Software & Services,Digital Solution Services,False,False,False,True,True,,,,,,,False,T+1,"Beijing 51WORLD Digital Twin Technology Co Ltd is a China-based company primarily engaged in the sale of digital twin related software platform and provision of related services. The Company mainly offer products and solutions under three businesses. 51Aes is a digital twin development and application platform designed to enhance enterprise customer design and operational efficiency, supporting the transformation of digital intelligence across various industries. 51Sim is a synthetic data and simulation platform The core products include SimOne, a simulation platform for intelligent driving and robotics, DataOne, a data closed-loop and synthetic data platform, and TIM, a traffic information modeling platform. 51Earth aims to create a digital twin world that is accessible to and contributable by both enterprises and consumers. The Company primarily conducts its businesses in domestic market.",12393862636.0,1588956748.21,35760184954.86,4584639096.78,250148784.0,63.34,90.5500030517578,23975200,731243600.0,93749179.49,23975200,406356152.0,394921963.0,30.5,30.5,30.5,,,,29.9,27029474.4,1.7,35.0,39.619998931884766,39.79999923706055,35.0,-0.02,-3.73,3.21107,2.1,True,256.01,,20.0,40.46,9382484.59,51.48,18914078.92,196.56,121936323.24,30/06/2026,-1.74,196.89,224.26,202.13,,,196.89,,,,,,,,,,,,,,,False,10.0,44502.0,True,,,,2026-01-22,https://www1.hkexnews.hk/listedco/listconews/sehk/2025/1218/2025121800029.pdf,https://www1.hkexnews.hk/listedco/listconews/sehk/2025/1229/2025122902393.pdf,China International Capital Corporation Hong Kong Securities Limited / Huatai Financial Holdings (Hong Kong) Limited,False,True,True,,,,,,,,,,True,
11/11/2025,30/12/2025,03696,KYG4790P1037,InSilico Medicine Cayman TopCo,,Healthcare,Pharmaceuticals & Biotechnology,Pharmaceuticals,False,False,False,False,True,,,,,,,False,T+1,"InSilico Medicine Cayman TopCo is a company principally engaged in the artificial intelligence (AI)-driven drug discovery and pipeline development business. The Company mainly self-develops drug candidates, co-develops and partially retains certain intellectual property (IP) rights for out-licensed drugs as well as collaborates with other pharmaceutical companies without retaining any IP rights. The Company generated several clinical or IND-enabling stage assets using its own AI platform under the name of Pharma.AI. The Company is also engaged in software solutions and other discovery business related to non-pharma sectors.",13405914925.0,1718707041.67,22678566628.61,2907508542.13,438833288.0,76.67,39.619998931884766,94690500,2618900700.0,335756500.0,94690500,557418500.0,572402000.0,24.05,24.05,24.05,,,,24.66,145039182.8,8.44,35.0,29.979999542236328,35.70000076293945,29.979999542236328,-0.02,-3.73,3.21107,17.98,True,1427.37,,,55.43,39169748.73,68.4,76250601.15,148.23,433161714.65,30/06/2026,-4.25,64.74,58.92,72.06,,,64.74,,,,,,,,,,,,,,,False,1.0,221926.0,True,Morgan Stanley Asia Limited,0.0,,2026-01-22,https://www1.hkexnews.hk/listedco/listconews/sehk/2025/1218/2025121800031.pdf,https://www1.hkexnews.hk/listedco/listconews/sehk/2025/1229/2025122902395.pdf,Morgan Stanley Asia Limited /  China International Capital Corporation Hong Kong Securities Limited / GF Capital (Hong Kong) Limited | Bookrunners/Lead Managers: Morgan Stanley CICC GF Securities BNP Paribas,True,True,True,,,,,,,,,,True,
09/12/2025,30/12/2025,06600,,"OneRobotics (Shenzhen) Co., Ltd.",臥安機器人（深圳）股份有限公司,,,,False,False,False,True,True,,,,,,,False,T+1,,16400005740.0,2102564838.46,12811493941.13,1642499223.22,59122243.0,26.24,56.849998474121094,22222300,1871280180.0,239907715.38,22222300,222222300.0,,63.0,81.0,73.8,60.0,,,0.07,44734636.58,2.13,73.80000305175781,73.8499984741211,75.0,73.80000305175781,-0.02,-3.73,3.21107,32.16,True,254.5,,10.0,49.05,27817743.59,40.24,44926048.08,148.78,144629612.21,30/06/2026,3.93,-22.97,-26.69,-25.88,,,-22.97,3.0,,False,False,False,,,,,,,,,,False,7.0,89935.0,True,Guotai Junan Securities (Hong Kong) Limited,1143500.0,73.8,2026-01-22,https://www1.hkexnews.hk/listedco/listconews/sehk/2025/1218/2025121800167.pdf,https://www1.hkexnews.hk/listedco/listconews/sehk/2025/1229/2025122902399.pdf,"Guotai Junan Capital Limited /  Huatai Financial Holdings (Hong Kong) Limited | Bookrunners/Lead Managers: Hong Kong Exchanges and Clearing Limited, The Stock Exchange of Hong Kong Limited and Hong Kong Securities Clearing Company Limited take no responsibility",False,True,True,,,,,,,,,,True,
02/12/2025,30/12/2025,02657,CNE100007DC0,"SHANGHAI FOREST CABIN COSMETICS GROUP CO., LTD.",上海林清軒化妝品集團股份有限公司,Healthcare,Other Healthcare,Skincare and Cosmetics,False,False,False,True,True,,,,,,,False,T+1,"Shanghai Forest Cabin Cosmetics Group Co Ltd, formerly Shanghai Forest Cabin Biological Tech Co Ltd, is a China-based company primarily engaged in the research, development, production, and sales of skincare products. The Company's products cover essential oils, face creams, toners, lotions, serums, facial masks, and sunscreens. The Company's product lines include Camellia Essential Oil, Camellia Rejuvenate Cream, Ultraviolet Protection Cream, Camellia Moisturizing Peptide Firming Facial Mask, Camellia Repair Balancing Pre-Essence, Camellia Active Anti-Wrinkle Essence Lotion and Camellia Black Gold Rejuvenate Peptide Anti-Wrinkle Brightening Toner. The Company mainly conducts its businesses within domestic market.",10861691444.45,1392524544.16,3641627485.31,466875318.63,34023634.0,31.45,33.65999984741211,13966450,1249095078.0,160140394.62,13966450,139664285.0,108188577.0,77.77,77.77,77.77,,,,9.3,57130505.13,4.1,85.0,85.0,91.6500015258789,85.0,-0.02,-3.73,3.21107,42.9,True,1235.81,,10.0,4.22,6370551.04,6.72,15123682.45,8.65,56628725.49,30/06/2026,3.89,-56.72,-60.5,-58.34,,,-56.72,,,,,,,,,,,,,,,False,2.0,,True,CLSA Limited,0.0,,2026-01-22,https://www1.hkexnews.hk/listedco/listconews/sehk/2025/1218/2025121800221.pdf,https://www1.hkexnews.hk/listedco/listconews/sehk/2025/1229/2025122902127.pdf,CITIC Securities (Hong Kong) Limited /  Huatai Financial Holdings (Hong Kong) Limited | Bookrunners/Lead Managers: IMPORTANT,False,True,True,,,,,,,,,,False,
15/09/2025,30/12/2025,02671,CNE100007DT4,"USAS Building System (Shanghai) Co., Ltd.",美聯鋼結構建築系統（上海）股份有限公司,Properties & Construction,Construction,Construction Materials,False,False,False,True,True,,,,,,,False,T+1,"USAS Building System (Shanghai) Co Ltd is a China-based company primarily engaged in the provision of prefabricated steel structure building services. The Company mainly operates three businesses. The prefabricated steel structure building subcontracting services business includes project design and optimization, procurement, production, on-site installation, and quality assurance. The general contracting services business covers the entire project lifecycle, including project implementation, construction of primary structures, quality control, scheduling, safety, and budget management. The industrial environmental equipment business primarily focuses on the machinery filtering and acoustic systems (MFAS) line and air pollution control (APC) product line. The Company mainly conducts its business within domestic and overseas markets.",855905035.5,109731414.81,449651520.95,57647630.89,24599434.0,20.41,3.7300000190734863,24600000,174660000.0,22392307.69,24600000,120550005.0,120550005.0,7.1,9.16,7.1,0.0,,,7.61,13575398.22,12.37,8.210000038146973,7.639999866485596,12.0,7.400000095367432,-0.02,-3.73,3.21107,12.99,True,146.25,,10.0,15.21,5904421.32,4.23,9458613.0,-29.58,10697031.71,30/06/2026,0.0,-47.46,-46.48,-47.46,,,-47.46,,,,,,,,,,,,,,,False,0.75,53657.0,False,,,,,https://www1.hkexnews.hk/listedco/listconews/sehk/2025/1218/2025121800035.pdf,https://www1.hkexnews.hk/listedco/listconews/sehk/2025/1229/2025122902215.pdf,Shenwan Hongyuan Capital (H.K.) Limited,False,True,False,,,,,,,,,,False,
17/12/2025,02/01/2026,06082,CNE100007DD8,"Shanghai Biren Technology Co., Ltd.",上海壁仞科技股份有限公司,Information Technology,Software & Services,Digital Solution Services,False,False,False,True,True,,,,,,,False,T+1,"Shanghai Biren Technology Co Ltd is a China-based company primarily engaged in the development of general-purpose graphics processing unit (GPGPU) chips and the provision of GPGPU-based intelligent computing solutions. The integrated intelligent computing solution is comprised of hardware systems based on GPGPU architecture and chips, as well as the BIRENSUPA computing software platform. The Company's chip products include the BR106, BR166, and BR110 chips. The Company is also engaged in the leasing of intelligent computing clusters. The Company primarily conducts its businesses in domestic market.",46964181320.0,6021048887.18,73491739948.8,9422017942.15,791327573.0,65.9,61.2,247692800,6420438640.0,823133158.97,247692800,2396131700.0,1200845424.0,,19.6,19.6,,,,75.82,665828790.61,11.06,35.70000076293945,34.459999084472656,42.880001068115234,33.5,2.24,-2.96,2.6225,14.31,True,2347.53,"37,153,800 Offer Shares reallocated from the International Offering to the retail tranche via clawback (12,384,800 -> 49,538,600 Shares), 17.39% of the Global Offering",17.39,68.98,294242904.12,73.78,409563078.06,77.55,1071410305.68,03/07/2026,,,,,,,212.24,,,,,,,,,,,,,,,False,5.0,471116.0,True,China International Capital Corporation Hong Kong Securities Limited,0.0,,2026-01-28,https://www1.hkexnews.hk/listedco/listconews/sehk/2025/1222/2025122200019.pdf,https://www1.hkexnews.hk/listedco/listconews/sehk/2025/1231/2025123102783.pdf,China International Capital Corporation Hong Kong Securities Limited /  Ping An of China Capital  (Hong Kong) Company Limited /  BOCI Asia Limited,False,True,True,,,,,,,,,,True,
19/12/2025,08/01/2026,02513,CNE100007DH9,Knowledge Atlas Technology Joint Stock Company Limited,北京智譜華章科技股份有限公司,Information Technology,Software & Services,Digital Solution Services,False,False,False,True,True,,,,,,,False,T+1,"Knowledge Atlas Technology JSC Ltd is a China-based company primarily engaged in developing general-purpose large models. The Company mainly operates its business through two segments. The On-premise Deployment segment is engaged in the development and provision of customised large model-related services according to the customers’ specific instructions and needs at the customers’ infrastructure. The Cloud-based Deployment segment is engaged in the development and provision of cloud-based large model-related services to customers through cloud infrastructure. The Company’s products and services are mainly used in smart devices, technology, Internet, financial services, manufacturing, retail, healthcare and other fields. The Company mainly conducts its business in the domestic market.",51154748078.0,6558301035.64,465645928920.0,59698196015.38,117403861.0,53.05,2104.0,37419500,5000364880.0,641072420.51,37419500,440230190.0,221314605.0,116.2,116.2,116.2,,,,13.17,295338193.4,4.5,120.0,131.5,135.0,116.0999984741211,2.81,-0.54,3.00798,23.49,True,1159.46,,20.0,56.45,488143767.82,107.4,755531000.0,86.06,1671758851.3,09/07/2026,,,,,,,1710.67,,,,,,,,,,,,,,,False,5.0,204871.0,True,China International Capital Corporation Hong Kong Securities Limited,722600.0,116.15,2026-02-04,https://www1.hkexnews.hk/listedco/listconews/sehk/2025/1230/2025123000017.pdf,https://www1.hkexnews.hk/listedco/listconews/sehk/2026/0107/2026010701798.pdf,China International Capital Corporation  Hong Kong Securities Limited,False,True,False,,,,,,,,,,True,
19/12/2025,08/01/2026,09903,CNE100007DV0,"Shanghai Iluvatar CoreX Semiconductor Co., Ltd.",上海天數智芯半導體股份有限公司,Information Technology,Semiconductors,Semiconductors,False,False,False,True,True,,,,,,,False,T+1,"Shanghai Iluvatar CoreX Semiconductor Co Ltd is a China-based company principally engaged in the sale and development of general-purpose computing on graphics processing units (GPGPU) products and artificial intelligence (AI) computing solutions. The Company’s portfolio of GPGPU products include chips and accelerators for both training and inference scenarios. The Company’s AI computing solutions include purpose-built GPGPU servers and scalable GPGPU clusters. The Company’s products and solutions are mainly used in financial services, healthcare, retail, education and other fields. The Company is also engaged in providing technology services. The Company mainly conducts its business in the domestic market.",36774344625.6,4714659567.38,187257901260.0,24007423238.46,127723453.0,52.11,764.0,25431800,3677438280.0,471466446.15,25431800,254317736.0,245101965.0,144.6,144.6,144.6,,,,8.44,165408001.58,3.51,190.1999969482422,156.8000030517578,192.0,148.89999389648438,2.81,-0.54,3.00798,21.19,True,414.24,,,18.19,154687933.63,21.72,190915626.7,16.39,575193723.22,09/07/2026,,,,,,,428.35,,,,,,6.0,,,,,,,,,False,7.0,180802.0,False,,,,,https://www1.hkexnews.hk/listedco/listconews/sehk/2025/1230/2025123000019.pdf,https://www1.hkexnews.hk/listedco/listconews/sehk/2026/0107/2026010701802.pdf,Huatai Financial Holdings (Hong Kong) Limited | Bookrunners/Lead Managers: IMPORTANT,False,True,True,,,,,,,,,,True,
21/12/2025,08/01/2026,02675,CNE1000062R4,"Shenzhen Edge Medical Co., Ltd.",深圳市精鋒醫療科技股份有限公司,Healthcare,Other Healthcare,Medical Devices & Supplies,True,False,False,True,True,,,,,,,False,T+1,"Shenzhen Edge Medical Co Ltd is a China-based company primarily engaged in designing, developing and manufacturing surgical robots. The Company’s products primarily include Edge Multi-Port Endoscopic Surgical Robot, Edge Single-Port Endoscopic Surgical Robot and Edge Bronchoscope Robot. The Edge Multi-Port Endoscopic Surgical Robot is a robot-assisted device that is applied to perform minimally invasive surgery (MIS), using robotic, imaging and digital technologies, covering applications in urologic, gynecologic, general and thoracic surgery. The Edge Single-Port Endoscopic Surgical Robot is a robot-assisted device that is applied to perform MIS through a single small incision or natural orifice, covering applications in urologic, gynecologic and general surgery. The Company conducts its business in the domestic market and overseas markets.",16765107928.0,2149372811.28,12392328220.16,1588760028.23,100893554.0,30.95,38.02000045776367,27722200,1378512820.0,176732412.82,27722200,387722200.0,325940248.0,43.24,43.24,43.24,,,,30.9,91967668.55,4.28,59.0,56.599998474121094,60.0,48.0,2.81,-0.54,3.00798,22.86,True,1091.94,Claw-back not triggered (subscription level below the reallocation threshold),,45.47,47476449.51,55.53,82616007.34,35.99,152757938.69,09/07/2026,,,,,,,-12.07,,,,,,,,,,,,,,,False,0.5,196179.0,True,Morgan Stanley Asia Limited,0.0,,2026-02-04,https://www1.hkexnews.hk/listedco/listconews/sehk/2025/1230/2025123000029.pdf,https://www1.hkexnews.hk/listedco/listconews/sehk/2026/0107/2026010701900.pdf,Morgan Stanley Asia Limited / GF Capital (Hong Kong) Limited,True,True,True,,,,,,,,,,True,
,09/01/2026,00100,KYG6181S1093,MiniMax Group Inc.,,Information Technology,Software & Services,Digital Solution Services,False,True,False,False,True,,,,,,,False,T+1,"MiniMax Group Inc is a holding company primarily engaged in the business of large-scale artificial intelligence (AI) models. The Company's main business includes driving AI technological innovation to perform various human intellectual tasks, including learning, reasoning, planning, and generalizing knowledge across diverse domains. The Company's AI-native products primarily include MiniMax, Hailuo AI, MiniMax Audio, Talkie/Xingye. The Company mainly operates its businesses in domestic and overseas markets.",51027185220.0,6541946823.08,96966166758.0,12431559840.77,121756363.0,52.36,417.0,25389220,5540244600.0,710287769.23,25389220,309255668.0,313635308.0,151.0,165.0,165.0,100.0,,,,,,,,,,2.71,-0.22,2.86369,27.18,True,1837.17,"3,808,380 Offer Shares reallocated from the International Offering to the retail tranche via clawback (1,269,480 -> 5,077,860 Shares), 17.4% of the Global Offering",17.4,,,,,,,10/07/2026,,,,,,,,,,,,,,,,,,,,,,False,2.81,417646.0,True,China International Capital Corporation Hong Kong Securities Limited,0.0,,2026-02-05,https://www1.hkexnews.hk/listedco/listconews/sehk/2025/1231/2025123100025.pdf,https://www1.hkexnews.hk/listedco/listconews/sehk/2026/0108/2026010801342.pdf,China International Capital Corporation Hong Kong Securities Limited/ UBS Securities Hong Kong Limited,True,True,True,,,,,,,,,,False,
28/10/2025,09/01/2026,06938,CNE100007DS6,"Suzhou Ribo Life Science Co., Ltd.",蘇州瑞博生物技術股份有限公司,Healthcare,Pharmaceuticals & Biotechnology,Biotechnology,True,False,False,True,True,,,,,,,False,T+1,"Suzhou Ribo Life Science Co Ltd is a China-based company primarily engaged in the oligonucleotide research and development, with a focus on small interfering ribonucleic acid (siRNA) therapeutics. The Company is engaged in the oligonucleotide drug innovation focused on cardiovascular, metabolic, renal and liver diseases, as well as other therapeutic areas. The Company’s drug pipelines include RBD4059, RBD5044, RBD7022, RBD7007, RBD2080, RBD1119, RBD1016 and others. The Company mainly conducts its business in the domestic market.",9612209174.7,1232334509.58,7999025539.25,1025516094.78,79793143.0,46.78,46.900001525878906,31610400,2107313846.0,270168441.79,31610400,165813510.0,170554910.0,57.97,57.97,57.97,,,,41.62,148956479.71,12.09,75.0,82.0999984741211,87.0,65.9000015258789,2.71,-0.22,2.86369,32.08,True,101.06,,,31.36,46917447.92,30.76,67191458.99,19.54,149965101.1,10/07/2026,,,,,,,-19.1,,,,,,,,,,,,,,,False,1.71,42771.0,True,China International Capital Corporation Hong Kong Securities Limited,0.0,,2026-02-05,https://www1.hkexnews.hk/listedco/listconews/sehk/2025/1231/2025123100037.pdf,https://www1.hkexnews.hk/listedco/listconews/sehk/2026/0108/2026010801352.pdf,China International Capital Corporation Hong Kong Securities Limited /  Citigroup Global Markets Asia Limited,True,True,True,,,,,,,,,,False,
01/12/2025,09/01/2026,03636,CNE100007DK3,"Yunnan Jinxun Resources Co., Ltd.",雲南金潯資源股份有限公司,Materials,Diversified Metals & Minerals,Copper,False,False,False,True,True,,,,,,,False,T+1,"Yunnan Jinxun Resources Co Ltd is a China-based company primarily engaged in the ore processing, smelting, as well as the sales of copper products and trading of non-ferrous metals. The Company mainly operates its business through two segments. The Metal Production and Processing segment is engaged in the production and sale of copper cathodes which are produced using the solvent extraction electrowinning technology, processing and sale of copper concentrate, and processing and sale of cobalt and related material. The Trading Business segment is engaged in the trading business for non-ferrous metal. The Company conducts its business in the domestic market and overseas markets, mainly including Democratic Republic of the Congo, Zambia and Peru.",4411867290.0,565624011.54,646890128.06,82934631.8,29316153.0,69.34,15.300000190734863,36765600,1268412000.0,162616923.08,36765600,147062243.0,42280400.0,30.0,30.0,30.0,,,,26.0,62519710.97,11.05,38.0,37.79999923706055,39.119998931884766,36.099998474121094,2.71,-0.22,2.86369,23.53,True,143.46,Claw-back not triggered (subscription level below the reallocation threshold),10.0,36.4,33232657.7,31.27,43071193.15,32.0,124928648.9,10/07/2026,,,,,,,-49.0,,,,,,,,,,,,,,,False,7.0,64456.0,True,Huatai Financial Holdings (Hong Kong) Limited,0.0,,2026-02-05,https://www1.hkexnews.hk/listedco/listconews/sehk/2025/1231/2025123100041.pdf,https://www1.hkexnews.hk/listedco/listconews/sehk/2026/0108/2026010801368.pdf,Huatai Financial Holdings (Hong Kong) Limited,False,True,False,,,,,,,,,,False,
27/06/2025,12/01/2026,00501,CNE100007DG1,"OmniVision Integrated Circuits Group, Inc.",豪威集成電路（集團）股份有限公司,Information Technology,Semiconductors,Semiconductors,False,False,False,True,True,,,,,,,False,T+1,"OmniVision Integrated Circuits Group Inc is a China-based company primarily engaged in chip design. The Company mainly operates its business through two segments. The Semiconductor Design segment includes image sensor solutions, display solutions, and analog solutions, with products used in automotive, smartphones, home security, medical, industrial/machine vision, and emerging markets. The Electronic Components Distribution segment handles distribution and sales of electronic components, structural devices, electromechanical systems, integrated circuits, and radio frequency devices. The Company primarily operates in both domestic and overseas markets.",131573718377.6,16868425433.03,4079584440.0,523023646.15,787128581.0,1551.26,80.4,45800000,5317667280.0,681752215.38,45800000,1255474412.0,50741100.0,,104.8,104.8,,,,,,,,,,,2.43,4.59,2.83881,26.74,True,9.28,,,,,,,,,13/07/2026,,,,,,,,,,,,,,,,,,,,,,False,100.0,,True,China International Capital Corporation Hong Kong Securities Limited,1928900.0,103.9,2026-02-06,https://www1.hkexnews.hk/listedco/listconews/sehk/2025/1231/2025123100089.pdf,https://www1.hkexnews.hk/listedco/listconews/sehk/2026/0109/2026010901581.pdf,UBS Securities Hong Kong Limited /  China International Capital Corporation Hong Kong Securities Limited / Ping An of China Capital  (Hong Kong) Company Limited /  GF Capital (Hong Kong) Limited,True,True,True,,,,,,,,,,True,
19/12/2025,13/01/2026,03986,CNE100007DJ5,GigaDevice Semiconductor Inc.,兆易創新科技集團股份有限公司,Information Technology,Semiconductors,Semiconductors,False,False,False,True,True,,,,,,,False,T+1,"GigaDevice Semiconductor Inc is a China-based company primarily engaged in the design, research and development of integrated circuit (IC). The Company’s products include non-volatile semiconductor memory chip (Flash), niche dynamic random access memory (DRAM), micro control unit(s) (MCU), analog chips, sensor chips and other wide ranges of chips. The Company’s products are mainly used in consumer electronics, automobiles, industrial applications (such as industrial automation, energy storage and battery management), personal computer (PC) and servers, Internet of Things (IoT), network communications and other fields. The Company conducts its business in the domestic and overseas markets.",112875954462.0,14471276213.08,39504682800.0,5064702923.08,644382422.0,1937.81,1188.0,28915800,5387002200.0,690641307.69,28915800,696765151.0,33253100.0,,162.0,162.0,,,,37.53,298036850.49,2.06,235.0,222.8000030517578,248.8000030517578,220.0,3.36,3.62,2.69,32.84,True,542.22,,10.0,67.9,173862122.44,88.89,317278977.56,86.42,1048848771.4,14/07/2026,,,,,,,633.33,17.0,,False,False,False,,,,,,,,,,False,2.0,148419.0,True,Huatai Financial Holdings (Hong Kong) Limited,0.0,,2026-02-07,https://www1.hkexnews.hk/listedco/listconews/sehk/2025/1231/2025123100035.pdf,https://www1.hkexnews.hk/listedco/listconews/sehk/2026/0112/2026011201539.pdf,China International Capital Corporation Hong Kong Securities Limited /  Huatai Financial Holdings (Hong Kong) Limited | Bookrunners/Lead Managers: IMPORTANT,False,True,True,,,,,,,,,,True,
28/10/2025,13/01/2026,01641,,"Hongxing Coldchain (Hunan) Co., Ltd.",紅星冷鏈（湖南）股份有限公司,,,,False,False,False,True,True,,,,,,,False,T+1,,1204704380.0,154449279.49,105635799.89,13543051.27,16160250.0,65.78,4.300000190734863,23263000,285204380.0,36564664.1,23263000,98263000.0,,12.26,12.26,12.26,,,,0.33,21868769.57,14.16,19.579999923706055,12.300000190734863,19.700000762939453,12.0,3.36,3.62,2.69,35.05,True,2309.25,Claw-back not triggered (subscription level below the reallocation threshold),,-8.65,4799908.75,-18.76,5920997.87,-30.83,12519879.08,14/07/2026,,,,,,,-64.93,,,,,,,,,,,,,,,False,1.0,103102.0,False,,,,,https://www1.hkexnews.hk/listedco/listconews/sehk/2025/1231/2025123100085.pdf,https://www1.hkexnews.hk/listedco/listconews/sehk/2026/0112/2026011201301.pdf,CCB International Capital Limited / ABCI Capital Limited | Bookrunners/Lead Managers: IMPORTANT,False,True,True,,,,,,,,,,False,
29/12/2025,22/01/2026,09611,CNE100007DW8,"Shanghai Longcheer Technology Co., Ltd.",上海龍旗科技股份有限公司,Information Technology,IT Hardware,Consumer Telecommunication Equipment,False,False,False,True,True,,,,,,,False,T+1,"Shanghai Longcheer Technology Co Ltd is a China-based company mainly engaged in the research and development, design, production and manufacturing of intelligent products. The Company mainly provides comprehensive intelligent product services to global consumer electronics brands and technology companies, including original design manufacturer (ODM) services and professional services. ODM business mainly includes complete machines sales business and bulk materials and semi-finished products sales business. Professional services include research, development and technical services, as well as entrusted processing services. The Company's main products include smartphones, tablets, as well as artificial intelligence Internet of Things (AIoT) products. The Company mainly conducts its businesses in domestic and overseas markets.",16200309964.0,2076962815.9,1306477500.0,167497115.38,29733630.0,56.9,25.0,52259100,1620032100.0,207696423.08,52259100,522590644.0,52259100.0,,31.0,31.0,,,,3.55,101384503.49,4.88,35.0,32.099998474121094,36.86000061035156,31.219999313354492,3.32,1.8,2.80405,26.37,True,1149.76,,10.0,0.0,45579691.23,-1.61,62802249.18,-5.94,109604718.85,23/07/2026,,,,,,,-19.35,6.0,,False,False,False,,,,,,,,,,False,0.2,,True,,,,"February 18, 2026 (Wednesday)",https://www1.hkexnews.hk/listedco/listconews/sehk/2026/0114/2026011400011.pdf,https://www1.hkexnews.hk/listedco/listconews/sehk/2026/0121/2026012101145.pdf,Citigroup Global Markets Asia Limited /  Haitong International Capital Limited /  Guotai Junan Capital Limited,True,True,True,,,,,,,,,,True,
28/10/2025,28/01/2026,01768,CNE100007DZ1,"BUSY MING GROUP CO., LTD.",湖南鳴鳴很忙商業連鎖股份有限公司,Consumer Staples,Food & Beverages,Packaged Foods,False,False,False,True,True,,,,,,,False,T+1,"Busy Ming Group Co Ltd is a China-based company mainly engaged in the retail business of food and beverages. The Company's products mainly include baked goods, cookies, nuts and seeds, snack puffed foods and instant foods, snack cooked foods, candies, chocolates and preserved fruits, as well as beverages. The Company mainly sells its products through the two brands Busy for You and Super Ming. The Company also engages in selling goods to franchisees and providing franchise services.",50989949920.0,6537173066.67,67279847889.45,8625621524.29,63228000.0,29.28,311.6000061035156,14101100,4220423480.0,541079933.33,14101100,215511200.0,215917351.0,229.6,236.6,236.6,100.0,,,69.06,404174410.26,6.18,445.0,400.0,445.0,399.2000122070313,8.55,5.88,2.66321,16.85,True,1899.49,Claw-back not triggered (subscription level below the reallocation threshold),9.1,65.68,189448740.9,68.81,233534249.46,72.44,455852515.08,29/07/2026,,,,,,,31.7,,,,,,,,,,,,,,,False,3.0,229245.0,True,Goldman Sachs (Asia) L.L.C.,0.0,,2026-02-22,https://www1.hkexnews.hk/listedco/listconews/sehk/2026/0120/2026012000025.pdf,https://www1.hkexnews.hk/listedco/listconews/sehk/2026/0127/2026012701713.pdf,Goldman Sachs (Asia) L.L.C /  Huatai Financial Holdings (Hong Kong) Limited,True,True,True,,,,,,,,,,True,
09/10/2025,03/02/2026,09980,CNE100007F72,"Eastroc Beverage (Group) Co., Ltd.",東鵬飲料（集團）股份有限公司,Consumer Staples,Food & Beverages,Non-alcoholic Beverages,False,False,False,True,True,,,,,,,False,T+1,"Eastroc Beverage (Group) Co Ltd is a China-based company mainly engaged in the research, development, production, and sales of beverages. The Company's main products include energy drinks, electrolyte drinks, tea-based drinks, coffee-based drinks, plant-based protein drinks, and fruit and vegetable juices. The Company's primary energy drink is Dongpeng Special Drink. The Company mainly operates its businesses in the domestic market.",139103919200.0,17833835794.87,6237154174.44,799635150.57,223901031.0,384.83,107.1999969482422,40889900,11099413600.0,1423001743.59,40889900,560902900.0,58182410.0,,248.0,248.0,,,,-21.9,178740576.57,1.0,190.76922607421875,193.6923065185547,193.6923065185547,188.9230804443359,1.88,3.47,2.51994,27.62,True,57.46,,,-16.75,177410771.77,-22.46,226209192.44,-32.07,447204241.41,04/08/2026,,,,,,,-56.77,,,,,,,,,,,,,,,False,15.0,66692.0,True,Morgan Stanley Asia Limited,2267600.0,246.8,2026-02-28,https://www1.hkexnews.hk/listedco/listconews/sehk/2026/0126/2026012600003.pdf,https://www1.hkexnews.hk/listedco/listconews/sehk/2026/0202/2026020203212.pdf,Huatai Financial Holdings (Hong Kong) Limited /  Morgan Stanley Asia Limited /  UBS Securities Hong Kong Limited,True,True,True,,,,,,,,,,True,
09/01/2026,04/02/2026,02768,CNE100007F07,"Qingdao Gon Technology Co., Ltd.",青島國恩科技股份有限公司,Materials,Basic Materials,Specialty Chemicals,False,False,False,True,True,,,,,,,False,T+1,"Qingdao Gon Technology Co Ltd is a China-based company primarily engaged in the production and manufacturing of new chemical materials. The Company operates through three segments. The Chemical Industry segment focuses on research, development, production, and sales of green petrochemical materials, organic polymer modified materials, and organic polymer composite materials. The products are used in the chemical, new energy, automotive, home appliance, and other industries. The Health Industry segment focuses on research, development, production, and sales of gelatin, collagen, and their extensions. The products are used in beauty, medical aesthetics, and new materials applications and other industries. The Company also engages in the lease of investment properties through Property Investment segment. The Company operates in both domestic and overseas markets.",10845000000.0,1390384615.38,1997111979.68,256039997.39,206865446.0,465.91,44.97999954223633,30000000,1080000000.0,138461538.46,30000000,301250000.0,44400000.0,,42.0,36.0,,,,-24.62,130867026.08,9.41,30.405405044555664,27.13513565063477,34.32432556152344,26.891891479492188,1.9,1.36,2.49435,17.71,True,2251.85,,10.0,-22.64,51431481.74,-14.04,89664894.56,-8.11,192364945.14,05/08/2026,,,,,,,24.94,,,,,,,,,,,,,,,False,2.0,171047.0,False,,,,,https://www1.hkexnews.hk/listedco/listconews/sehk/2026/0127/2026012700009.pdf,https://www1.hkexnews.hk/listedco/listconews/sehk/2026/0203/2026020302602.pdf,"China Merchants Securities (HK) Co., Limited",False,False,True,,,,,,,,,,True,
05/11/2025,06/02/2026,02677,KYG2774A1004,Distinct Healthcare Holdings Limited,卓正醫療控股有限公司,Healthcare,Other Healthcare,Medical & Aesthetic Services,False,False,False,False,True,,,,,,,False,T+1,"Distinct Healthcare Holdings Ltd is a holding company primarily engaged in provision of healthcare services through healthcare service institutions and tele-healthcare service platform. The Company owned and operated 19 healthcare service institutions across China, including 17 clinics and two hospitals. The Company's healthcare services mainly include in-person healthcare services, off-network healthcare services and tele-healthcare services. The Company's other businesses mainly include the sales of healthcare products. The Company's healthcare products primarily include skincare items, oral health products, nutritional supplements, eye and nose care products. The Company mainly conducts its business in the domestic market.",3856622565.0,494438790.38,1938705138.56,248551940.84,6171826.0,9.56,30.020000457763672,4750000,296271390.0,37983511.54,4750000,64384350.0,64580450.0,,66.6,59.9,,,,13.36,21043777.4,4.26,81.0,67.9000015258789,90.8499984741211,65.1500015258789,0.38,1.21,2.58815,5.28,True,2730.73,,10.0,0.33,7946257.62,-3.17,9668725.57,8.26,17485479.74,07/08/2026,,,,,,,-49.88,3.0,,False,False,False,,,,,,,,,,False,1.0,147844.0,True,Haitong International Securities Company Limited,516400.0,56.55,2026-03-05,https://www1.hkexnews.hk/listedco/listconews/sehk/2026/0129/2026012900021.pdf,https://www1.hkexnews.hk/listedco/listconews/sehk/2026/0205/2026020501800.pdf,Haitong International Capital Limited /  SPDB International Capital Limited,False,True,True,,,,,,,,,,False,
28/11/2025,06/02/2026,02714,,"Muyuan Foods Co., Ltd.",牧原食品集團股份有限公司,,,,False,False,False,True,True,,,,,,,False,T+1,,223732183974.0,28683613330.0,9008879108.02,1154984501.03,2444879961.0,788.1,29.040000915527344,273951400,12098700900.0,1551115500.0,273951400,5736722666.0,,,39.0,39.0,,,,3.9,210855905.63,0.74,39.0,40.52000045776367,41.720001220703125,38.97999954223633,0.38,1.21,2.58815,7.89,True,5.88,,,3.23,72435787.24,0.51,101581490.37,17.33,410104009.88,07/08/2026,,,,,,,-25.54,,,,,,,,,,,,,,,False,100.0,,True,Morgan Stanley Asia Limited,4821000.0,38.99,2026-03-05,https://www1.hkexnews.hk/listedco/listconews/sehk/2026/0129/2026012900023.pdf,https://www1.hkexnews.hk/listedco/listconews/sehk/2026/0205/2026020502402.pdf,Morgan Stanley Asia Limited /  CITIC Securities (Hong Kong) Limited /  Goldman Sachs (Asia) L.L.C. | Bookrunners/Lead Managers: IMPORTANT,True,True,True,,,,,,,,,,True,
02/12/2025,06/02/2026,03200,CNE100007FF8,"Shenzhen Han’s CNC Technology Co., Ltd.",深圳市大族數控科技股份有限公司,Industrials,Industrial Engineering,Industrial Components & Equipment,False,False,False,True,True,,,,,,,False,T+1,"Shenzhen Han's CNC Technology Co Ltd is a China-based company mainly engaged in the research and development, production and sales of special equipment for printed circuit board (PCB). The Company's products and solutions include drilling equipment and solutions, photolithography equipment and solutions, testing equipment and solutions, formation equipment and solutions, attachment equipment and solutions, lamination equipment and solutions. The Company operate in the specialized PCB equipment industry, such as server and data storage, automotive electronics, mobile phones, computers and consumer electronics.",45597059201.6,5845776820.72,10542142972.94,1351556791.4,114122432.0,196.7,181.6999969482422,50451800,5558268100.0,712598474.36,50451800,475960952.0,58019500.0,,95.8,95.8,,,,14.82,184752883.33,3.16,106.0,110.0,116.0,105.0999984741211,0.38,1.21,2.58815,7.96,True,446.39,,10.0,27.56,142773227.93,17.54,175190766.59,20.56,381828656.4,07/08/2026,,,,,,,89.67,,,,,,,,,,,,,,,False,10.0,159985.0,True,China International Capital Corporation Hong Kong Securities Limited,0.0,,2026-03-05,https://www1.hkexnews.hk/listedco/listconews/sehk/2026/0129/2026012900019.pdf,https://www1.hkexnews.hk/listedco/listconews/sehk/2026/0205/2026020502290.pdf,China International Capital Corporation Hong Kong Securities Limited,False,True,False,,,,,,,,,,True,
11/07/2025,09/02/2026,06809,CNE100007DX6,"Montage Technology Co., Ltd.",瀾起科技股份有限公司,Information Technology,Semiconductors,Semiconductors,False,False,False,True,True,,,,,,,False,T+1,"Montage Technology Co Ltd is a China-based company mainly engaged in the provision of integrated circuit (IC) interconnect solutions for cloud computing and artificial intelligence (AI) infrastructure. The Company’s product lines include interconnect chips and the Jintide products. The interconnect chips primarily include memory interface chips, memory module supporting chips, PCIe/CXL interconnect chips and clock chips. The Jintide products mainly consists of Jintide central processing unit (CPU).",129584512929.69,16613399093.55,35204368562.48,4513380584.93,1106978388.0,1460.9,464.6000061035156,65890000,8099429415.0,1038388386.54,65890000,1212316521.0,75773500.0,,106.89,106.89,,,,63.72,474906317.31,2.86,168.0,175.0,176.0,156.0,3.03,1.24,2.55,-2.89,True,707.3,,10.0,70.55,289987925.2,97.4,361176114.94,73.54,1053037534.92,10/08/2026,,,,,,,334.65,17.0,,False,False,False,,,,,,,,,,False,5.0,260646.0,True,Morgan Stanley Asia Limited,0.0,,2026-03-06,https://www1.hkexnews.hk/listedco/listconews/sehk/2026/0130/2026013000007.pdf,https://www1.hkexnews.hk/listedco/listconews/sehk/2026/0206/2026020601350.pdf,China International Capital Corporation Hong Kong Securities Limited /  Morgan Stanley Asia Limited /  UBS Securities Hong Kong Limited | Bookrunners/Lead Managers: IMPORTANT,True,True,True,,,,,,,,,,True,
25/01/2026,10/02/2026,00600,CNE100007FD3,"Axera Semiconductor Co., Ltd.",愛芯元智半導體股份有限公司,Information Technology,Semiconductors,Semiconductors,False,False,False,True,True,,,,,,,False,T+1,"Axera Semiconductor Co Ltd, formerly Shanghai Zhiaixin Semiconductor Technology Co Ltd, is a China-based company mainly engaged in the research and development (R&D) and production of artificial intelligence chips. The Company focuses on artificial intelligence chip related software and hardware, electronic product software and hardware and others.",16574845564.2,2124980200.54,9022123607.56,1156682513.79,374251529.0,63.67,15.350000381469728,106091300,2991774660.0,383560853.85,106091300,587760481.0,588936581.0,28.2,28.2,28.2,,,,0.0,81662140.67,3.84,28.200000762939453,28.200000762939453,29.18000030517578,28.200000762939453,3.63,0.97,2.50446,14.23,True,104.82,,10.0,0.21,56683231.71,20.21,120817123.44,-10.57,257593430.23,11/08/2026,,,,,,,-45.57,,,,,,,,,,,,,,,False,18.0,85091.0,True,China International Capital Corporation Hong Kong Securities Limited,17764700.0,25.15,2026-03-07,https://www1.hkexnews.hk/listedco/listconews/sehk/2026/0130/2026013000009.pdf,https://www1.hkexnews.hk/listedco/listconews/sehk/2026/0209/2026020901278.pdf,China International Capital Corporation Hong Kong Securities Limited /  Guotai Junan Capital Limited /  BOCOM International (Asia) Limited | Bookrunners/Lead Managers: IMPORTANT,False,True,True,,,,,,,,,,False,
29/12/2025,10/02/2026,02720,KYG7570P1028,Ridge Outdoor International Limited,,Consumer Discretionary,Household Goods & Electronics,Toys & Leisure Products,False,False,False,False,True,,,,,,,False,T+1,"Ridge Outdoor International Ltd is a company primarily engaged in the production and sales of fishing-related equipment. The Company mainly produces three categories of products. The chairs, bedchairs and other accessories include fishing chairs, fishing bedchairs, rod pods, barrows and seatboxes. The bags include shoulder bags, fishing backpacks and rod holdalls. The tents include bivvies, social bivvies and shelters, respectively. The Company is also engaged in the sale of raw materials, material processing, and the sale of Solar products. The Company distributes its products within the domestic market and to overseas markets.",1570511250.0,201347596.15,2435895000.0,312294230.77,26079000.0,20.34,19.0,28205000,345511250.0,44296314.1,28205000,128205000.0,128205000.0,,12.25,12.25,,,,102.29,19785941.01,9.83,24.020000457763672,24.780000686645508,29.399999618530273,21.5,3.63,0.97,2.50446,19.16,True,3654.23,,10.0,104.9,18538261.63,124.49,19388293.68,117.96,23178003.72,11/08/2026,,,,,,,55.1,,,,,,,,,,,,,,,False,1.0,111036.0,False,,,,,https://www1.hkexnews.hk/listedco/listconews/sehk/2026/0130/2026013002014.pdf,https://www1.hkexnews.hk/listedco/listconews/sehk/2026/0209/2026020901096.pdf,China International Capital Corporation Hong Kong Securities Limited,False,True,False,,,,,,,,,,False,
26/08/2025,11/02/2026,00470,CNE100007F98,"WUXI LEAD INTELLIGENT EQUIPMENT CO., LTD.",無錫先導智能裝備股份有限公司,Industrials,Industrial Engineering,Industrial Components & Equipment,False,False,False,True,True,,,,,,,False,T+1,"Wuxi Lead Intelligent Equipment Co Ltd is a China-based company primarily engaged in the research, design, production, and sales of intelligent equipment, as well as the provision of solutions. The Company's main products include lithium-ion battery intelligent equipment, photovoltaic(PV) intelligent equipment, computer, communication and consumer electronics (3C) intelligent equipment, and intelligent logistics equipment. The Company is also engaged in the provision of other intelligent equipment and solutions, including hydrogen energy intelligent equipment, automotive intelligent production line, and laser precision processing equipment. The Company distributes its products within the domestic market and to overseas markets such as Europe and North America.",76661021677.2,9828336112.46,3622117617.47,464374053.52,1137938426.0,1053.08,33.52000045776367,107658400,4949074720.0,634496758.97,107658400,1673821434.0,108058400.0,,45.8,45.8,,,,-0.0,154845986.63,1.58,46.2599983215332,45.79999923706055,46.540000915527344,45.040000915527344,2.47,0.71,2.48268,36.95,True,79.54,,8.7,1.09,68630259.88,0.61,85303545.4,-4.67,233043161.08,12/08/2026,,,,,,,-26.81,,,,,,,,,,,,,,,False,18.0,57322.0,True,J.P. Morgan Securities (Asia Pacific) Limited,15748700.0,42.05,"March 8, 2026 being the 30th day after the last day for lodging applications under the Hong Kong Public Offering. Further information on the stabilizing actions undertaken by J.P. Morgan Securities (Asia Pacific) Limited, the Stabilizing Manager, or its affiliates or any person acting for it, during the stabilization period is set out in this announcement. PARTIAL EXERCISE OF THE OVER-ALLOTMENT OPTION The Company announces that the Over-allotment Option described in the Prospectus has been partially exercised by the Overall Coordinators (for themselves and on behalf of the International Underwriters), on Sunday, March 8, 2026, in respect of an aggregate of 400,000 H Shares (the “Over-allotment Shares”), representing approximately 0.37% of the total number of the Offer Shares initially available under the Global Offering before any exercise of the Over-allotment Option. The Over-allotment Shares will be issued and allotted by the Company pursuant to the partial exercise of the Over-allotment Option at HK$45.80 per H Share (exclusive of brokerage of 1.0%, SFC transaction levy of 0.0027%, AFRC transaction levy of 0.00015% and the Stock Exchange trading fee of 0.00565%), being the Offer Price per H Share under the Global Offering. The Over-allotment Shares will be used to facilitate the delivery of part of H Shares to the placees who have agreed to delayed delivery of the relevant H Shares subscribed by it under the Global Offering. APPROVAL OF LISTING Approval for the listing of and permission to deal in the Over-allotment Shares has already been granted by the Listing Committee of the Stock Exchange. Listing of and dealings in the Over-allotment Shares are expected to commence on the Main Board of the Stock Exchange at 9:00 a.m. on Wednesday, March 11, 2026. 2 SHAREHOLDING STRUCTURE OF THE COMPANY UPON COMPLETION OF THE PARTIAL EXERCISE OF THE OVER-ALLOTMENT OPTION The shareholding structure of the Company immediately before and immediately after the completion of the issue and allotment of the Over-allotment Shares pursuant to the partial exercise of the Over-allotment Option is as follows: Immediately before the partial exercise Immediately after the partial exercise of Over-allotment Option and completion of Over-allotment Option and completion of the allotment and issue of the of the allotment and issue of the Over-Allotment Shares Over-Allotment Shares Approximate % of Approximate % of the Company’s the Company’s Number of total issued share Number of total issued share Description of Shares Shares capital Shares capital A Shares in issue 1,566,163,034 93.57% 1,566,163,034 93.55% H Shares issued pursuant to the Global Offering 107,658,400 6.43% 108,058,400 6.45% Total 1,673,821,434 100.00% 1,674,221,434 100.00% USE OF PROCEEDS The Company will receive additional net proceeds of approximately HK$18.0 million from the Over-allotment Shares to be issued and allotted upon the partial exercise of the Over-allotment Option after deduction of the estimated underwriting fees and commissions and expenses payable by the Company in connection with the Global Offering. The additional net proceeds will be allocated by the Company on a pro rata basis to the purposes as set out in the section headed “Future Plans and Use of Proceeds” in the Prospectus. STABILIZING ACTIONS AND END OF THE STABILIZATION PERIOD Pursuant to section 9(2) of the Securities and Futures (Price Stabilizing) Rules (Chapter 571W of the Laws of Hong Kong), the Company announces that the stabilization period in connection with the Global Offering ended on Sunday, March 8, 2026",https://www1.hkexnews.hk/listedco/listconews/sehk/2026/0203/2026020300009.pdf,https://www1.hkexnews.hk/listedco/listconews/sehk/2026/0210/2026021001338.pdf,CITIC Securities (Hong Kong) Limited /  J.P. Morgan Securities (Far East) Limited,True,True,True,,,,,,,,,,True,
22/12/2025,13/02/2026,02706,CNE100007FC5,"Beijing Haizhi Technology Group Co., Ltd.",北京海致科技集團股份有限公司,Information Technology,Software & Services,Digital Solution Services,False,False,False,True,True,,,,,,,False,T+1,"Beijing Haizhi Technology Group Co Ltd is a China-based company primarily engaged in offering industry-level artificial intelligence (AI) solutions. The Company operates its businesses through two segments. The Atlas Graph Solutions segment includes providing data intelligence solutions, which are built on graph computing and data analysis capabilities and platforms, for customers to transform their diverse enterprise data into structured knowledge, enhance reasoning-based analytics and enable intelligent automation. The Atlas AI Agent segment includes providing agentic solutions, which are built on graph-large language models integration technologies and platforms, for customers to apply in various application scenarios, such as risk identification, marketing analysis, regulatory auditing, equipment management and fault detection. The Company mainly conducts its business in the domestic market.",10835654200.8,1389186436.0,20542093578.5,2633601740.83,195134128.0,48.73,51.29999923706055,28030200,758497212.0,97243232.31,28030200,400430680.0,400430680.0,,28.0,27.06,,,,242.2,116427545.16,8.38,82.30000305175781,92.5999984741211,99.5999984741211,82.30000305175781,-1.6,-0.02,2.51464,36.17,True,5065.06,,10.0,346.42,382797195.6,298.74,524858442.75,239.8,933674802.44,14/08/2026,,,,,,,89.58,,,,,,,,,,,,,,,False,0.06,232258.0,False,,,,,https://www1.hkexnews.hk/listedco/listconews/sehk/2026/0205/2026020500037.pdf,https://www1.hkexnews.hk/listedco/listconews/sehk/2026/0212/2026021201324.pdf,CMB International Capital Limited / BOCI Asia Limited / Shenwan Hongyuan Capital (H.K.) Limited | Bookrunners/Lead Managers: IMPORTANT,False,True,True,,,,,,,,,,True,
26/01/2026,13/02/2026,09981,CNE100007DY4,"Shenzhen Woer Heat-Shrinkable Material Co., Ltd.",深圳市沃爾核材股份有限公司,Industrials,Industrial Engineering,Industrial Components & Equipment,False,False,False,True,True,,,,,,,False,T+1,"Shenzhen Woer Heat-Shrinkable Material Co Ltd is a China-based company primarily engaged in electronic communications business and electrical power transmission product business. The Company operates through four segments. The Electronics and Electricity segment is primarily engaged in the sales of electronic material products and electrical cable accessories products, including high-speed copper cables, consumer and industrial electronic cables. The Wires and Cables segment is primarily engaged in the sales of telecoms cable products. The New Energy Products segment is primarily engaged in the sales of new energy vehicle (NEV) power transmission products, including NEV charging products and power battery safety protection products. The Wind Power segment is primarily engaged in the sales of wind power. The Company conducts its businesses in domestic and overseas markets.",28123737102.58,3605607320.84,1595872266.6,204599008.54,1116483632.0,797.55,11.399999618530272,139988800,2812374992.0,360560896.41,139988800,1399887362.0,139988800.0,,20.09,20.09,,,,2.94,84682798.38,2.35,20.100000381469727,20.68000030517578,21.799999237060547,20.100000381469727,-1.6,-0.02,2.51464,81.64,True,569.58,,10.0,10.2,28724445.41,3.04,59781780.46,6.02,313430063.05,14/08/2026,,,,,,,-43.26,,,,,,,,,,,,,,,False,0.33,141463.0,False,,,,,https://www1.hkexnews.hk/listedco/listconews/sehk/2026/0205/2026020500055.pdf,https://www1.hkexnews.hk/listedco/listconews/sehk/2026/0212/2026021201492.pdf,"China Securities (International) Corporate Finance Company Limited /  China Merchants Securities (HK) Co., Limited",False,True,True,,,,,,,,,,True,
24/12/2025,09/03/2026,02649,CNE100007HH0,"ALSCO Pooling Service Co., Ltd.",蘇州優樂賽共享服務股份有限公司,Industrials,Commercial & Professional Services,Printing & Packaging,False,False,False,True,True,,,,,,,False,T+1,"Alsco Pooling Service Co Ltd is a China-based company primarily engaged in the provision of reusable package service. The Company operates two segments. The Container Services segment is primarily engaged in the provision of pooling services, traditional containers rental services, and other value-added services such as logistics transportation, warehousing management, and customer-owned container management. The Container Sales segment is primarily engaged in the sales of containers such as reusable foldable large load carriers, small load carriers, custom-developed inner linings, and customized metal racks. The Company primarily focuses on serving automotive parts manufacturers and original equipment manufacturers within the automotive industry. The Company operates its businesses in the domestic market and overseas markets.",993696000.0,127396923.08,341849457.86,43826853.57,32372200.0,36.93,3.900000095367432,20336000,223696000.0,28678974.36,20336000,90336000.0,87653705.0,11.0,14.0,11.0,0.0,,,-43.64,14912907.23,11.71,7.5,6.199999809265137,7.900000095367432,6.0,-4.34,-0.1,2.04524,69.49,True,5297.23,Claw-back not triggered (subscription level below the reallocation threshold),10.0,-49.55,4650819.25,-53.09,7866086.88,-64.55,11416573.39,07/09/2026,,,,,,,-64.55,,,,,,,,,,,,,,,False,0.04,162571.0,False,,,,,https://www1.hkexnews.hk/listedco/listconews/sehk/2026/0227/2026022700013.pdf,https://www1.hkexnews.hk/listedco/listconews/sehk/2026/0306/2026030601405.pdf,China Securities (International) Corporate Finance Company Limited,False,True,False,,,,,,,,,,False,
15/01/2026,09/03/2026,02715,CNE100007F15,"ESTUN AUTOMATION CO., LTD",南京埃斯頓自動化股份有限公司,Industrials,Industrial Engineering,Heavy Industrial Machinery,False,False,False,True,True,,,,,,,False,T+1,"Estun Automation Co Ltd is a China-based company mainly engaged in the research and development and manufacturing of industrial robots and intelligent manufacturing systems. The Company's business covers the entire industrial chain from automation core components and motion control systems, industrial robots, robot workstations to intelligent manufacturing systems. The Company's business is mainly divided into two core businesses. The main businesses and products of automation core components and motion control systems include complete automation solutions for metal forming machine tools, motion control systems, robot-specific controllers, robot-specific servo systems, and intelligent control unit solutions that integrate machine vision and motion control. The industrial robots and intelligent manufacturing systems include six-axis general-purpose robots, four-axis palletizing robots, SCARA robots, and industry-specific customized robots.",14865384238.08,1905818492.06,1807850429.53,231775696.09,576478827.0,595.66,18.68000030517578,96780000,1486540800.0,190582153.85,96780000,967798453.0,96780000.0,15.36,17.0,15.36,0.0,,,-16.02,34040221.3,1.79,15.359999656677246,12.899999618530272,15.359999656677246,12.5,-4.34,-0.1,2.04524,60.76,True,19.67,,,-11.39,15263873.11,-16.41,21500913.07,-18.16,49401546.65,07/09/2026,,,,,,,21.61,,,,,,,,,,,,,,,False,4.99,27190.0,True,Huatai Financial Holdings (Hong Kong) Limited,14517000.0,13.525,2026-04-03,https://www1.hkexnews.hk/listedco/listconews/sehk/2026/0227/2026022700017.pdf,https://www1.hkexnews.hk/listedco/listconews/sehk/2026/0306/2026030601391.pdf,Huatai Financial Holdings (Hong Kong) Limited,False,True,False,,,,,,,,,,True,
19/12/2025,09/03/2026,02692,CNE100007HD9,"Shenzhen Zhaowei Machinery & Electronics Co., Ltd.",深圳市兆威機電股份有限公司,Industrials,Industrial Engineering,Industrial Components & Equipment,False,False,False,True,True,,,,,,,False,T+1,"Shenzhen Zhaowei Machinery & Electronics Co Ltd is a China-based company mainly engaged in the research and development, production, and sales of micro transmission and drive systems. The Company's main products include micro transmission systems, precision parts, precision molds, and other products. The Company's products are applied in multiple fields such as intelligent automobiles, consumer and medical technology, advanced industry and intelligent manufacturing, and robotics. The Company's products are sold to domestic and international markets.",19066166856.0,2444380366.15,1320296104.33,169268731.32,112056528.0,418.93,49.36000061035156,26748300,1906618824.0,244438310.77,26748300,267482700.0,26748300.0,,73.68,71.28,,,,2.41,47889871.79,1.96,78.0,73.0,79.80000305175781,71.5999984741211,-4.34,-0.1,2.04524,37.1,True,1536.76,,,10.48,131875646.15,11.39,151603303.42,-8.81,246129006.33,07/09/2026,,,,,,,-30.75,,,,,,,,,,,,,,,False,4.0,180292.0,False,,,,,https://www1.hkexnews.hk/listedco/listconews/sehk/2026/0227/2026022700015.pdf,https://www1.hkexnews.hk/listedco/listconews/sehk/2026/0306/2026030601575.pdf,"China Merchants Securities (HK) Co., Limited / Deutsche Securities Asia Limited",False,False,True,,,,,,,,,,True,
19/12/2025,10/03/2026,03268,CNE100007HF4,"MeiG Smart Technology Co., Ltd.",美格智能技術股份有限公司,Information Technology,IT Hardware,Consumer Telecommunication Equipment,False,False,False,True,True,,,,,,,False,T+1,"MeiG Smart Technology Co Ltd, formerly Shenzhen MeiG Smart Technology Co Ltd, is a China-based company mainly engaged in the business of wireless communication modules and Internet of Things solutions. The Company's main products include wireless communication modules, Internet of Things solution products and related technical development services. The wireless communication modules include intelligent modules, high computing power modules, data transmission modules, and others. The Internet of Things solution is a product and service that takes wireless communication module technology as the core and is customized in combination with the scene requirements of specific application fields of the Internet of Things. The Company operates the brand MeiGLink.",8715913362.0,1117424790.0,707192487.72,90665703.55,139754151.0,347.22,17.56999969482422,40250000,1161615000.0,148925000.0,40250000,302006700.0,40250000.0,,28.86,28.86,,,,1.52,36943166.99,3.31,29.040000915527344,29.299999237060547,30.65999984741211,28.420000076293945,-2.26,1.64,2.02083,37.58,True,174.12,,,-9.15,81722035.1,-10.05,97722195.06,-23.22,172394211.01,08/09/2026,,,,,,,-39.12,,,,,,,,,,,,,,,False,5.0,57965.0,False,,,,,https://www1.hkexnews.hk/listedco/listconews/sehk/2026/0227/2026022700019.pdf,https://www1.hkexnews.hk/listedco/listconews/sehk/2026/0309/2026030901426.pdf,China International Capital Corporation Hong Kong Securities Ltd.,False,True,False,,,,,,,,,,True,
14/12/2025,20/03/2026,01989,CNE100007HC1,Delton Technology (Guangzhou) Inc.,廣州廣合科技股份有限公司,Industrials,Industrial Engineering,Electronic Components,False,False,False,True,True,,,,,,,False,T+1,"Delton Technology (Guangzhou) Inc is a China-basedcompany primarily engaged in the research, development, production, and sales of printed circuit boards (PCBs). The Company's products include Internet of Things(IoT)half-hole module boards, four-way server motherboards, thermal interface materials, and server motherboards. The products are primarily used in servers, consumer electronics, industrial control, security electronics, communications, and automotive electronics. The Company primarily distributes its products within the domestic market and to overseas markets.",33959453126.16,4353776041.82,9834800140.38,1260871812.87,176560422.0,383.83,213.8000030517578,46000000,3306480000.0,423907692.31,46000000,472446482.0,46000000.0,,71.88,71.88,,,,33.56,329989513.85,7.58,95.0500030517578,96.0,147.89999389648438,95.0,-5.35,-1.61,2.02375,-10.56,True,1070.72,,,36.34,172838150.35,35.99,285310278.56,107.01,1059220295.5,18/09/2026,,,,,,,197.44,,,,,,6.0,,,,,,,,,False,5.0,202417.0,False,,,,,https://www1.hkexnews.hk/listedco/listconews/sehk/2026/0312/2026031200003.pdf,https://www1.hkexnews.hk/listedco/listconews/sehk/2026/0319/2026031901556.pdf,CITIC Securities (Hong Kong) Limited / HSBC Corporate Finance (Hong Kong) Limited,True,True,True,,,,,,,,,,True,
29/12/2025,23/03/2026,02701,CNE100007HJ6,Nsing Technologies Inc.,國民技術股份有限公司,Information Technology,Semiconductors,Semiconductors,False,False,False,True,True,,,,,,,False,T+1,"Nsing Technologies Inc, formerly Nations Technologies Inc is a China-based company primarily engaged in integrated circuit design. The Company’s core businesses include the research, development, design, and sales of integrated circuit chips and key components, the provision of system solutions and after-sales technical support, and the research, development, production, and sales of lithium-ion battery anode materials. The Company’s main products include security chips and wireless radio frequency chips. The Company’s products are used in battery and energy management, robotics, automotive electronics, and other fields. The Company operates in both domestic and overseas markets.",7323768360.0,938944661.54,1265399971.01,162230765.51,657959212.0,692.59,13.31999969482422,95000000,1026000000.0,131538461.54,95000000,678126700.0,95000000.0,,10.8,10.8,,,,4.17,84653076.92,9.02,14.300000190734863,11.25,16.5,10.899999618530272,-7.69,-5.4,1.95107,-4.43,True,131.83,Claw-back not triggered (subscription level below the reallocation threshold),,21.02,157618601.75,21.11,216074701.3,19.44,592053638.52,21/09/2026,,,,,,,23.33,,,,,,,,,,,,,,,False,30.0,56547.0,False,,,,,https://www1.hkexnews.hk/listedco/listconews/sehk/2026/0313/2026031300049.pdf,https://www1.hkexnews.hk/listedco/listconews/sehk/2026/0320/2026032001594.pdf,CITIC Securities (Hong Kong) Limited,False,True,False,,,,,,,,,,True,
,23/03/2026,03355,CNE100007HV1,FS.COM Ltd.,深圳市飛速創新技術股份有限公司,Information Technology,Software & Services,Internet Services and Infrastructure,False,False,False,True,True,,,,,,,False,T+1,"FS.Com Ltd is a China-based company mainly engaged in providing direct to consumer (DTC) network solutions. The Company provides a one-stop network solution through the online sales platform FS.com. The Company's solution range includes high-performance networking equipment, scalable networking equipment operating system and cloud-based network management platform. The Company's products mainly include optical modules and high-speed cables, fiber optic cables, switches, optical transmission equipment, optical fiber cabling management products and copper system products. The Company's products are used in industries such as information technology, financial services, healthcare, education, automotive, and electronics.",16640000000.0,2133333333.33,16064757100.99,2059584243.72,87415200.0,21.55,39.599998474121094,40000000,1900109120.0,243603733.33,40000000,400000000.0,405675700.0,,41.6,41.6,,,,13.46,78866118.2,3.7,56.0,47.20000076293945,57.0,43.29999923706055,-7.69,-5.4,1.95107,5.13,True,1579.71,,10.0,3.22,41383955.07,3.94,55350569.66,12.02,153757031.42,21/09/2026,,,,,,,-4.81,1.0,,False,False,False,,,,,,,,,,False,1.0,196756.0,True,China International Capital Corporation Hong Kong Securities Limited,324300.0,40.9,2026-04-17,https://www1.hkexnews.hk/listedco/listconews/sehk/2026/0313/2026031300015.pdf,https://www1.hkexnews.hk/listedco/listconews/sehk/2026/0320/2026032001750.pdf,"China International Capital Corporation Hong Kong Securities Limited /  China Securities (International) Corporate Finance Company Limited /  China Merchants Securities (HK) Co., Limited | Bookrunners/Lead Managers: IMPORTANT",False,True,True,,,,,,,,,,False,
02/01/2026,24/03/2026,02729,CNE100007J03,"Zhejiang Galaxis Technology Group Co., Ltd.",浙江凱樂士科技集團股份有限公司,Information Technology,Software & Services,Digital Solution Services,False,False,False,True,True,,,,,,,False,T+1,"Zhejiang Galaxis Technology Group Co Ltd is a China-based company that mainly provides comprehensive intelligent intralogistics robotics. The Company's main businesses include the sales of robots and systems, and after sales and other services. The Company offers robot products with three core product lines: multi-directional shuttle robots (MSR), autonomous mobile robots (AMR), and conveying and sorting robots (CSR). The Company's robotics product portfolio covers the entire spectrum of intralogistics operations, addressing the core functions of storage, sorting and transport. The Company's software systems include Warehouse Management System (WMS), Warehouse Control System (WCS), and Robot Control System (RCS).The Company’s products are sold to domestic and international market.",7128542925.14,913915759.63,12870742535.68,1650095196.88,166652155.0,38.95,30.079999923706055,36798000,613054680.0,78596753.85,36798000,427883729.0,427883729.0,16.4,20.4,16.66,6.5,,,84.27,44470131.87,4.87,32.0,30.700000762939453,34.97999954223633,29.0,-5.11,-2.93,1.95,11.02,True,2153.26,,,92.08,23227318.06,80.19,27554909.45,128.09,75896938.16,22/09/2026,,,,,,,80.55,,,,,,,,,,,,,,,False,5.0,107253.0,True,,,,2026-04-18,https://www1.hkexnews.hk/listedco/listconews/sehk/2026/0316/2026031600013.pdf,https://www1.hkexnews.hk/listedco/listconews/sehk/2026/0323/2026032301408.pdf,Guotai Junan Capital Limited / CITIC Securities (Hong Kong) Limited | Bookrunners/Lead Managers: IMPORTANT,False,True,True,,,,,,,,,,False,
12/11/2025,24/03/2026,02632,CNE100007J11,"Jiangsu New Vision Automotive Electronics Co., Ltd.",江蘇澤景汽車電子股份有限公司,Consumer Discretionary,Automobiles,Auto Parts,False,False,False,True,True,,,,,,,False,T+1,"Jiangsu New Vision Automotive Electronics Co Ltd is a China-based company primarily engaged in the research, development, production, and operation of Head Up Display (HUD) solutions. The Company provides a comprehensive solution that are primarily centered on CyberLens, the windshield HUD (W-HUD) solution, and CyberVision, the augmented reality HUD (AR-HUD) solution, supplemented by testing solutions and other innovative visual technology initiatives. The Company provides a full range of HUD platform-based HUD solutions, including CyberLens, CyberVision, testing solutions and other innovative initiatives. The Company's solution is mainly applied to the smart car market.",5454070757.2,699239840.67,8761125113.77,1123221168.43,41802249.0,38.34,80.3499984741211,16226500,717211300.0,91950166.67,16226500,123395266.0,109037029.0,,48.0,44.2,,,,-36.92,18655829.95,2.67,43.900001525878906,27.8799991607666,45.79999923706055,27.700000762939453,-5.11,-2.93,1.95,27.4,True,68.89,,,31.22,25206370.38,1.81,28688940.89,94.23,48518440.56,22/09/2026,,,,,,,81.79,,,,,,,,,,,,,,,False,30.0,31183.0,False,,,,,https://www1.hkexnews.hk/listedco/listconews/sehk/2026/0316/2026031600011.pdf,https://www1.hkexnews.hk/listedco/listconews/sehk/2026/0323/2026032301630.pdf,Haitong International Capital Limited. / CITIC Securities (Hong Kong) Limited,False,True,True,,,,,,,,,,False,
15/03/2026,30/03/2026,01021,CNE100007JB9,"Guangdong Huayan Robotics Co., Ltd.",廣東華沿機器人股份有限公司,Industrials,Industrial Engineering,Industrial Components & Equipment,False,False,False,True,True,,,,,,,False,T+1,"Guangdong Huayan Robotics Co Ltd is a China-based company primarily engaged in the research and development of collaborative robotics. The Company is engaged in the development, manufacturing and sale of collaborative robots and core motion components for industrial automation applications. The Company's products are applied in multiple industries such as computer, communication, and consumer electronics (3C), automotive, healthcare, metal processing and logistics. The Company mainly sells its robot hardware to customers in mainland China, Europe, the Americas, and other regions of Asia.",9241158860.0,1184763956.41,9539091306.51,1222960423.91,200609251.0,38.17,18.149999618530273,92902600,1808317200.0,231835538.46,92902600,543597580.0,539038780.0,17.0,17.0,17.0,,,,8.24,105656808.07,8.92,16.799999237060547,18.399999618530273,21.520000457763672,16.5,-7.06,-4.27,2.28292,19.71,,,"12,117,600 Offer Shares reallocated from the International Offering to the retail tranche via clawback, 17.4% of the Global Offering",17.4,7.47,33791371.72,5.41,51374316.18,15.35,187351823.05,28/09/2026,,,,,,,6.76,,,,,,,,,,,,,,,False,5.0,227070.0,True,China International Capital Corporation Hong Kong Securities Limited,,,2026-04-24,https://www1.hkexnews.hk/listedco/listconews/sehk/2026/0320/2026032000035.pdf,https://www1.hkexnews.hk/listedco/listconews/sehk/2026/0327/2026032703804.pdf,China International Capital Corporation Hong Kong Securities Limited /  Deutsche Securities Asia Limited,False,True,True,,,,,,,,,,False,
06/01/2026,30/03/2026,02526,CNE100007JC7,"Hangzhou Diagens Biotechnology Co., Ltd.",杭州德適生物科技股份有限公司,Healthcare,Other Healthcare,Medical Devices & Supplies,True,False,False,True,True,,,,,,,False,T+1,"Hangzhou Diagens Biotechnology Co Ltd is a China-based company specializing in the development of medical imaging products and services for medical devices. The Company mainly operates through three business segments. The Medical Imaging Software and Medical Devices segment mainly sells medical imaging software and medical devices. The Technology Licensing segment mainly collects licensing fees from customers (currently including digital infrastructure service providers, research institutions, medical technology companies, and medical institutions) for using iMedImage foundation model through iMedMaaS platform. The Analysis and Consulting Services segment mainly provides consulting services to clients (mainly hospitals) based on the test results of chromosome karyotyping analysis. The Company's main products include artificial intelligence (AI) AutoVision.",8799040800.0,1128082153.85,27534775075.05,3530099368.6,35898309.0,40.39,309.79998779296875,7999200,791920800.0,101528307.69,7999200,88879200.0,88879200.0,95.6,112.5,99.0,20.1,,,111.72,60201421.24,5.34,219.0,209.6000061035156,226.0,191.0,-7.06,-4.27,2.28292,14.64,True,1073.37,,10.0,136.36,48910347.56,202.02,102082884.23,190.91,210204555.17,28/09/2026,,,,,,,212.93,,,,,,,,,,,,,,,False,3.0,115017.0,False,,,,,https://www1.hkexnews.hk/listedco/listconews/sehk/2026/0320/2026032000025.pdf,https://www1.hkexnews.hk/listedco/listconews/sehk/2026/0327/2026032702330.pdf,Huatai Financial Holdings (Hong Kong) Limited,False,True,False,,,,,,,,,,False,
14/10/2025,30/03/2026,02726,CNE100007J37,"Epiworld International Co., Ltd.",瀚天天成電子科技(廈門)股份有限公司,Information Technology,Semiconductors,Semiconductor Equipment & Materials,False,False,False,True,True,,,,,,,False,T+1,"Epiworld International Co Ltd is a China-based company primarily engaged in the engaged in the research and development, mass production and sales of Silicon Carbide (SiC) epitaxial wafers. TheCompany's products primarily include various sizes of SiC epitaxial wafers including 4-inch, 6-inch and 8-inch. The Company is also engaged in the provision of SiC epitaxial wafer processing services. The products are primarily used in electric vehicles, charging infrastructure, renewable energy, energy storage systems, as well as emerging applications such as household appliances, artificial intelligence computing power and data centers, smart grids and electric vertical take-off and landing aircraft (eVTOL) and other fields. The Company operates its businesses in the domestic market and overseas markets.",32455097610.6,4160909950.08,13747571562.14,1762509174.63,53340244.0,44.85,115.5999984741211,21492050,1638983733.0,210126119.62,21492050,425584810.0,118923631.0,76.26,76.26,76.26,,,,35.06,32639247.44,0.78,110.0,103.0,116.0,92.3000030517578,-7.06,-4.27,2.28292,36.15,True,50.66,,,39.92,10053001.19,51.19,17624385.93,35.85,63192997.07,28/09/2026,,,,,,,51.59,,,,,,,,,,,,,,,False,20.0,45084.0,False,,,,,https://www1.hkexnews.hk/listedco/listconews/sehk/2026/0320/2026032000029.pdf,https://www1.hkexnews.hk/listedco/listconews/sehk/2026/0327/2026032702128.pdf,China International Capital Corporation Hong Kong Securities Limited,False,True,False,,,,,,,,,,False,
20/01/2026,30/03/2026,06636,CNE100007J94,"Shandong Extreme Vision Technology Co., Ltd.",山東極視角科技股份有限公司,Information Technology,Software & Services,Digital Solution Services,False,False,False,True,True,,,,,,,False,T+1,"Shenzhen Extrem Vision Technology Co Ltd is a software publisher. The Company was founded in June 2015 and is located in Shenzhen, China.",4516591320.0,579050169.23,9662309496.0,1238757627.69,30588484.0,27.23,86.0,12480000,499200000.0,64000000.0,12480000,112914783.0,112352436.0,40.0,40.0,40.0,,,,150.0,102896474.36,17.77,59.95000076293945,100.0,100.0,56.0,-7.06,-4.27,2.28292,40.47,True,4591.37,,20.0,149.25,87431429.27,164.0,137927631.59,153.75,312000031.91,28/09/2026,,,,,,,115.0,,,,,,,,,,,,,,,False,10.0,159089.0,False,,,,,https://www1.hkexnews.hk/listedco/listconews/sehk/2026/0320/2026032000097.pdf,https://www1.hkexnews.hk/listedco/listconews/sehk/2026/0327/2026032703232.pdf,CITIC Securities (Hong Kong) Limited,False,True,False,,,,,,,,,,False,
11/11/2025,31/03/2026,00664,CNE100007J78,"Hangzhou Tongshifu Cultural and Creative (Group) Co., Ltd.",杭州銅師傅文創(集團)股份有限公司,Consumer Discretionary,Household Goods & Electronics,Toys & Leisure Products,False,False,False,True,True,,,,,,,False,T+1,"Hangzhou Tongshifu Cultural and Creative (Group) Co Ltd is a China-based company principally engaged in research and development, production and sale of cultural and creative products made of copper, plastics, silver, gold and wooden. The Company's products primarily include copper-based cultural and creative products such as copper ornaments and copper engraved artworks, plastic figures and toys, silver cultural and creative products, gold cultural and creative products, as well as wooden cultural and creative products. The Company primarily distributes its products within the domestic market.",3864408000.0,495436923.08,1043550189.26,133788485.8,9565698.0,15.37,16.770000457763672,7406800,444408000.0,56975384.62,7406800,64406800.0,62227201.0,60.0,68.0,60.0,0.0,,,-49.17,11328012.82,2.29,35.41999816894531,30.5,42.0,30.260000228881836,-6.92,-3.29,2.23506,53.62,True,59.55,,15.0,-53.27,11397448.72,-53.17,14261859.02,-62.1,20260594.32,29/09/2026,,,,,,,-72.05,,,,,,,,,,,,,,,False,2.78,26280.0,True,,,,2026-04-25,https://www1.hkexnews.hk/listedco/listconews/sehk/2026/0323/2026032300037.pdf,https://www1.hkexnews.hk/listedco/listconews/sehk/2026/0330/2026033003120.pdf,CMB International Capital Limited,False,True,False,,,,,,,,,,False,
15/03/2026,31/03/2026,03625,,"Shanghai FourSemi Semiconductor Co., Ltd.",上海傅里葉半導體股份有限公司,,,,False,False,False,True,True,,,,,,,False,T+1,,4480000000.0,574358974.36,10778488221.59,1381857464.31,31604000.0,28.5,97.1999969482422,12000000,480000000.0,61538461.54,12000000,112000000.0,,40.0,50.0,40.0,0.0,,,100.0,50198974.36,8.74,85.05000305175781,80.0,87.0,78.0,-6.92,-3.29,2.23506,51.17,True,3118.43,"1,800,000 Offer Shares reallocated from the International Offering to the retail tranche via clawback (600,000 -> 2,400,000 Shares), 20.0% of the Global Offering",20.0,161.75,24779900.12,226.25,42414116.9,228.25,128338090.99,29/09/2026,,,,,,,143.0,,,,,,,,,,,,,,,False,5.0,118537.0,False,,,,,https://www1.hkexnews.hk/listedco/listconews/sehk/2026/0323/2026032300023.pdf,https://www1.hkexnews.hk/listedco/listconews/sehk/2026/0330/2026033003564.pdf,"Guotai Junan Capital Limited / Orient Capital (Hong Kong) Limited | Bookrunners/Lead Managers: Hong Kong Exchanges and Clearing Limited, The Stock Exchange of Hong Kong Limited and Hong Kong Securities Clearing Company Limited take no responsibility for the contents of / IMPORTANT",False,True,True,,,,,,,,,,False,
09/03/2026,16/04/2026,06656,CNE100007JX3,"Sigenergy Technology Co., Ltd.",思格新能源（上海）股份有限公司,Industrials,Industrial Engineering,Energy Storage Units,False,False,False,True,True,,,,,,,False,T+1,"Sigenergy Technology Co Ltd is a China-based company primarily engaged in the research, development, application, production, and sales of smart renewable energy solutions. The Company's main products include the five-in-one solution SigenStor, energy gateways, as well as other products such as alternating current chargers and accessories. The Company is also engaged in the development of the mySigen mobile application (App). The Company's products are primarily used in residential, commercial, industrial, and utility-scale applications. The Company distributes its products within the domestic market and to overseas markets.",80011564706.0,10257892911.03,51008247361.23,6539518892.47,22685574.0,16.0,359.79998779296875,13573900,5060729580.0,648811484.62,13573900,246796930.0,141768341.0,324.2,324.2,324.2,,,,103.42,652213624.17,6.36,581.0,659.5,669.0,560.5,2.03,-1.68,2.34571,69.52,True,1102.05,,,67.03,292025845.26,73.66,376691581.09,60.09,754156117.95,15/10/2026,,,,,,,10.98,5.0,,False,False,False,,,,,,,,,,False,2.0,202730.0,True,CLSA Limited,0.0,,2026-05-13,https://www1.hkexnews.hk/listedco/listconews/sehk/2026/0408/2026040800017.pdf,https://www1.hkexnews.hk/listedco/listconews/sehk/2026/0415/2026041501574.pdf,CITIC Securities (Hong Kong) Limited / BNP Paribas Securities (Asia) Limited,True,True,True,,,,,,,,,,False,
19/12/2025,17/04/2026,03277,CNE100007JZ8,Gpixel Changchun Microelectronics Inc.,長春長光辰芯微電子股份有限公司,Information Technology,Semiconductors,Semiconductors,False,False,False,True,True,,,,,,,False,T+1,"Gpixel Changchun Microelectronics Inc is a China-based company primarily engaged in the design, development, testing, and sales of complementary metal-oxide semiconductor (CMOS) image sensors (CIS). The Company’s CMOS image sensors can be categorized into area array sensors and linear array sensors. The Company’s products are mainly used for industrial imaging, scientific imaging, professional photography and video, and medical imaging. The Company also offers customized CMOS image sensor solutions. These tailored services encompass feasibility studies, detailed sensor design, ceramic packaging design, electronic system development, prototype fabrication, functional testing, and reliability verification.",17359532696.0,2225581114.87,33403518600.0,4282502384.62,61020400.0,20.28,111.0,65294200,2994521404.0,383913000.51,65294200,435294200.0,300932600.0,39.88,39.88,39.88,,,,75.53,251487914.1,11.3,72.0,70.0,85.0,66.6500015258789,0.52,-2.55,2.55143,67.86,True,1138.21,Claw-back not triggered (subscription level below the reallocation threshold),,109.38,376659666.6,112.39,473400306.89,113.14,824023941.58,16/10/2026,,,,,,,178.34,,,,,,,,,,,,,,,False,1.0,,True,CLSA Limited,0.0,,2026-05-14,https://www1.hkexnews.hk/listedco/listconews/sehk/2026/0409/2026040900047.pdf,https://www1.hkexnews.hk/listedco/listconews/sehk/2026/0416/2026041602158.pdf,CITIC Securities (Hong Kong) Limited/ Guotai Junan Capital Limited | Bookrunners/Lead Managers: IMPORTANT,False,True,True,,,,,,,,,,False,
24/02/2026,17/04/2026,00068,KYG5860M1024,Manycore Tech Inc.,,Information Technology,Software & Services,Application Software,False,False,False,False,True,,,,,,,False,T+1,"Manycore Tech Inc is a holding company primarily engaged in the development of cloud-native spatial design software. The Company’s software products include Kujiale, Coohom, SpatialVerse, SpatialTwin, Aholo, LuxReal. The products provide drag-and-drop three-dimensions (3D) design, real-time rendering, dataset generation, simulation environments, digital twin modeling, and artificial intelligence (AI)-assisted 3D reconstruction and content creation. The Company is also engaged in the provision of modeling services, technical deployment services, and customer trainings. The Company’s software is primarily used in various business scenarios, including residences, office buildings, retail stores and commercial projects. The Company primarily operates its businesses in the domestic market and overseas markets.",12954814120.8,1660873605.23,19659334326.65,2520427477.78,89147197.0,5.24,11.550000190734863,160619000,1407501630.0,180448926.92,160619000,1700106840.0,1726199340.0,6.72,7.62,7.62,100.0,,,144.09,320702663.58,19.31,20.700000762939453,18.600000381469727,21.86000061035156,16.5,0.52,-2.55,2.55143,75.96,True,1590.56,,10.0,390.81,1171467113.1,273.75,1393864051.03,153.94,2043332732.67,16/10/2026,,,,,,,51.57,9.0,,False,False,False,,,,,,,,,,False,3.0,240700.0,True,J.P. Morgan Securities (Asia Pacific) Limited,0.0,,2026-05-14,https://www1.hkexnews.hk/listedco/listconews/sehk/2026/0409/2026040900025.pdf,https://www1.hkexnews.hk/listedco/listconews/sehk/2026/0416/2026041601684.pdf,J.P. Morgan Securities (Far East) Limited/  CCB International Capital Limited,True,True,True,,,,,,,,,,False,
24/02/2026,21/04/2026,02476,CNE100007JY1,"Victory Giant Technology (HuiZhou) Co., Ltd.",勝宏科技(惠州)股份有限公司,Industrials,Industrial Engineering,Electronic Components,False,False,False,True,True,,,,,,,False,T+1,"Victory Giant Technology (HuiZhou) Co Ltd is a China-based company primarily engaged in the research, development, production, and sales of high-density printed circuit boards (PCBs). The Company’s main products include high-end multilayer boards, high-density interconnect (HDI) boards, flexible printed circuit boards (FPCs), and rigid-flex PCBs. These products are mainly used in fields such as artificial intelligence, new energy vehicle electronics, next-generation communication technologies, big data centers, industrial internet, medical instruments, computers, and aerospace. The Company primarily operates in both domestic and foreign markets.",203249326852.44,26057606006.72,38513487827.22,4937626644.52,617175834.0,559.91,349.3999938964844,95850000,23134547700.0,2965967653.85,95850000,968407313.0,110227500.0,,209.88,209.88,,,,50.09,1365904292.31,5.24,330.0,315.0,336.20001220703125,302.0,4.79,-0.37,2.44286,74.78,True,431.15,,,50.37,844373789.64,42.94,1125235687.08,67.33,4130682392.31,20/10/2026,,,,,,,66.48,,,,,,,,,,,,,,,False,0.71,250606.0,True,J.P. Morgan Securities (Asia Pacific) Limited,0.0,,2026-05-16,https://www1.hkexnews.hk/listedco/listconews/sehk/2026/0413/2026041300005.pdf,https://www1.hkexnews.hk/listedco/listconews/sehk/2026/0420/2026042001650.pdf,J.P. Morgan Securities (Far East) Limited / China Securities (International) Corporate Finance Company Limited / GF Capital (Hong Kong) Limited,True,True,True,,,,,,,,,,True,
23/03/2026,23/04/2026,03296,CNE100007KJ0,"Huaqin Co., Ltd.",華勤技術股份有限公司,Information Technology,IT Hardware,Consumer Telecommunication Equipment,False,False,False,True,True,,,,,,,False,T+1,"Huaqin Co Ltd is a China-based company primarily engaged in the research, design, manufacturing, and operation services of smart hardware products. The Company’s main businesses include mobile terminals, computing and data centers, artificial intelligence and the Internet of Things (AIoT), and innovative businesses. The mobile terminals business provides smartphones, tablets, and smart wearables. The computing and data center business provides personal computer products and digital infrastructure products. The AIoT business provides intelligent hardware and smart home devices. The innovative businesses provide automotive electronics, robotics, software, and smart industrial products. The Company mainly operates its businesses in the domestic and overseas markets.",83471598268.8,10701486957.54,6442845832.17,826005875.92,376108523.0,399.0,68.3499984741211,67330400,5231572080.0,670714369.23,67330400,1074280544.0,94262560.0,,77.7,77.7,,,,-19.1,277531670.54,2.59,62.53571319580078,62.85714340209961,64.96428680419922,60.71428680419922,3.4,-3.12,2.48577,94.63,True,531.33,,,-15.89,171661567.59,-16.34,267299516.69,6.11,595774334.57,22/10/2026,,,,,,,-12.03,,,,,,,,,,,,,,,False,12.0,140150.0,True,China International Capital Corporation Hong Kong Securities Limited,0.0,,2026-05-20,https://www1.hkexnews.hk/listedco/listconews/sehk/2026/0415/2026041500011.pdf,https://www1.hkexnews.hk/listedco/listconews/sehk/2026/0422/2026042202072.pdf,China International Capital Corporation Hong Kong Securities Limited /  Merrill Lynch (Asia Pacific) Limited,True,True,True,,,,,,,,,,True,
30/03/2026,28/04/2026,01879,,"Shanghai Xizhi Technology Co., Ltd.",上海曦智科技股份有限公司,,,,False,True,False,True,True,,,,,,,False,T+1,,16848555370.4,2160071201.33,32277241920.0,4138107938.46,39720423.0,51.69,420.0,13795215,2906375484.0,372612241.54,13795215,91968097.0,,166.6,183.2,183.2,100.0,,,383.62,1051876238.46,48.7,880.0,886.0,996.0,807.0,2.92,-7.72,2.43667,70.81,True,5784.7,,,412.01,424439409.23,384.99,638480543.65,253.44,1328789066.28,27/10/2026,,,,,,,129.26,,,,,,,,,,,,,,,False,6.0,378085.0,True,China International Capital Corporation Hong Kong Securities Limited,0.0,,2026-05-23,https://www1.hkexnews.hk/listedco/listconews/sehk/2026/0420/2026042000021.pdf,https://www1.hkexnews.hk/listedco/listconews/sehk/2026/0427/2026042703526.pdf,"China International Capital Corporation Hong Kong Securities Limited /  Haitong International Capital Limited | Bookrunners/Lead Managers: Hong Kong Exchanges and Clearing Limited, The Stock Exchange of Hong Kong Limited and Hong Kong Securities Clearing Company Limited take no",False,True,True,,,,,,,,,,False,
25/03/2026,28/04/2026,02493,CNE100007HT5,"Mabwell (Shanghai) Bioscience Co., Ltd.",邁威（上海）生物科技股份有限公司,Healthcare,Pharmaceuticals & Biotechnology,Biotechnology,True,False,False,True,True,,,,,,,False,T+1,"Mabwell (Shanghai) Bioscience Co Ltd is a China-based company principally engaged in the research and development of new molecular entity drugs. The Company’s business includes the research, development, transfer, technical services for and production and sales of new pharmaceutical and chemical technologies and new pharmaceutical products. The Company owns one Core Product 9MW2821 (bulumtatug fuvedotin) (BFv), a Nectin cell adhesion molecule 4 (Nectin-4) targeting antibody-drug conjugate (ADC) (the Nectin-4 targeting ADC). The Company sells pharmaceutical products to third-party contract sales organizations. Its out-licensing arrangements business includes Licenses of intellectual property rights, research and development services, milestone payments and royalties.",12347622728.0,1583028554.87,1099076249.62,140907211.49,216546500.0,459.46,23.31999969482422,47130200,1302678728.0,167010093.33,47130200,446730200.0,47130200.0,27.64,30.71,27.64,0.0,,,-5.86,5472873.43,0.35,26.63999938964844,26.020000457763672,27.0,26.0,2.92,-7.72,2.43667,126.85,True,481.71,,10.0,-8.1,10383968.94,-9.84,12300168.97,-11.36,64101053.0,27/10/2026,,,,,,,-15.63,,,,,,,,,,,,,,,False,1.0,126378.0,False,,,,,https://www1.hkexnews.hk/listedco/listconews/sehk/2026/0420/2026042000011.pdf,https://www1.hkexnews.hk/listedco/listconews/sehk/2026/0427/2026042703128.pdf,CITIC Securities (Hong Kong) Limited /  Haitong International Capital Limited,False,True,True,,,,,,,,,,True,
13/01/2026,29/04/2026,06810,CNE100007HW9,"Shanghai Sunmi Technology Co., Ltd.",上海商米科技集團股份有限公司,Information Technology,IT Hardware,Computers & Peripherals,False,False,False,True,True,,,,,,,False,T+1,"Shanghai Sunmi Technology Co Ltd is a China-based company primarily engaged in the design, research and development, production and sales of smart devices, along with the provision of Platform as a Service (PaaS) platform and customization services. Its smart devices include smart desktop devices, smart mobile devices, smart payment devices and accessories and parts. The Company offers a comprehensive suite of smart devices, covering restaurant, supermarket, sport and fitness, clinic and delivery. The Company distributes its products through an omnichannel approach, both online and offline. The Company distributes its products within domestic market and to overseas markets.",10009302248.0,1283243877.95,20644487843.53,2646729210.71,58428000.0,19.22,67.9000015258789,42626800,1059702248.0,135859262.56,42626800,402626800.0,299000456.0,24.86,24.86,24.86,,,,241.11,127780536.7,9.96,97.5,84.80000305175781,99.8000030517578,80.6500015258789,5.5,-6.64,2.43387,139.68,True,2003.16,,10.0,213.35,22400761.34,216.57,30079074.26,199.28,71909187.24,28/10/2026,,,,,,,173.13,,,,,,,,,,,,,,,False,5.0,204939.0,False,,,,,https://www1.hkexnews.hk/listedco/listconews/sehk/2026/0421/2026042100017.pdf,https://www1.hkexnews.hk/listedco/listconews/sehk/2026/0428/2026042804737.pdf,Deutsche Securities Asia Limited /  CITIC Securities (Hong Kong) Limited /  ABCI Capital Limited,False,True,True,,,,,,,,,,False,
03/03/2026,05/05/2026,01609,CNE100007KK8,"Star Sports Medicine Co., Ltd.",北京天星醫療股份有限公司,Healthcare,Other Healthcare,Medical Devices & Supplies,False,False,False,True,True,,,,,,,False,T+1,"Star Sports Medicine Co Ltd is a China-based company primarily engaged in the research, development, production, and sales of medical devices and equipment in the field of sports medicine. Utilizing biomaterials platform, imaging dynamics platform, intelligent medicine platform and tissue engineering platforms, the Company provides sports medicine solutions for doctors and patients. These solutions include treatments for soft tissue injuries such as rotator cuff, ligament, and meniscus injuries in the shoulder, knee, hip, foot, ankle, elbow, and hand, wrist and comprehensive solutions for sports rehabilitation and prevention. The Company's products include implants, surgical equipment and related consumables and surgical utility carts and regenerative repair products for joint soft tissues. The Company primarily conducts its businesses in domestic and overseas markets.",5400887384.0,692421459.49,8498858320.0,1089597220.51,11754133.0,21.44,155.0,8421850,829552225.0,106352849.36,8421850,54831344.0,54831344.0,98.5,98.5,98.5,,,,118.27,89355350.64,12.9,288.0,215.0,299.0,202.0,3.11,-3.53,2.48887,163.93,True,7823.13,,10.0,104.06,24376341.52,102.44,30634525.79,94.21,60315295.47,03/11/2026,,,,,,,57.36,,,,,,,,,,,,,,,False,1.5,300735.0,False,,,,,https://www1.hkexnews.hk/listedco/listconews/sehk/2026/0424/2026042400053.pdf,https://www1.hkexnews.hk/listedco/listconews/sehk/2026/0504/2026050403728.pdf,CITIC Securities (Hong Kong) Limited /  CCB International Capital Limited | Bookrunners/Lead Managers: IMPORTANT,False,True,True,,,,,,,,,,False,
16/03/2026,06/05/2026,01187,CNE100007KH4,"Cofoe Medical Technology Co., Ltd.",可孚醫療科技股份有限公司,Healthcare,Other Healthcare,Medical Devices & Supplies,False,False,False,True,True,,,,,,,False,T+1,"Cofoe Medical Technology Co Ltd is a China-based company primarily engaged in the research and development, manufacturing and sales of home care medical devices. The Company's products mainly cover five areas. The rehabilitation aids products include orthopedic and posture correction products, hearing aids and others. The medical care products include dressing products, infection control products and others. The health monitoring products include thermometer, blood glucose &uric acid monitor and others. The respiratory support products include ventilator, nebulizer and others. The tradition Chinese medicine (TCM) therapy and other products include TCM physiotherapy devices, household and personal care products, mother and infant products, daily necessities and dietary supplement products. The Company is also engaged in offering logistics and warehousing services, and online store management services. The Company conducts its business in the domestic and overseas markets.",9277829010.0,1189465257.69,796500000.0,102115384.62,97344724.0,360.54,29.5,27000000,1061910000.0,136142307.69,27000000,235897000.0,27000000.0,,39.33,39.33,,,,-1.09,55784088.37,4.69,39.84000015258789,38.900001525878906,41.0,35.5,4.37,-2.5,2.47845,180.98,True,399.08,,,-3.38,16678592.13,-6.69,20837982.0,-20.93,50254488.36,04/11/2026,,,,,,,-24.99,,,,,,,,,,,,,,,False,5.0,105939.0,False,,,,,https://www1.hkexnews.hk/listedco/listconews/sehk/2026/0427/2026042700013.pdf,https://www1.hkexnews.hk/listedco/listconews/sehk/2026/0505/2026050501942.pdf,Huatai Financial Holdings (Hong Kong) Limited / BNP Paribas Securities (Asia) Limited,True,True,True,,,,,,,,,,True,
01/12/2025,11/05/2026,01236,,"SHENZHEN LDROBOT CO., LTD",,,,,False,False,False,True,True,,,,,,,False,T+1,,8786668424.0,1126495951.79,11433335365.69,1465812226.37,7055400.0,2.12,34.29999923706055,33333400,878668424.0,112649797.95,33333400,333333400.0,,,30.0,26.36,,,,127.62,112763269.23,10.01,53.5,60.0,66.0,50.29999923706055,1.98,-2.86,2.68387,185.48,True,6707.66,,10.0,71.93,35683425.76,56.68,44977069.53,52.12,70505060.67,09/11/2026,,,,,,,30.12,,,,,,,,,,,,,,,False,0.8,296740.0,True,,,,2026-06-05,https://www1.hkexnews.hk/listedco/listconews/sehk/2026/0430/2026043000099.pdf,https://www1.hkexnews.hk/listedco/listconews/sehk/2026/0508/2026050801854.pdf,Haitong International Capital Limited / Guotai Junan Capital Limited,False,True,True,,,,,,,,,,False,
27/03/2026,13/05/2026,07630,CNE100007LG4,"IMPACT Therapeutics, Inc",南京英派藥業股份有限公司,Healthcare,Pharmaceuticals & Biotechnology,Biotechnology,True,False,False,True,True,,,,,,,False,T+1,"IMPACT Therapeutics Inc is a China-based company mainly engaged in biotechnology research and commercialization. The Company is in the commercialization stage. The Company is committed to advancing synthetic lethality (SL)-based precision anti-cancer therapies globally. The Company's independently developed core product, senaparib, in China as a 1L maintenance therapy for ovarian cancer (OC). The Company is currently developing product pipeline packages such as PARP1/2, PARP1, ATR, WEE1, PKMYT1/WEE1, DHX9, ATM, USP1, and CHK1/2.",5550919113.0,711656296.54,9964038396.07,1277440820.01,87904856.0,31.83,36.08000183105469,48273400,970295340.0,124396838.46,48273400,276165130.0,282461530.0,19.75,21.75,20.1,17.5,,,108.26,81224350.92,11.41,35.5,41.86000061035156,45.79999923706055,33.099998474121094,2.84,-2.38,2.7,121.48,True,2282.4,,10.0,89.85,19888773.19,86.27,24391649.98,84.08,65750480.31,11/11/2026,,,,,,,79.5,7.0,,False,False,False,,,,,,,,,,False,1.5,221788.0,True,Goldman Sachs (Asia) L.L.C.,0.0,,2026-06-07,https://www1.hkexnews.hk/listedco/listconews/sehk/2026/0505/2026050500023.pdf,https://www1.hkexnews.hk/listedco/listconews/sehk/2026/0512/2026051201406.pdf,Goldman Sachs (Asia) L.L.C. / China International Capital Corporation Hong Kong Securities Limited,True,True,True,,,,,,,,,,False,
25/03/2026,13/05/2026,07666,CNE100007LD1,"Metis TechBio Co., Ltd.",劑泰科技(北京)股份有限公司,Healthcare,Pharmaceuticals & Biotechnology,Biotechnology,False,True,False,True,True,,,,,,,False,T+1,"Metis TechBio Co Ltd, formerly Metis Technology (Hangzhou)Co Ltd is an investment holding company primarily engaged in the research and development of artificial intelligence (AI)-driven nanomaterial platform technologies. The Company's NanoForge integrated platform forms the foundation of AI-driven nanotechnology innovation system, encompassing lipid libraries, AI foundational models, METiS AI agents, quantum chemistry and molecular dynamics simulations, and AI-driven screening platforms. The Company is also engaged in the development of solution platforms, including the AI ​​small molecule formulation design platform AiTEM, the AI ​​nanodelivery system design platform AiLNP, and the AI ​​messenger ribonucleic acid (mRNA) sequence design platform AiRNA. The Company primarily operates its business in the domestic market and the United States market.",12101395425.0,1551460951.92,16636570933.1,2132893709.37,523610092.0,48.34,15.359999656677246,231413000,2429836500.0,311517500.0,231413000,1152513850.0,1083110111.0,10.5,10.5,10.5,,,,126.67,257971127.06,16.63,28.68000030517578,23.799999237060547,29.979999542236328,22.5,2.84,-2.38,2.7,118.83,True,6910.96,,,122.48,116604198.66,71.43,167037397.96,22.29,267346939.8,11/11/2026,,,,,,,46.29,,,,,,,,,,,,,,,False,0.14,383309.0,True,CLSA Limited,0.0,,,https://www1.hkexnews.hk/listedco/listconews/sehk/2026/0505/2026050500019.pdf,https://www1.hkexnews.hk/listedco/listconews/sehk/2026/0512/2026051201482.pdf,Jefferies Hong Kong Limited /  Deutsche Securities Asia Limited / CITIC Securities (Hong Kong) Limited | Bookrunners/Lead Managers: IMPORTANT,True,True,True,,,,,,,,,,False,
13/01/2026,18/05/2026,06871,CNE100007M73,"Robotphoenix Intelligent Technology Co., Ltd.",浙江翼菲智能科技股份有限公司,Industrials,Industrial Engineering,Industrial Components & Equipment,False,False,False,True,True,,,,,,,False,T+1,"Robotphoenix Intelligent Technology Co Ltd is a China-based company mainly engaged in the design, development, manufacturing and commercialization of industrial robots. The products mainly include Bat series parallel robots, Camel series automated guided vehicles (AGV) and autonomous mobile robots (AMR), Python series selective compliance assembly robot arm (SCARA) robots, Lobster series wafer handling robots, Mantis series six-axis robots, Gorilla series universal controllers and Kingkong series dedicated controllers. The Company also provides integrated robotics solutions based on intelligent automation systems for automation functions such as loading and unloading, sorting, picking and placing, packing, assembly, and gluing systems. The products are primarily used in consumer electronics, automotive components and new energy, healthcare, fast moving consumer goods (FMCG) and semiconductor industries. The Company operates its businesses in the domestic market and overseas markets.",7471096024.0,957832823.59,4962767447.75,636252236.89,66123819.0,26.99,20.260000228881836,24600000,750300000.0,96192307.69,24600000,244953968.0,244953968.0,30.5,30.5,30.5,,,,76.23,87320010.42,9.12,54.650001525878906,53.75,59.650001525878906,52.0,-1.85,-3.86,2.62619,95.94,True,14855.4,,20.0,3.28,42782334.5,12.72,60507047.62,19.54,227312069.39,16/11/2026,,,,,,,-33.57,,,,,,,,,,,,,,,False,3.0,330334.0,False,,,,,https://www1.hkexnews.hk/listedco/listconews/sehk/2026/0508/2026050800015.pdf,https://www1.hkexnews.hk/listedco/listconews/sehk/2026/0515/2026051502141.pdf,ABCI Capital Limited,False,False,False,,,,,,,,,,False,
28/11/2025,20/05/2026,01511,CNE100007LH2,"UISEE Technologies (Beijing) Co., Ltd.",馭勢科技（北京）股份有限公司,Information Technology,Software & Services,Digital Solution Services,False,False,False,True,True,,,,,,,False,T+1,"UISEE Technologies (Beijing) Co Ltd is a China-based company primarily engaged in providing autonomous driving solutions for Level 4 (L4) autonomous driving technology. The Company focuses on commercial vehicles in closed scenarios especially at airports and factories, and solutions are all-scenario, having been applied to both open and closed scenarios featuring logistics, operation and mobility vehicles, and encompassing autonomous driving levels from Level 2 (L2) to L4. The Company's products include autonomous driving solutions that serve corporate customers such as airports, factories, as well as commercial and passenger car manufacturers, including autonomous driving vehicle solutions, autonomous driving kit solutions, autonomous driving software solutions and autonomous driving vehicle leasing services. The Company primarily conducts its businesses in the domestic and overseas markets.",9797846706.0,1256134193.08,12260687287.5,1571882985.58,63931488.0,50.45,96.75,14461200,872010360.0,111796200.0,14461200,162485020.0,126725450.0,60.3,60.3,60.3,,,,-4.64,46376330.13,3.69,56.0,57.5,61.5,50.0,-2.69,-3.95,2.57262,87.54,True,6777.29,"2,169,150 Offer Shares reallocated from the International Offering to the retail tranche via clawback (723,100 -> 2,892,250 Shares)",,7.96,35191369.8,22.31,55699947.74,59.2,113090870.58,18/11/2026,,,,,,,60.45,,,,,,,,,,,,,,,False,5.0,285972.0,False,,,,,https://www1.hkexnews.hk/listedco/listconews/sehk/2026/0512/2026051200147.pdf,https://www1.hkexnews.hk/listedco/listconews/sehk/2026/0519/2026051901257.pdf,CITIC Securities (Hong Kong) Limited,False,True,False,,,,,,,,,,False,
26/11/2025,20/05/2026,07688,CNE100007N64,"Shanghai Top Numerical Control Technology Co., Ltd.",上海拓璞數控科技股份有限公司,Industrials,Industrial Engineering,Industrial Components & Equipment,False,False,False,True,True,,,,,,,False,T+1,"Shanghai Top Numerical Control Technology Co Ltd is a China-based company primarily engaged in the research, design, production, and sales of intelligent manufacturing equipment comprising primarily five-axis Computer Numerical Control (CNC) machine tools. The Company's products include aerospace intelligent manufacturing equipment, compact general-purpose five-axis machine tools, and large-size carbon fiber composite five-axis machine tools. The Company also provides repair and maintenance services. The Company's products are used in industries such as aerospace, automotive, energy, medical equipment, shipbuilding, machine tools and mold manufacturing. The Company primarily conducts its businesses in the domestic market.",10800946438.1,1384736722.83,9203915599.85,1179989179.47,143675542.0,37.68,24.13999938964844,65330000,1982667505.0,254188141.67,65330000,409281790.0,381272404.0,26.39,26.39,26.39,,,,79.99,246860751.92,17.83,37.0,47.5,48.400001525878906,33.79999923706055,-2.69,-3.95,2.57262,86.83,True,3764.63,,10.0,40.2,102408187.97,35.66,118603303.05,9.13,177569620.57,18/11/2026,,,,,,,-8.53,,,,,,,,,,,,,,,False,8.0,344049.0,True,Guotai Junan Securities (Hong Kong) Limited,0.0,,"14 June 2026 being the 30th day after the last day for lodging applications under the Hong Kong Public Offering. Further information on the stabilizing actions undertaken by Guotai Junan Securities (Hong Kong) Limited, the Stabilizing Manager, or its affiliates or any person acting for it, during the stabilization period is set out in this announcement. FULL EXERCISE OF THE OVER-ALLOTMENT OPTION The Company announces that the Over-allotment Option described in the Prospectus has been fully exercised by the Overall Coordinators (for themselves and on behalf of the International Underwriters), on 14 June 2026, in respect of an aggregate of 9,799,500 H Shares (the “Over- allotment Shares”), representing approximately 15% of the total number of the Offer Shares initially available under the Global Offering before any exercise of the Over-allotment Option. The Over-allotment Shares will be issued and allotted by the Company pursuant to the full exercise of the Over-allotment Option at HK$26.39 per H Share (exclusive of brokerage of 1.0%, SFC transaction levy of 0.0027%, AFRC transaction levy of 0.00015% and the Stock Exchange trading fee of 0.00565%), being the Offer Price per H Share under the Global Offering. The Over-allotment Shares will be used to facilitate the delivery of part of H Shares to the placees who agreed to delayed delivery of the relevant H Shares subscribed by it under the Global Offering. – 2 – APPROVAL FOR LISTING Approval for the listing of and permission to deal in the Over-allotment Shares has already been granted by the Listing Committee of the Stock Exchange. Listing of and dealings in the Over-allotment Shares are expected to commence on the Main Board of the Stock Exchange at 9:00 a.m. on 17 June 2026. SHAREHOLDING STRUCTURE OF THE COMPANY UPON COMPLETION OF THE FULL EXERCISE OF THE OVER-ALLOTMENT OPTION The shareholding structure of the Company immediately before and immediately after the completion of the issue and allotment of the Over-allotment Shares pursuant to the full exercise of the Over-allotment Option is as follows: Immediately before the issue Immediately after the issue of the Over-allotment Shares of the Over-allotment Shares Approximate Approximate percentage of the percentage of the Number of Company’s issued Number of Company’s issued Description of Shares Shares share capital Shares share capital Domestic Shares 37,808,886 9.2% 37,808,886 9.0% H Shares converted from Domestic Shares 306,142,904 74.8% 306,142,904 73.1% H Shares issued under the Global Offering 65,330,000 16.0% 65,330,000 15.6% H Shares issued upon full exercise of the Over-allotment Option – – 9,799,500 2.3% Total 409,281,790 100.00% 419,081,290 100.00% USE OF PROCEEDS The Company will receive additional net proceeds of approximately HK$248.2 million from the Over-allotment Shares to be issued and allotted upon the full exercise of the Over- allotment Option after deduction of the estimated underwriting fees and commissions and expenses payable by the Company in connection with the Global Offering. The additional net proceeds will be allocated by the Company on a pro rata basis to the purposes as set out in the section headed “Future Plans and Use of Proceeds” in the Prospectus. – 3 – STABILIZING ACTIONS AND END OF THE STABILIZATION PERIOD Pursuant to section 9(2) of the Securities and Futures (Price Stabilizing) Rules (Chapter 571W of the Laws of Hong Kong), the Company announces that the stabilization period in connection with the Global Offering ended on Sunday, 14 June 2026",https://www1.hkexnews.hk/listedco/listconews/sehk/2026/0512/2026051200017.pdf,https://www1.hkexnews.hk/listedco/listconews/sehk/2026/0519/2026051901261.pdf,Guotai Junan Capital Limited / CCB International Capital Limited | Bookrunners/Lead Managers: IMPORTANT,False,True,True,,,,,,,,,,False,
03/02/2026,22/05/2026,06872,CNE100007KG6,TenNor Therapeutics (Suzhou) Limited,丹諾醫藥(蘇州)股份有限公司,Healthcare,Pharmaceuticals & Biotechnology,Pharmaceuticals,True,False,False,True,True,,,,,,,False,T+1,"TenNor Therapeutics (Suzhou) Ltd is a China-based company primarily engaged in the discovery, development and commercialization of differentiated therapies. The main products include Rifasutenizol (TNP-2198), a novel molecular entity drug candidate for the treatment of H. pylori infection, Rifaquizinone (TNP-2092) injection, a triple-targeting antibacterial drug candidate for the treatment of implant-associated bacterial infections, TNP-2092 oral, a multi-targeting antibacterial drug candidate for the treatment of diseases associated with gut bacterial metabolism, diabetic foot infections, the chemical series of small molecules TNBi-1, multi-targeting drug conjugate series TNBi-2, and the chemical series of dual-functional small molecules TNBm-1. The Company focuses on the fields of bacterial infections and metabolic-related diseases.",3961299698.2,507858935.67,11439103542.99,1466551736.28,21726899.0,41.52,218.6000061035156,8280550,670399200.0,85948615.38,8280550,52328926.0,52328926.0,75.7,75.7,75.7,,,,178.73,66509742.82,13.1,150.0,211.0,222.1999969482422,145.0,-2.13,-3.06,2.6,77.3,True,9015.11,,9.35,177.41,13102966.64,166.84,18264843.65,260.63,54746186.35,20/11/2026,,,,,,,188.77,,,,,,,,,,,,,,,False,0.8,275978.0,False,,,,,https://www1.hkexnews.hk/listedco/listconews/sehk/2026/0514/2026051400013.pdf,https://www1.hkexnews.hk/listedco/listconews/sehk/2026/0521/2026052101298.pdf,CITIC Securities (Hong Kong) Limited / ABCI Capital Limited,False,True,True,,,,,,,,,,False,
02/12/2025,27/05/2026,00901,CNE100007KL6,"Shenzhen SDMC Technology Co., Ltd.",深圳市華曦達科技股份有限公司,Information Technology,IT Hardware,Consumer Telecommunication Equipment,False,False,False,True,True,,,,,,,False,T+1,"Shenzhen SDMC Technology Co Ltd is a China-based company primarily engaged in the research and development, production, and sales of smart home products. The Company operates three business segments. The Digital Video Devices segment is primarily engaged in the production and sales of media streaming terminals, speakers, projectors and cameras. The Network Communication Devices segment is primarily engaged in the production and sales of optical network terminals, Wi-Fi routers and cable modems. The System Platforms and Services segment is primarily engaged in the provision of software solutions, with products including media streaming platform XMediaTV and home device management platform Xhome. The Company also provides parts and accessories. The Company operates its businesses in the domestic market and overseas markets.",6868108833.6,880526773.54,13851384445.81,1775818518.69,67216264.0,32.1,66.1500015258789,19207300,629999440.0,80769158.97,19207300,209393562.0,209393562.0,32.8,32.8,32.8,,,,86.59,39081410.33,4.44,65.80000305175781,61.20000076293945,71.05000305175781,57.29999923706055,-2.3,-3.99,2.6,91.4,,,,,92.99,21527776.18,104.57,27699233.88,105.79,67020476.8,25/11/2026,,,,,,,101.68,,,,,,,,,,,,,,,False,2.0,,False,,,,,https://www1.hkexnews.hk/listedco/listconews/sehk/2026/0518/2026051800027.pdf,https://www1.hkexnews.hk/listedco/listconews/sehk/2026/0526/2026052602392.pdf,China Securities (International) Corporate Finance Company Limited,False,True,False,,,,,,,,,,False,
01/12/2025,27/05/2026,02723,CNE100007LC3,"Beijing DeepZero Technology Co., Ltd.",北京深演智能科技股份有限公司,Consumer Discretionary,Media & Entertainment,Advertising & Marketing,False,False,False,True,True,,,,,,,False,T+1,"Beijing DeepZero Technology Co Ltd is a China-based company mainly engaged in the provision of marketing services. The Company mainly provides intelligent advertising services and intelligent data management through its two platforms AlphaDesk and AlphaData. The intelligent advertising services operate through AlphaDesk, a platform designed to optimize advertising performance through real-time decision-making and automated execution. The core product of intelligent data management business is AlphaData, a platform for enterprise customer relationship management. AlphaData enables enterprises to establish a centralized customer data platform built on their proprietary data.",5032694212.5,645217206.73,33496886691.54,4294472652.76,20069820.0,22.13,369.3999938964844,9068000,503274000.0,64522307.69,9068000,90679175.0,90679175.0,43.5,55.5,55.5,100.0,,,265.77,90053923.08,13.96,155.0,203.0,230.0,155.0,-2.3,-3.99,2.6,83.38,True,5480.23,,,602.7,196452176.92,543.24,229727665.13,539.28,341488850.99,25/11/2026,,,,,,,565.59,,,,,,,,,,,,,,,False,1.0,232456.0,False,,,,,https://www1.hkexnews.hk/listedco/listconews/sehk/2026/0518/2026051800023.pdf,https://www1.hkexnews.hk/listedco/listconews/sehk/2026/0526/2026052602298.pdf,ICBC International Capital Limited | Bookrunners/Lead Managers: IMPORTANT,False,True,True,,,,,,,,,,False,
19/01/2026,27/05/2026,03310,CNE100007NC9,"Viewtrix Technology Co., Ltd",雲英谷科技股份有限公司,Information Technology,Semiconductors,Semiconductors,False,False,False,True,True,,,,,,,False,T+1,"Viewtrix Technology Co Ltd is a China-based company mainly engaged in the research and development, design and sales of active-matrix organic light-emitting diode (AMOLED) display driver chips. The Company's main products include AMOLED display driver chips, which are mainly used in smartphones, and silicon-based organic light-emitting diode (Micro-OLED) display backplanes/drivers, primarily used in augmented reality (AR)/virtual reality (VR) head-mounted devices. The Company mainly operates its businesses in the domestic and overseas markets.",8902079949.5,1141292301.22,17524166236.87,2246687979.09,207533078.0,47.63,40.220001220703125,52859200,1264998280.0,162179266.67,52859200,427778950.0,435707750.0,20.81,20.81,20.81,,,,91.73,86003650.17,7.54,25.479999542236328,39.900001525878906,39.900001525878906,25.399999618530273,-2.3,-3.99,2.6,121.29,True,3559.68,,10.0,50.99,29986902.8,66.94,42311350.0,76.74,87534706.75,25/11/2026,,,,,,,93.27,,,,,,,,,,,,,,,False,3.0,242444.0,True,China International Capital Corporation Hong Kong Securities Limited,0.0,,2026-06-20,https://www1.hkexnews.hk/listedco/listconews/sehk/2026/0518/2026051800021.pdf,https://www1.hkexnews.hk/listedco/listconews/sehk/2026/0526/2026052601908.pdf,China International Capital Corporation Hong Kong Securities Limited / CITIC Securities (Hong Kong) Limited,False,True,True,,,,,,,,,,False,
09/03/2026,29/05/2026,03388,CNE100007N98,"Shenzhen Creality 3D Technology Co., Ltd.",深圳市創想三維科技股份有限公司,Information Technology,IT Hardware,Computers & Peripherals,False,False,False,True,True,,,,,,,False,T+1,"Shenzhen Creality 3D Technology Co Ltd is a China-based company primarily engaged in the provision of consumer three-dimensional (3D) printing products and services. The Company’s products mainly include 3D printers, 3D printing consumables, 3D scanners, laser engravers, accessories and others. The Company also provides various services through its platforms, Creality Cloud and Nexbie. The Company’s product portfolio covers the entire 3D printing workflow from input and output to transaction, thereby providing end-to-end support for users throughout the creative process. The Company's products are mainly used in various industries, including lifestyle products, footwear, industrial parts, medical care, artistic designing and education.",8776593898.8,1125204346.0,12462436221.62,1597748233.54,132509215.0,27.73,26.079999923706055,73427550,1587502080.0,203525907.69,73427550,466840101.0,477854151.0,18.8,18.8,18.8,,,,21.28,106618665.97,9.48,33.880001068115234,22.799999237060547,34.0,20.8799991607666,-3.56,-5.44,2.60923,140.56,True,3829.42,,10.0,18.09,49319056.0,11.17,69505262.83,32.98,133150156.33,27/11/2026,,,,,,,38.72,,,,,,,,,,,,,,,False,3.0,251375.0,True,China International Capital Corporation Hong Kong Securities Limited,0.0,,2026-06-25,https://www1.hkexnews.hk/listedco/listconews/sehk/2026/0520/2026052000023.pdf,https://www1.hkexnews.hk/listedco/listconews/sehk/2026/0528/2026052802543.pdf,China International Capital Corporation Hong Kong Securities Limited,False,True,False,,,,,,,,,,False,
27/03/2026,03/06/2026,02553,CNE100006Z95,"Beijing Shougang LanzaTech Technology Co., Ltd.",北京首鋼朗澤科技股份有限公司,Materials,Basic Materials,Specialty Chemicals,False,False,False,True,True,,,,,,,False,T+1,"Beijing Shougang Lanzatech Technology Co Ltd is a China-based company primarily engaged in carbon capture, utilization and storage (CCUS) industry. The Company mainly focuses on producing low-carbon products including ethanol and microbial protein through carbon capture and utilization technologies and providing low-carbon integrated solutions. The Company's main products include ethanol, microbial protein, and other by-products. The Company's ethanol products mainly used in raw material for automotive fuel, in the production of downstream products such as perfumes, cosmetics, cleaning agents, packaging materials, and sustainable fashion. The microbial protein products are mainly used in downstream products such as fish feed, piglet feed, and poultry feed. The Company mainly operates businesses in the domestic market.",5840000000.0,748717948.72,13913847719.96,1783826630.76,79178400.0,29.71,52.20000076293945,40000000,584000000.0,74871794.87,40000000,400000000.0,266548803.0,,17.1,14.6,,,,44.25,99963401.57,13.35,28.0,21.059999465942383,29.979999542236328,18.020000457763672,-1.77,1.23,2.60923,128.82,True,1421.54,,15.0,132.47,83677375.35,115.75,115965017.66,,,02/12/2026,,,,,,,257.53,,,,,,,,,,,,,,,False,2.0,109125.0,True,,,,2026-06-28,https://www1.hkexnews.hk/listedco/listconews/sehk/2026/0526/2026052600047.pdf,https://www1.hkexnews.hk/listedco/listconews/sehk/2026/0602/2026060202644.pdf,Yue Xiu Capital Limited,False,False,False,,,,,,,,,,False,
25/02/2026,05/06/2026,01779,CNE100007NF2,"LongBio Pharma (Suzhou) Co., Ltd.",天辰生物醫藥（蘇州）股份有限公司,Healthcare,Pharmaceuticals & Biotechnology,Biotechnology,True,False,False,True,True,,,,,,,False,T+1,"LongBio Pharma (Suzhou) Co Ltd is a China-based company primarily engaged in the in-house discovery and development of biopharmaceuticals targeting allergic and autoimmune diseases. The Company's research and development platforms mainly include High-Affinity Antibody Discovery Platform and Bi-functional Antibody Development Platform. The Company's drug treatment direction mainly includes seasonal allergic rhinitis (AR), chronic spontaneous urticaria (CSU), allergic asthma, food allergy and other allergic diseases, also paroxysmal nocturnal hemoglobinuria (PNH), complement-mediated kidney diseases, which includes IgA nephropathy (IgAN), C3 glomerulopathy (C3G) and lupus nephritis (LN) and other complement related indications. The Company mainly operates its businesses in the domestic market.",7126993989.0,913717178.08,11005176996.07,1410920127.7,30074193.0,41.24,150.89999389648438,14193150,1363393989.0,174794101.15,14193150,74193150.0,75059218.0,96.06,96.06,96.06,,,,37.21,67778996.44,7.42,144.3000030517578,131.8000030517578,158.0,126.4000015258789,-4.78,-3.09,2.60923,101.92,True,4762.58,,10.0,43.14,28292390.36,49.8,33938602.32,,,04/12/2026,,,,,,,57.09,15.0,,False,False,False,,,,,,,,,,False,2.0,266377.0,True,Sinolink Securities (Hong Kong) Company Limited,0.0,,2026-07-02,https://www1.hkexnews.hk/listedco/listconews/sehk/2026/0528/2026052800023.pdf,https://www1.hkexnews.hk/listedco/listconews/sehk/2026/0604/2026060402923.pdf,Sinolink Securities (Hong Kong) Company Limited,False,False,False,,,,,,,,,,False,
28/11/2025,05/06/2026,02290,KYG5701W1033,Lung Fung Group Holdings Limited,龍豐集團控股有限公司,Consumer Discretionary,Specialty Retail,Other Retailers,False,False,False,False,True,,,,,,,False,T+1,"Lung Fung Group Holdings Ltd is an investment holding company mainly engaged in the retail of beauty products, health products, and pharmaceuticals. The Company is principally engaged in the sale of beauty, health and pharmaceutical products and other consumer goods such as household and daily essentials and food products at retail stores and through online sales platforms. The Company’s product range covers proprietary Chinese medicines, western medicines, health supplements, skincare, cosmetics, fragrances, personal care, maternal and infant products, food, pet food and household daily necessities.",2590000000.0,332051282.05,1259999990.46,161538460.32,93750000.0,18.75,2.5199999809265137,125000000,647500000.0,83012820.51,125000000,500000000.0,500000000.0,,6.38,5.18,,,,-45.75,30791549.23,9.27,4.320000171661377,2.809999942779541,4.599999904632568,2.799999952316284,-4.78,-3.09,2.60923,92.05,True,664.92,,10.0,-42.86,19175662.95,-47.49,22165075.15,,,04/12/2026,,,,,,,-51.35,,,,,,,,,,,,,,,False,5.0,133189.0,True,,,,2026-07-02,https://www1.hkexnews.hk/listedco/listconews/sehk/2026/0528/2026052800031.pdf,https://www1.hkexnews.hk/listedco/listconews/sehk/2026/0604/2026060402521.pdf,DBS Asia Capital Limited,False,False,False,,,,,,,,,,False,
08/04/2026,05/06/2026,01081,CNE100007ND7,"Dajin Heavy Industry Co., Ltd.",大金重工股份有限公司,Industrials,Industrial Engineering,Environmental Engineering,False,False,False,True,True,,,,,,,False,T+1,"Dajin Heavy Industry Co Ltd is a China-based company primarily engaged in providing core offshore wind power equipment. The Company's main businesses cover offshore wind power equipment researech, development and manufacturing, heavy marine transportation, ship design and construction, wind and photovoltaic power generation, and wind marshalling port operations. The Company's main products include monopiles, transition pieces, jackets, floating foundations, towers and others. The Company mainly operates its businesses in the domestic and overseas markets.",48987260613.6,6280418027.38,6355673553.7,814829942.78,407183827.0,407.14,63.54999923706055,91314000,6640703840.0,851372287.18,91314000,737759949.0,100010600.0,,66.4,66.4,,,,0.0,152777890.69,2.43,66.4000015258789,66.4000015258789,66.44999694824219,59.04999923706055,-4.78,-3.09,2.60923,29.74,True,134.39,,,-5.72,64481618.22,-3.69,82497100.65,,,04/12/2026,,,,,,,-4.29,,,,,,,,,,,,,,,False,3.0,122627.0,True,Huatai Financial Holdings (Hong Kong) Limited,,,2026-07-02,https://www1.hkexnews.hk/listedco/listconews/sehk/2026/0528/2026052800019.pdf,https://www1.hkexnews.hk/listedco/listconews/sehk/2026/0604/2026060402919.pdf,"Huatai Financial Holdings (Hong Kong) Limited / China Merchants Securities (HK) Co., Limited",False,True,True,,,,,,,,,,True,
21/05/2026,15/06/2026,06658,CNE100007J29,"Liuliumei Co., Ltd.",溜溜梅股份有限公司,Consumer Staples,Food & Beverages,Packaged Foods,False,False,False,True,True,,,,,,,False,T+1,"Liuliumei Co Ltd, formerly Liuliu Orchard Group Co Ltd, is a China-based company primarily engaged in the production and sales of fruit snacks. The Company’s products mainly include dried plum snacks, prune-based products, plum jelly, plum gummies, plum-based seasoning products, plum tea concentrate and other fruit-based products. The Company's customers primarily include supermarkets, membership stores, snack stores and distributors. The Company mainly conducts its businesses within domestic market.",3434592444.64,440332364.7,13397905360.0,1717680174.36,16836777.0,21.36,170.0,11464100,499605478.0,64051984.36,11464100,78811208.0,78811208.0,43.58,43.58,43.58,,,,193.71,70630071.79,16.04,95.0,128.0,130.10000610351562,91.0,-4.31,-3.97,2.60923,11.4,True,6586.73,,,216.2,31975914.86,225.61,47341336.69,,,14/12/2026,,,,,,,290.09,,,,,,,,,,,,,,,False,1.5,180507.0,False,,,,,https://www1.hkexnews.hk/listedco/listconews/sehk/2026/0605/2026060500023.pdf,https://www1.hkexnews.hk/listedco/listconews/sehk/2026/0612/2026061202100.pdf,CITIC Securities (Hong Kong) Limited /  Guoyuan Capital (Hong Kong) Limited,False,True,True,,,,,,,,,,False,
06/03/2026,17/06/2026,06675,CNE100007N72,"SENASIC Electronics Technology Co., Ltd.",琻捷電子科技(江蘇)股份有限公司,Information Technology,Semiconductors,Semiconductors,False,False,False,True,True,,,,,,,False,T+1,"SENASIC Electronics Technology Co Ltd is a China-based company principally engaged in design, research and development and sales of chip products. The Company's products primarily include intelligent tire sensing system on chips (SoCs), battery monitoring system (BMS) SoCs, wireless battery monitoring system (wBMS) SoCs, and universal sensor interface (USI) SoCs. The products are primarily used in the automotive electronics sector. The Company primarily operates its business in the domestic market.",,,12500000000.0,1602564102.56,178831931.0,,36.20000076293945,53407000,980552520.0,125711861.54,53407000,,379041820.0,18.36,18.36,18.36,,,,127.12,88072112.38,,31.600000381469727,41.70000076293945,41.900001525878906,31.579999923706055,-5.31,-4.66,2.60923,45.88,True,5144.97,,10.0,72.44,26898499.94,105.88,37056554.71,,,16/12/2026,,,,,,,97.17,1.0,,False,False,False,,,,,,,,,,False,2.0,237930.0,False,,,,,https://www1.hkexnews.hk/listedco/listconews/sehk/2026/0609/2026060900029.pdf,https://www1.hkexnews.hk/listedco/listconews/sehk/2026/0616/2026061601760.pdf,China International Capital Corporation Hong Kong Securities Limited / Guotai Junan Capital Limited,False,True,True,,,,,,,,,,False,
16/03/2026,22/06/2026,01392,,"Shenzhen HQVT Technology Co., Ltd.",,,,,False,False,False,True,True,,,,,,,False,T+1,,5574300624.0,714653926.15,13686205602.45,1754641743.9,3027607.0,0.4,18.100000381469727,85162500,613170000.0,78611538.46,85162500,774208420.0,,7.2,7.2,7.2,,,,270.83,94419575.54,13.21,29.0,26.700000762939453,30.0,25.0,-7.18,-5.17,2.60923,62.46,True,7181.21,,10.0,165.28,43931026.18,143.75,51910089.33,,,21/12/2026,,,,,,,151.39,,,,,,,,,,,,,,,False,2.0,252640.0,False,,,,,https://www1.hkexnews.hk/listedco/listconews/sehk/2026/0611/2026061100015.pdf,https://www1.hkexnews.hk/listedco/listconews/sehk/2026/0618/2026061802066.pdf,CMBC International Capital Limited /  SPDB International Capital Limited | Bookrunners/Lead Managers: Financial Adviser,False,False,True,,,,,,,,,,False,
30/01/2026,23/06/2026,06067,CNE100007PF7,"Shenzhen Senior Technology Material Co., Ltd.",深圳市星源材質科技股份有限公司,Industrials,Industrial Engineering,Energy Storage Units,False,False,False,True,True,,,,,,,False,T+1,"Shenzhen Senior Technology Material Co Ltd is a China-based company primarily engaged in the research and development, production and sales of lithium-ion battery separators. The Company’s product portfolio mainly includes dry process separators, wet process separators and coated separators. The products are primarily used in lithium-ion batteries for various transportation vehicles, electrical energy storage facilities, consumer electronics such as smartphones, cameras and power tools, and industrial machinery such as cranes and forklifts. The products are distributed under the SENIOR brand. The Company distributes its products within the domestic market, and to overseas markets including South Korea, Japan, Southeast Asia, and Europe.",13427202568.22,1721436226.69,1480282592.96,189779819.61,1285198185.0,859.53,9.899999618530272,149523500,1342721030.0,172143721.79,149523500,1495234139.0,149523500.0,,8.98,8.98,,,,22.49,93686358.33,5.44,12.43000030517578,11.0,13.40999984741211,11.0,-8.86,-7.89,2.60923,109.18,True,1563.16,,10.0,1.67,49907473.5,10.24,84445864.96,,,22/12/2026,,,,,,,10.24,,,,,,,,,,,,,,,False,0.1,209580.0,False,,,,,https://www1.hkexnews.hk/listedco/listconews/sehk/2026/0612/2026061200031.pdf,https://www1.hkexnews.hk/listedco/listconews/sehk/2026/0622/2026062202141.pdf,China Securities (International) Corporate Finance Company Limited,False,True,False,,,,,,,,,,True,
11/05/2026,23/06/2026,06132,CNE100007PD2,"HJ Science Co., Ltd.",華健未來(成都)科技股份有限公司,Healthcare,Pharmaceuticals & Biotechnology,Biotechnology,True,False,False,True,True,,,,,,,False,T+1,"HJ Science Co Ltd is a China-based company primarily engaged in the research and development of new small molecule drugs. The Company's main products include the selective tyrosine kinase 2 (TYK2) inhibitor HJ787, the orally administered drug HJ178, the orally administered Kirsten rat sarcoma 2 viral oncogene homolog G12C inhibitor HJ891, as well as drug candidates HJ197, HJ356, HJ093, and HJ199. The products are primarily used to treat various autoimmune diseases, type 2 diabetes, overweight or obesity, cardiovascular diseases and atherosclerosis, non-small cell lung cancer (NSCLC), and advanced hepatocellular carcinoma (HCC). The Company primarily operates its business in the domestic market.",6020447689.0,771852267.82,2630000000.0,337179487.18,23918243.0,,35.880001068115234,13600000,1112480000.0,142625641.03,13600000,73599605.0,73599605.0,81.8,81.8,81.8,,,,-56.89,37297122.12,4.83,81.80000305175781,35.2599983215332,82.0,35.2599983215332,-8.86,-7.89,2.60923,122.83,True,2007.6,,10.0,-46.11,28375354.21,-56.14,31407137.39,,,22/12/2026,,,,,,,-56.14,5.0,,False,False,False,,,,,,,,,,False,2.0,173284.0,False,,,,,https://www1.hkexnews.hk/listedco/listconews/sehk/2026/0612/2026061200083.pdf,https://www1.hkexnews.hk/listedco/listconews/sehk/2026/0622/2026062201627.pdf,CITIC Securities (Hong Kong) Limited,False,True,False,,,,,,,,,,False,
31/03/2026,24/06/2026,02335,CNE100007Q79,"Shaanxi Micot Pharmaceutical Technology Co., Ltd.",陝西麥科奧特醫藥科技股份有限公司,Healthcare,Pharmaceuticals & Biotechnology,Biotechnology,True,False,False,True,True,,,,,,,False,T+1,"Shaanxi Micot Pharmaceutical Technology Co Ltd is a China-based company principally engaged in the discovery, development and commercialization of bi-/multi-specific peptide drugs. The Company’s main products are used for the treatment of metabolic diseases as well as cardiovascular and cerebrovascular diseases. The Company has developed a pipeline of bi-/multi-functional peptides and innovative drug candidates, including MT1013 product, a peptide drug targeting both calcium-sensing receptor (CaSR) and osteogenic growth peptide (OGP) receptors, primarily developed for the treatment of chronic kidney disease-secondary hyperparathyroidism (CKD-SHPT), with the potential to be further developed for additional indications such as the coexistence of chronic kidney disease, mineral and bone disorder (CKD-MBD) with osteoporosis and CKD-SHPT not on dialysis; and XTL6001, MT1002 and MT200605.",6037674370.0,774060816.67,10500000000.0,1346153846.15,81413360.0,,36.540000915527344,58054400,1056590080.0,135460266.67,58054400,331740350.0,280071100.0,18.2,21.0,18.2,0.0,,,102.75,53601982.99,6.92,34.02000045776367,36.900001525878906,37.099998474121094,32.20000076293945,-8.57,-5.81,2.60923,111.45,True,1181.46,,,111.76,17476091.03,,,,,23/12/2026,,,,,,,100.77,,,,,,6.0,,,,,,,,,False,3.0,153832.0,False,,,,,https://www1.hkexnews.hk/listedco/listconews/sehk/2026/0615/2026061500009.pdf,https://www1.hkexnews.hk/listedco/listconews/sehk/2026/0623/2026062301227.pdf,"CCB International Capital Limited /  China Merchants Securities (HK) Co., Limited | Bookrunners/Lead Managers: IMPORTANT",False,True,True,,,,,,,,,,False,
28/05/2026,24/06/2026,06106,CNE100007Q95,"Shanghai Seer Intelligent Technology Co., Ltd.",上海仙工智能科技股份有限公司,Information Technology,Software & Services,Digital Solution Services,False,False,False,True,True,,,,,,,False,T+1,"Shanghai Seer Intelligent Technology Co Ltd is a China-based company principally engaged in the intelligent robotics business. The Company's main businesses include research, development and sales of robots, controllers, software, and accessories, with robot control systems as its core business, enabling one-stop development, acquisition and use of intelligent robots across real-world scenarios. The Company's products are primarily used in industries such as computers, communications and consumer electronics (3C), automotive, automation equipment, new energy, semiconductors, construction machinery and biopharmaceuticals. The Company mainly operates its businesses in the domestic and overseas markets.",11226525680.0,1439298164.1,10200000000.0,1307692307.69,19830000.0,,101.5999984741211,10497300,1066525680.0,136734061.54,10497300,110497300.0,110497300.0,101.6,101.6,101.6,,,,4.33,85611851.28,5.95,101.5999984741211,106.0,140.5,101.5999984741211,-8.57,-5.81,2.60923,93.26,True,5934.56,,,4.72,32257889.48,,,,,23/12/2026,,,,,,,-0.0,,,,,,,,,,,,,,,False,5.0,222966.0,False,,,,,https://www1.hkexnews.hk/listedco/listconews/sehk/2026/0615/2026061500013.pdf,https://www1.hkexnews.hk/listedco/listconews/sehk/2026/0623/2026062302143.pdf,China International Capital Corporation Hong Kong Securities Limited,False,True,False,,,,,,,,,,False,
05/05/2026,26/06/2026,02272,CNE100007NS5,KEYTOP PARKING INC.,廈門科拓通訊技術股份有限公司,Information Technology,Software & Services,Digital Solution Services,False,False,False,True,True,,,,,,,False,T+1,"Keytop Parking Inc is a China-based company principally engaged in smart parking systems, smart parking management services and parking facility and platform operations business. The Company operates its businesses through four segments. Smart Parking Systems segment is mainly engaged in providing integrated smart parking systems to customers. Smart Parking Management Services segment is mainly engaged in providing integrated operating support services to customers. Parking Facility and Platform Operations segment is mainly involved in operating parking facilities and rendering services to individual parking customers, including online and offline advertising services and provision of collection services. The Others segment is mainly engaged in provision of rental services.",3886403253.95,498256827.43,11320193248.92,1451306826.78,19913060.0,20.26,115.1999969482422,10112280,399940674.0,51274445.38,10112280,98265569.0,98265569.0,39.55,39.55,39.55,,,,203.92,31237205.36,6.27,110.0999984741211,120.1999969482422,122.8000030517578,110.0999984741211,-10.49,-9.14,2.60923,68.7,True,2115.21,,10.0,,,,,,,25/12/2026,,,,,,,191.28,,,,,,,,,,,,,,,False,2.0,165737.0,False,,,,,https://www1.hkexnews.hk/listedco/listconews/sehk/2026/0617/2026061700071.pdf,https://www1.hkexnews.hk/listedco/listconews/sehk/2026/0625/2026062501916.pdf,China International Capital Corporation Hong Kong Securities Limited / CMBC International Capital Limited,False,True,True,,,,,,,,,,False,
20/03/2026,26/06/2026,06228,,PT MERDEKA GOLD RESOURCES Tbk- DRS,PT Merdeka Gold Resources Tbk - DRS,,,,False,False,False,False,True,,,,,,,False,T+1,,391854337196.0,50237735537.95,,,276227845.0,,25.0,89668600,2385184760.0,305792917.95,89668600,14731366060.0,,26.6,26.6,26.6,,,,-6.54,77895274.14,0.16,26.600000381469727,24.86000061035156,26.799999237060547,23.920000076293945,-10.49,-9.14,2.60923,55.32,True,4.42,,,,,,,,,25/12/2026,,,,,,,-6.02,,,,,,,,,,,,,,,False,100.0,22329.0,False,,,,,https://www1.hkexnews.hk/listedco/listconews/sehk/2026/0617/2026061700075.pdf,https://www1.hkexnews.hk/listedco/listconews/sehk/2026/0625/2026062502338.pdf,UBS Securities Hong Kong Limited  / CITIC Securities (Hong Kong) Limited,True,True,True,,,,,,,,,,False,
01/04/2026,26/06/2026,03661,CNE100007NR7,SG Micro Corp,聖邦微電子(北京)股份有限公司,Information Technology,Semiconductors,Semiconductors,False,False,False,True,True,,,,,,,False,T+1,"SG Micro Corp is a China-based company engaged in the design, development, and sales of analog integrated circuits (ICs) and sensors. The signal chain ICs comprise analog-to-digital converters/digital-to-analog converters (ADCs/DACs), amplifiers and comparators, analog switches, audio and video amplifiers, logic and interface circuits, radio frequency (RF) devices, and voltage references. The power management ICs encompass active-matrix organic light-emitting diode (AMOLED) power supply ICs and light-emitting diode (LED) drivers, direct current to direct current (DC/DC) converters, driver ICs, low-dropout regulators (LDOs), lithium battery charging and protection ICs, load switches and protection circuits, metal-oxide-semiconductor field-effect transistors (MOSFETs) and electrostatic discharge/transient voltage suppressor (ESD/TVS) devices, power management units and application-specific integrated circuits (ASICs), and system monitoring ICs.",57511348204.8,7373249769.85,6555745762.4,840480225.95,416430019.0,771.15,121.4000015258789,54001200,3244712015.0,415988719.87,54001200,675015824.0,54001200.0,,85.2,85.2,,,,47.07,320282550.62,4.34,105.0999984741211,125.3000030517578,133.0,102.6999969482422,-10.49,-9.14,2.60923,49.51,True,251.73,,10.0,,,,,,,25/12/2026,,,,,,,42.49,23.0,,False,True,False,,,,,,,,,,False,10.0,153878.0,False,,,,,https://www1.hkexnews.hk/listedco/listconews/sehk/2026/0617/2026061700041.pdf,https://www1.hkexnews.hk/listedco/listconews/sehk/2026/0625/2026062502076.pdf,China International Capital Corporation Hong Kong Securities Limited /  Huatai Financial Holdings (Hong Kong) Limited | Bookrunners/Lead Managers: IMPORTANT,False,True,True,,,,,,,,,,False,
20/05/2026,26/06/2026,01688,CNE100007QH1,LINGYI iTECH (GUANGDONG) COMPANY,廣東領益智造股份有限公司,Industrials,Industrial Engineering,Electronic Components,False,False,False,True,True,,,,,,,False,T+1,"Lingyi iTech (Guangdong) Co is a China-based company principally engaged in the high-precision intelligent manufacturing for electronic devices. The Company operates three segments. Electronic Devices segment is mainly engaged in the provision of core components and functional modules for electronic devices. Automotive and Advanced Air Mobility (AAM) segment is mainly engaged in the provision of core components, functional modules, and other high precision hardware for intelligent vehicles and low-altitude economy applications business. The Others segment is mainly involved in logistics business, clean energy business as well as telecommunications business. The Company mainly operates its businesses in the domestic and overseas markets.",82661707500.8,10597654807.79,8662032821.54,1110517028.4,3635302872.0,447.8,10.670000076293944,811811880,8264244939.0,1059518581.92,811811880,8120010560.0,811811880.0,,10.18,10.18,,,,-4.62,239080642.98,2.26,10.800000190734863,9.710000038146973,11.800000190734863,9.4399995803833,-10.49,-9.14,2.60923,70.3,True,96.16,,,,,,,,,25/12/2026,,,,,,,4.81,,,,,,,,,,,,,,,False,1.23,162822.0,False,,,,,https://www1.hkexnews.hk/listedco/listconews/sehk/2026/0617/2026061700029.pdf,https://www1.hkexnews.hk/listedco/listconews/sehk/2026/0625/2026062502292.pdf,Guotai Junan Capital Limited,False,True,False,,,,,,,,,,True,
12/04/2026,26/06/2026,01956,CNE100007N80,"Beijing Zhongke WengeAI Science and Technology Co., Ltd.",北京中科聞歌科技股份有限公司,Information Technology,Software & Services,Digital Solution Services,False,False,False,True,True,,,,,,,False,T+1,"Beijing Zhongke WengeAI Science and Technology Co Ltd is a China-based company principally engaged in the provision of enterprise artificial intelligence (AI) technology and service. The Company mainly operates three businesses. Public sector services business is mainly engaged in the provision of standardized, general-purpose commercial AI products and solutions to various levels of government agencies and public institutions. Media and communications business is mainly engaged in enabling AI-driven extraction of news elements, intelligent summarization, and guided content generation, as well as providing intelligent media asset management. Commercial enterprises business’s AI services include creating valuation models, automated financial report parsing, and AI-powered risk labeling and monitoring, and providing market intelligence analysis, personalized recommendations, and process automation.",10507243264.9,1347082469.86,15390000000.0,1973076923.08,71125013.0,,85.5,14834600,900460220.0,115443617.95,14834600,173101207.0,173101207.0,60.7,60.7,60.7,,,,84.02,90406483.32,6.71,110.0,111.6999969482422,125.0,105.0,-10.49,-9.14,2.60923,48.83,True,5966.78,"2,225,200 Offer Shares reallocated from the International Offering to the retail tranche via clawback (741,800 -> 2,967,000 Shares), 20.0% of the Global Offering",20.0,,,,,,,25/12/2026,,,,,,,40.86,5.0,,False,False,False,,,,,,,,,,False,0.15,195072.0,False,,,,,https://www1.hkexnews.hk/listedco/listconews/sehk/2026/0617/2026061700025.pdf,https://www1.hkexnews.hk/listedco/listconews/sehk/2026/0625/2026062501938.pdf,China International Capital Corporation Hong Kong Securities Limited,False,True,False,,,,,,,,,,False,
15/03/2026,26/06/2026,09630,CNE100007Q53,"Circuit Fabology Microelectronics Equipment Co., Ltd.",合肥芯碁微電子裝備股份有限公司,Industrials,Industrial Engineering,Industrial Components & Equipment,False,False,False,True,True,,,,,,,False,T+1,"Circuit Fabology Microelectronics Equipment Co Ltd is a China-based company primarily engaged in the research and development, production and sales of direct imaging and direct-writing lithography equipment. The Company’s main products include printed circuit board (PCB) direct imaging equipment and automation system, and semiconductor direct-writing lithography equipment and automation system. The Company also provides comprehensive after-sales maintenance and support services of the products. The Company mainly operates its businesses in the domestic and overseas markets.",36539543169.18,4684556816.56,6676098000.0,855910000.0,85376337.0,664.99,520.0,12838650,3244712015.0,415988719.87,12838650,144579366.0,12838650.0,,252.73,252.73,,,,103.77,386242605.13,8.25,439.0,515.0,525.5,410.2000122070313,-10.49,-9.14,2.60923,64.77,True,1007.22,,,,,,,,,25/12/2026,,,,,,,105.75,9.0,,False,True,False,,,,,,,,,,False,3.0,207986.0,False,,,,,https://www1.hkexnews.hk/listedco/listconews/sehk/2026/0617/2026061700039.pdf,https://www1.hkexnews.hk/listedco/listconews/sehk/2026/0625/2026062502296.pdf,China International Capital Corporation Hong Kong Securities Limited,False,True,False,,,,,,,,,,False,
04/05/2026,29/06/2026,09637,CNE100007QD0,Alebund Pharmaceuticals (Jiangsu) Limited,禮邦醫藥(江蘇)股份有限公司,Healthcare,Pharmaceuticals & Biotechnology,Pharmaceuticals,True,False,False,True,True,,,,,,,False,T+1,"Alebund Pharmaceuticals (Jiangsu) Ltd is a China-based company principally engaged in biopharmaceutical business. The Company’s product portfolio in clinical and preclinical stages consists of one core product AP301 and other product candidates, including one late-clinical-stage product candidate AP306, one early-clinical-stage product candidate (AP303), and four preclinical product candidates (AP308, AP304, AP305, and AP307). The Company mainly operates its businesses in the domestic market and overseas markets.",7680660420.6,984700053.92,10429450503.01,1337109038.85,85299906.0,37.56,45.91999816894531,56755400,1282672040.0,164445133.33,56755400,339852231.0,227122189.0,22.6,22.6,22.6,,,,103.54,75383384.62,7.66,42.0,46.0,46.0,40.5,-8.56,-7.11,2.60923,44.74,True,963.56,,10.0,,,,,,,28/12/2026,,,,,,,103.19,,,,,,6.0,,,,,,,,,False,6.0,145729.0,False,,,,,https://www1.hkexnews.hk/listedco/listconews/sehk/2026/0618/2026061800025.pdf,https://www1.hkexnews.hk/listedco/listconews/sehk/2026/0626/2026062603033.pdf,Jefferies Hong Kong Limited / Merrill Lynch (Asia Pacific) Limited / Huatai Financial Holdings (Hong Kong) Limited | Bookrunners/Lead Managers: Jefferies BofA Securities HTSC,True,True,True,,,,,,,,,,False,
07/05/2026,29/06/2026,01191,CNE100007QB4,"Crealights Technology Co., Ltd.",北京海光芯正科技股份有限公司,Industrials,Industrial Engineering,Electronic Components,False,False,False,True,True,,,,,,,False,T+1,"Crealights Technology Co Ltd is a China-based company principally engaged in is a China-based company principally engaged in providing optoelectronic interconnection products. The Company offers optical transceivers, active optical cables (AOCs), and other products. Other products mainly include optoelectronic components, such as optical sub-assemblies (OSA) and chip-on-board (COB)assemblies, as well as raw materials, including printed circuit board assemblies (PCBA) and other related components. Its optoelectronic interconnection products are deployed in artificial intelligence (AI) data centers. The Company mainly operates its businesses in the domestic and overseas markets.",10207793130.0,1308691426.92,14890000000.0,1908974358.97,35048354.0,,191.8000030517578,13431500,1531191000.0,196306538.46,13431500,89542045.0,89542045.0,114.0,114.0,114.0,,,,44.74,108969321.15,8.33,199.8999938964844,165.0,213.0,150.0,-8.56,-7.11,2.60923,66.76,True,1296.89,,10.0,,,,,,,28/12/2026,,,,,,,68.25,,,,,,,,,,,,,,,False,4.0,185373.0,False,,,,,https://www1.hkexnews.hk/listedco/listconews/sehk/2026/0618/2026061800079.pdf,https://www1.hkexnews.hk/listedco/listconews/sehk/2026/0626/2026062602599.pdf,Huatai Financial Holdings (Hong Kong) Limited,False,True,False,,,,,,,,,,False,
18/03/2026,29/06/2026,02672,CNE100007DB2,"Baige Online Digital Technology Co., Ltd.",白鴿在線(廈門)數字科技股份有限公司,Financials,Insurance,Insurance,False,False,False,True,True,,,,,,,False,T+1,"Baige Online Digital Technology Co Ltd is a China-based company principally engaged in providing insurance intermediary services. The Company operates its businesses through three segments. Insurance Transaction Services segment is mainly engaged in distributing scenario-based insurance products to end insureds. Precision Marketing and Digitalization Solutions segment is mainly engaged in providing precision marketing and digitalization solutions. Third Party Administrator (TPA) Services segment is mainly engaged in providing TPA services to assist in the main processes of insurance business, including claims management, policy management, hospitalization support and customer service. The Company mainly operates its businesses in the domestic market.",5001681859.2,641241264.0,11322260400.0,1451571846.15,13525672.0,8.96,75.0,33344400,520172640.0,66688800.0,33344400,320620632.0,150963472.0,,20.28,15.6,,,,367.95,56902564.1,8.87,61.099998474121094,73.0,73.5999984741211,60.099998474121094,-8.56,-7.11,2.60923,66.29,True,242.05,,,,,,,,,28/12/2026,,,,,,,380.77,,,,,,,,,,,,,,,False,10.0,44599.0,False,,,,,https://www1.hkexnews.hk/listedco/listconews/sehk/2026/0618/2026061800045.pdf,https://www1.hkexnews.hk/listedco/listconews/sehk/2026/0626/2026062602363.pdf,CMBC International Capital Limited /  BOCI Asia Limited,False,True,True,,,,,,,,,,False,
04/05/2026,30/06/2026,06915,CNE100007Q61,Jiangxi Institute of Biological Products Inc.,江西生物製品研究所股份有限公司,Healthcare,Pharmaceuticals & Biotechnology,Pharmaceuticals,False,False,False,True,True,,,,,,,False,T+1,"Jiangxi Institute of Biological Products Inc is a China-based company primarily engaged in the research, development, production, and sales of human tetanus antitoxin (TAT). The Company operates two segments. The Sale of Pharmaceutical and Other Products segment is engaged in the sales of human TAT, veterinary tetanus antitoxin, and pregnant mare serum gonadotropin (PMSG), as well as certain hormonal pharmaceutical drugs designed to complement or support PMSG treatments. The Technical Service segment provides pharmaceutical testing and inspection, pharmaceutical research and development, drug safety evaluation and related technical services. The Company distributes its products within the domestic market and to overseas markets.",3453825972.8,442798201.64,3003343237.82,385044004.85,38070084.0,12.4,9.779999732971191,36234500,405826400.0,52029025.64,36234500,308377319.0,307090319.0,,13.06,11.2,,,,-12.68,37558333.59,8.48,7.400000095367432,9.779999732971191,10.75,7.300000190734863,-9.14,-9.54,2.60923,140.8,True,476.56,,,,,,,,,29/12/2026,,,,,,,-12.68,,,,,,,,,,,,,,,False,2.0,78433.0,False,,,,,https://www1.hkexnews.hk/listedco/listconews/sehk/2026/0622/2026062200065.pdf,https://www1.hkexnews.hk/listedco/listconews/sehk/2026/0629/2026062902075.pdf,"China International Capital Corporation Hong Kong Securities Limited / China Merchants Securities (HK) Co., Limited",False,True,True,,,,,,,,,,False,
29/05/2026,30/06/2026,03952,CNE100007R45,"Zhejiang Laifual Drive Co., Ltd.",浙江來福諧波傳動股份有限公司,Industrials,Industrial Engineering,Industrial Components & Equipment,False,False,False,True,True,,,,,,,False,T+1,"Zhejiang Laifual Drive Co Ltd is a China-based company primarily engaged in the provision of components for robotic transmission. The Company offers a product portfolio spanning from harmonic reducers, joint modules and robotic arms to automated workstations. The Company’s products are mainly used in humanoid robots and industrial robots. The Company distributes its products within the domestic market and to overseas markets.",8840596288.5,1133409780.58,7548111451.0,967706596.28,27225452.0,26.33,73.0,13441900,1149282450.0,147343903.85,13441900,103398787.0,103398787.0,77.0,85.5,85.5,100.0,,,-14.62,97285602.56,8.58,88.19999694824219,73.0,98.5999984741211,73.0,-9.14,-9.54,2.60923,121.46,True,4571.99,"2,016,300 Offer Shares reallocated from the International Offering to the retail tranche via clawback (672,100 -> 2,688,400 Shares), 20.0% of the Global Offering",20.0,,,,,,,29/12/2026,,,,,,,-14.62,,,,,,,,,,,,,,,False,5.0,182737.0,False,,,,,https://www1.hkexnews.hk/listedco/listconews/sehk/2026/0622/2026062200047.pdf,https://www1.hkexnews.hk/listedco/listconews/sehk/2026/0629/2026062902089.pdf,CMB International Capital Limited,False,True,False,,,,,,,,,,False,
08/06/2026,30/06/2026,02697,CNE100007QR0,"Guangdong True Health Medical Technology Development Co., Ltd.",廣東真健康醫療科技開發股份有限公司,Healthcare,Other Healthcare,Medical Devices & Supplies,True,False,False,True,True,,,,,,,False,T+1,"Guangdong True Health Medical Technology Development Co Ltd is a China-based company primarily engaged in developing and commercializing percutaneous puncture and ablation surgical robots. The Company’s core product is percutaneous puncture surgical robot, including four models: TH-S1, TH-S, TH-S pro and TH-SA. The Company’s pipeline also includes the percutaneous microwave ablation surgical robot TH-X MW, the percutaneous microwave ablation surgical robot TH-XHMW, the TH-P series of compact percutaneous puncture surgical robots, the MW150 microwave ablation device, the TH-X Cryo cryoablation robot, the TH-LS KI300 and TH-LS LU100 ex vivo organ preservation and assessment systems. The Company's products are mainly used for lung and abdominal punctures, as well as the treatment of liver and lung tumors.",4498651778.6,576750228.03,15240000000.0,1953846153.85,12740524.0,,400.0,3564700,449865140.0,57675017.95,3564700,35647003.0,35647003.0,,135.4,126.2,,,,216.96,46720000.0,8.1,327.20001220703125,400.0,424.7999877929687,326.3999938964844,-9.14,-9.54,2.60923,97.79,True,1790.4,,10.0,,,,,,,29/12/2026,,,,,,,216.96,,,,,,,,,,,,,,,False,2.0,128208.0,False,,,,,https://www1.hkexnews.hk/listedco/listconews/sehk/2026/0622/2026062200041.pdf,https://www1.hkexnews.hk/listedco/listconews/sehk/2026/0629/2026062901959.pdf,China International Capital Corporation Hong Kong Securities Limited / DBS Asia Capital Limited | Bookrunners/Lead Managers: IMPORTANT,False,True,True,,,,,,,,,,False,
04/05/2026,30/06/2026,06715,CNE100007QK5,"Hangzhou Qiandaohu Xunlong Sci-tech Co., Ltd.",,Consumer Staples,Food & Beverages,Packaged Foods,False,False,False,True,True,,,,,,,False,T+1,"Hangzhou Qiandaohu Xunlong Sci-tech Co Ltd is a China-based company primarily engaged in the production and sales of caviar. The Company's caviar products include hybrid sturgeon caviar, russian sturgeon caviar, kaluga sturgeon caviar, beluga sturgeon caviar, amur sturgeon caviar, siberian sturgeon caviar, and other caviars. The Company is also engaged in the provision of sturgeon meat and processed sturgeon products, as well as the sales of live sturgeons and other caviar-based products. The Company distributes its products within the domestic market and to overseas markets.",8220862800.0,1053956769.23,12412958400.0,1591404923.08,30540233.0,28.05,114.0,16332900,1233133950.0,158094096.15,16332900,108885600.0,108885600.0,75.5,75.5,75.5,,,,50.99,72267230.77,6.86,103.0,114.0,120.1999969482422,101.0,-9.14,-9.54,2.60923,120.47,True,2134.81,Claw-back not triggered (subscription level below the reallocation threshold),10.0,,,,,,,29/12/2026,,,,,,,50.99,,,,,,,,,,,,,,,False,3.0,,False,,,,,https://www1.hkexnews.hk/listedco/listconews/sehk/2026/0622/2026062200025.pdf,https://www1.hkexnews.hk/listedco/listconews/sehk/2026/0629/2026062902679.pdf,CITIC Securities (Hong Kong) Limited / China Securities (International) Corporate Finance Company Limited | Bookrunners/Lead Managers: IMPORTANT,False,True,True,,,,,,,,,,False,
