stock_code,company_name,ipo_date,doc_type,headline,url,resolved_from_htm_index,release_date,local_path,downloaded
02469,Fenbi Ltd.,2023-01-09,prospectus,Listing Documents - [Offer for Subscription] - GLOBAL OFFERING,https://www1.hkexnews.hk/listedco/listconews/sehk/2022/1223/2022122300005.pdf,,2022-12-23 06:13:00,pdfs/02469/prospectus_0.pdf,True
02469,Fenbi Ltd.,2023-01-09,prospectus,Listing Documents - [Offer for Subscription] - GREEN APPLICATION FORM,https://www1.hkexnews.hk/listedco/listconews/sehk/2022/1223/2022122300007.pdf,,2022-12-23 06:18:00,pdfs/02469/prospectus_1.pdf,True
02469,Fenbi Ltd.,2023-01-09,allotment,Announcements and Notices - [Allotment Results] - ANNOUNCEMENT OF OFFER PRICE AND ALLOTMENT RESULTS,https://www1.hkexnews.hk/listedco/listconews/sehk/2023/0106/10569217/2023010600012.pdf,https://www1.hkexnews.hk/listedco/listconews/sehk/2023/0106/2023010600010.htm,2023-01-06 06:20:00,pdfs/02469/allotment_0.pdf,True
02469,Fenbi Ltd.,2023-01-09,over_allotment_exercise,,,,,,False
02469,Fenbi Ltd.,2023-01-09,stabilization,"Announcements and Notices - [Other - Miscellaneous] - STABILIZING ACTIONS, END OF STABILIZATION PERIOD AND LAPSE OF THE OVER-ALLOTMENT OPTION",https://www1.hkexnews.hk/listedco/listconews/sehk/2023/0129/2023012900007.pdf,,2023-01-29 18:05:00,pdfs/02469/stabilization_0.pdf,True
02402,"Beijing SinoHytec Co., Ltd.",2023-01-12,prospectus,Listing Documents - [Offer for Subscription] - GLOBAL OFFERING,https://www1.hkexnews.hk/listedco/listconews/sehk/2022/1229/2022122900013.pdf,,2022-12-29 06:07:00,pdfs/02402/prospectus_0.pdf,True
02402,"Beijing SinoHytec Co., Ltd.",2023-01-12,prospectus,Listing Documents - [Offer for Subscription] - GREEN APPLICATION FORM,https://www1.hkexnews.hk/listedco/listconews/sehk/2022/1229/2022122900047.pdf,,2022-12-29 06:09:00,pdfs/02402/prospectus_1.pdf,True
02402,"Beijing SinoHytec Co., Ltd.",2023-01-12,allotment,Announcements and Notices - [Allotment Results] - Announcement of Allotment Results,https://www1.hkexnews.hk/listedco/listconews/sehk/2023/0111/10573259/2023011100008.pdf,https://www1.hkexnews.hk/listedco/listconews/sehk/2023/0111/2023011100006.htm,2023-01-11 06:09:00,pdfs/02402/allotment_0.pdf,True
02402,"Beijing SinoHytec Co., Ltd.",2023-01-12,over_allotment_exercise,,,,,,False
02402,"Beijing SinoHytec Co., Ltd.",2023-01-12,stabilization,"Announcements and Notices - [Other - Miscellaneous] - PARTIAL EXERCISE OF THE OVER-ALLOTMENT OPTION, STABILIZING ACTIONS AND END OF STABILIZATION PERIOD",https://www1.hkexnews.hk/listedco/listconews/sehk/2023/0206/2023020600005.pdf,,2023-02-06 07:46:00,pdfs/02402/stabilization_0.pdf,True
02147,Zhengwei Group Holdings Company Limited,2023-01-13,prospectus,Listing Documents - [Offer for Subscription] - SHARE OFFER,https://www1.hkexnews.hk/listedco/listconews/sehk/2022/1230/2022123000061.pdf,,2022-12-30 06:19:00,pdfs/02147/prospectus_0.pdf,True
02147,Zhengwei Group Holdings Company Limited,2023-01-13,prospectus,Listing Documents - [Offer for Subscription] - SHARE OFFER,https://www1.hkexnews.hk/listedco/listconews/sehk/2022/1230/10556116/2022123000085.pdf,https://www1.hkexnews.hk/listedco/listconews/sehk/2022/1230/2022123000080.htm,2022-12-30 06:42:00,pdfs/02147/prospectus_1.pdf,True
02147,Zhengwei Group Holdings Company Limited,2023-01-13,prospectus,Listing Documents - [Offer for Subscription] - Green Application Form,https://www1.hkexnews.hk/listedco/listconews/sehk/2022/1230/2022123000205.pdf,,2022-12-30 06:47:00,pdfs/02147/prospectus_2.pdf,True
02147,Zhengwei Group Holdings Company Limited,2023-01-13,allotment,Announcements and Notices - [Allotment Results] - ANNOUNCEMENT OF OFFER PRICE AND ALLOTMENT RESULTS,https://www1.hkexnews.hk/listedco/listconews/sehk/2023/0112/10574338/2023011200016.pdf,https://www1.hkexnews.hk/listedco/listconews/sehk/2023/0112/2023011200014.htm,2023-01-12 06:30:00,pdfs/02147/allotment_0.pdf,True
02147,Zhengwei Group Holdings Company Limited,2023-01-13,over_allotment_exercise,,,,,,False
02147,Zhengwei Group Holdings Company Limited,2023-01-13,stabilization,"Announcements and Notices - [Other - Miscellaneous] - END OF STABILISATION PERIOD, NO STABILISING ACTION AND LAPSE OF THE OVER-ALLOTMENT OPTION",https://www1.hkexnews.hk/listedco/listconews/sehk/2023/0210/2023021001132.pdf,,2023-02-10 22:34:00,pdfs/02147/stabilization_0.pdf,True
02458,Gala Technology Holding Limited,2023-01-16,prospectus,Listing Documents - [Offer for Subscription] - GLOBAL OFFERING,https://www1.hkexnews.hk/listedco/listconews/sehk/2022/1230/2022123000207.pdf,,2022-12-30 06:48:00,pdfs/02458/prospectus_0.pdf,True
02458,Gala Technology Holding Limited,2023-01-16,prospectus,Listing Documents - [Offer for Subscription] - GREEN APPLICATION FORM,https://www1.hkexnews.hk/listedco/listconews/sehk/2022/1230/2022123000209.pdf,,2022-12-30 06:50:00,pdfs/02458/prospectus_1.pdf,True
02458,Gala Technology Holding Limited,2023-01-16,allotment,Announcements and Notices - [Allotment Results] - ANNOUNCEMENT OF OFFER PRICE AND ALLOTMENT RESULTS,https://www1.hkexnews.hk/listedco/listconews/sehk/2023/0113/10575643/2023011300080.pdf,https://www1.hkexnews.hk/listedco/listconews/sehk/2023/0113/2023011300078.htm,2023-01-13 06:57:00,pdfs/02458/allotment_0.pdf,True
02458,Gala Technology Holding Limited,2023-01-16,over_allotment_exercise,,,,,,False
02458,Gala Technology Holding Limited,2023-01-16,stabilization,,,,,,False
02411,Shenzhen Pagoda Industrial (Group) Corporation Limited,2023-01-16,prospectus,Listing Documents - [Offer for Subscription] - GLOBAL OFFERING,https://www1.hkexnews.hk/listedco/listconews/sehk/2022/1229/2022122900077.pdf,,2022-12-29 06:15:00,pdfs/02411/prospectus_0.pdf,True
02411,Shenzhen Pagoda Industrial (Group) Corporation Limited,2023-01-16,prospectus,Listing Documents - [Offer for Subscription] - GLOBAL OFFERING,https://www1.hkexnews.hk/listedco/listconews/sehk/2022/1229/10554362/2022122900163.pdf,https://www1.hkexnews.hk/listedco/listconews/sehk/2022/1229/2022122900158.htm,2022-12-29 06:48:00,pdfs/02411/prospectus_1.pdf,True
02411,Shenzhen Pagoda Industrial (Group) Corporation Limited,2023-01-16,prospectus,Listing Documents - [Offer for Subscription] - GREEN APPLICATION FORM,https://www1.hkexnews.hk/listedco/listconews/sehk/2022/1229/2022122900315.pdf,,2022-12-29 06:53:00,pdfs/02411/prospectus_2.pdf,True
02411,Shenzhen Pagoda Industrial (Group) Corporation Limited,2023-01-16,allotment,Announcements and Notices - [Allotment Results] - Announcement of Offer Price and Allotment Results,https://www1.hkexnews.hk/listedco/listconews/sehk/2023/0113/10575581/2023011300020.pdf,https://www1.hkexnews.hk/listedco/listconews/sehk/2023/0113/2023011300018.htm,2023-01-13 06:14:00,pdfs/02411/allotment_0.pdf,True
02411,Shenzhen Pagoda Industrial (Group) Corporation Limited,2023-01-16,over_allotment_exercise,,,,,,False
02411,Shenzhen Pagoda Industrial (Group) Corporation Limited,2023-01-16,stabilization,"Announcements and Notices - [Other - Miscellaneous] - PARTIAL EXERCISE OF THE OVER-ALLOTMENT OPTION, STABILIZING ACTIONS AND END OF STABILIZATION PERIOD",https://www1.hkexnews.hk/listedco/listconews/sehk/2023/0208/2023020800810.pdf,,2023-02-08 22:50:00,pdfs/02411/stabilization_0.pdf,True
02373,Beauty Farm Medical and Health Industry Inc.,2023-01-16,prospectus,Listing Documents - [Offer for Subscription] - GLOBAL OFFERING,https://www1.hkexnews.hk/listedco/listconews/sehk/2022/1230/2022123000067.pdf,,2022-12-30 06:23:00,pdfs/02373/prospectus_0.pdf,True
02373,Beauty Farm Medical and Health Industry Inc.,2023-01-16,prospectus,Listing Documents - [Offer for Subscription] - GREEN APPLICATION FORM,https://www1.hkexnews.hk/listedco/listconews/sehk/2022/1230/2022123000069.pdf,,2022-12-30 06:24:00,pdfs/02373/prospectus_1.pdf,True
02373,Beauty Farm Medical and Health Industry Inc.,2023-01-16,allotment,Announcements and Notices - [Allotment Results] - ANNOUNCEMENT OF ALLOTMENT RESULTS,https://www1.hkexnews.hk/listedco/listconews/sehk/2023/0113/10575585/2023011300034.pdf,https://www1.hkexnews.hk/listedco/listconews/sehk/2023/0113/2023011300032.htm,2023-01-13 06:17:00,pdfs/02373/allotment_0.pdf,True
02373,Beauty Farm Medical and Health Industry Inc.,2023-01-16,over_allotment_exercise,,,,,,False
02373,Beauty Farm Medical and Health Industry Inc.,2023-01-16,stabilization,"Announcements and Notices - [Other - Miscellaneous] - FULL EXERCISE OF THE OVER-ALLOTMENT OPTION, STABILIZING ACTIONS AND END OF STABILIZATION PERIOD",https://www1.hkexnews.hk/listedco/listconews/sehk/2023/0205/2023020500007.pdf,,2023-02-05 18:06:00,pdfs/02373/stabilization_0.pdf,True
02459,SANERGY GROUP LIMITED,2023-01-17,prospectus,Listing Documents - [Offer for Subscription] - GLOBAL OFFERING,https://www1.hkexnews.hk/listedco/listconews/sehk/2022/1230/2022123000059.pdf,,2022-12-30 06:18:00,pdfs/02459/prospectus_0.pdf,True
02459,SANERGY GROUP LIMITED,2023-01-17,prospectus,Listing Documents - [Offer for Subscription] - GREEN APPLICATION FORM,https://www1.hkexnews.hk/listedco/listconews/sehk/2022/1230/2022123000063.pdf,,2022-12-30 06:21:00,pdfs/02459/prospectus_1.pdf,True
02459,SANERGY GROUP LIMITED,2023-01-17,allotment,Announcements and Notices - [Allotment Results] - ANNOUNCEMENT OF FINAL OFFER PRICE AND ALLOTMENT RESULTS,https://www1.hkexnews.hk/listedco/listconews/sehk/2023/0116/10577021/2023011600010.pdf,https://www1.hkexnews.hk/listedco/listconews/sehk/2023/0116/2023011600008.htm,2023-01-16 06:27:00,pdfs/02459/allotment_0.pdf,True
02459,SANERGY GROUP LIMITED,2023-01-17,over_allotment_exercise,,,,,,False
02459,SANERGY GROUP LIMITED,2023-01-17,stabilization,"Announcements and Notices - [Other - Miscellaneous] - END OF STABILISATION PERIOD, NO STABILISATION ACTIONS AND LAPSE OF OVER-ALLOTMENT OPTION",https://www1.hkexnews.hk/listedco/listconews/sehk/2023/0209/2023020900283.pdf,,2023-02-09 16:39:00,pdfs/02459/stabilization_0.pdf,True
02455,Runhua Living Service Group Holdings Limited,2023-01-17,prospectus,Listing Documents - [Offer for Subscription] - GLOBAL OFFERING,https://www1.hkexnews.hk/listedco/listconews/sehk/2022/1230/2022123000035.pdf,,2022-12-30 06:12:00,pdfs/02455/prospectus_0.pdf,True
02455,Runhua Living Service Group Holdings Limited,2023-01-17,prospectus,Listing Documents - [Offer for Subscription] - GREEN APPLICATION FORM,https://www1.hkexnews.hk/listedco/listconews/sehk/2022/1230/2022123000051.pdf,,2022-12-30 06:17:00,pdfs/02455/prospectus_1.pdf,True
02455,Runhua Living Service Group Holdings Limited,2023-01-17,allotment,Announcements and Notices - [Allotment Results] - Announcement of Offer Price and Allotment Result,https://www1.hkexnews.hk/listedco/listconews/sehk/2023/0116/10577027/2023011600026.pdf,https://www1.hkexnews.hk/listedco/listconews/sehk/2023/0116/2023011600024.htm,2023-01-16 06:40:00,pdfs/02455/allotment_0.pdf,True
02455,Runhua Living Service Group Holdings Limited,2023-01-17,over_allotment_exercise,,,,,,False
02455,Runhua Living Service Group Holdings Limited,2023-01-17,stabilization,"Announcements and Notices - [Other - Miscellaneous] - END OF STABILISATION PERIOD, NO STABILISING ACTION AND LAPSE OF THE OVER-ALLOTMENT OPTION",https://www1.hkexnews.hk/listedco/listconews/sehk/2023/0208/2023020800031.pdf,,2023-02-08 07:57:00,pdfs/02455/stabilization_0.pdf,True
02306,YH Entertainment Group,2023-01-19,prospectus,Listing Documents - [Offer for Subscription] - GLOBAL OFFERING,https://www1.hkexnews.hk/listedco/listconews/sehk/2022/1230/2022123000047.pdf,,2022-12-30 06:14:00,pdfs/02306/prospectus_0.pdf,True
02306,YH Entertainment Group,2023-01-19,prospectus,Listing Documents - [Offer for Subscription] - GREEN APPLICATION FORM,https://www1.hkexnews.hk/listedco/listconews/sehk/2022/1230/2022123000057.pdf,,2022-12-30 06:18:00,pdfs/02306/prospectus_1.pdf,True
02306,YH Entertainment Group,2023-01-19,allotment,Announcements and Notices - [Allotment Results] - ANNOUNCEMENT OF OFFER PRICE AND ALLOTMENT RESULTS,https://www1.hkexnews.hk/listedco/listconews/sehk/2023/0118/10579262/2023011800044.pdf,https://www1.hkexnews.hk/listedco/listconews/sehk/2023/0118/2023011800042.htm,2023-01-18 06:32:00,pdfs/02306/allotment_0.pdf,True
02306,YH Entertainment Group,2023-01-19,over_allotment_exercise,,,,,,False
02306,YH Entertainment Group,2023-01-19,stabilization,Announcements and Notices - [Other - Miscellaneous] - PARTIAL EXERCISE OF THE OVER-ALLOTMENT OPTION STABILIZING ACTIONS AND END OF STABILIZATION PERIOD,https://www1.hkexnews.hk/listedco/listconews/sehk/2023/0212/2023021200017.pdf,,2023-02-12 18:08:00,pdfs/02306/stabilization_0.pdf,True
02450,"Huaibei GreenGold Industry Investment Co., Ltd.",2023-01-20,prospectus,Listing Documents - [Offer for Subscription] - GLOBAL OFFERING,https://www1.hkexnews.hk/listedco/listconews/sehk/2022/1230/2022123000043.pdf,,2022-12-30 06:13:00,pdfs/02450/prospectus_0.pdf,True
02450,"Huaibei GreenGold Industry Investment Co., Ltd.",2023-01-20,prospectus,Listing Documents - [Offer for Subscription] - GREEN APPLICATION FORM,https://www1.hkexnews.hk/listedco/listconews/sehk/2022/1230/2022123000055.pdf,,2022-12-30 06:18:00,pdfs/02450/prospectus_1.pdf,True
02450,"Huaibei GreenGold Industry Investment Co., Ltd.",2023-01-20,allotment,Announcements and Notices - [Allotment Results] - Announcement of Offer Price and Allotment Results,https://www1.hkexnews.hk/listedco/listconews/sehk/2023/0119/10580437/2023011900020.pdf,https://www1.hkexnews.hk/listedco/listconews/sehk/2023/0119/2023011900018.htm,2023-01-19 06:31:00,pdfs/02450/allotment_0.pdf,True
02450,"Huaibei GreenGold Industry Investment Co., Ltd.",2023-01-20,over_allotment_exercise,,,,,,False
02450,"Huaibei GreenGold Industry Investment Co., Ltd.",2023-01-20,stabilization,"Announcements and Notices - [Other - Miscellaneous] - STABILISING ACTIONS, END OF STABILISATION PERIOD AND LAPSE OF THE OVER-ALLOTMENT OPTION",https://www1.hkexnews.hk/listedco/listconews/sehk/2023/0212/2023021200031.pdf,,2023-02-12 18:35:00,pdfs/02450/stabilization_0.pdf,True
02482,"Logory Logistics Technology Co., Ltd.",2023-03-09,prospectus,Listing Documents - [Offer for Subscription] - GLOBAL OFFERING,https://www1.hkexnews.hk/listedco/listconews/sehk/2023/0227/2023022700005.pdf,,2023-02-27 06:09:00,pdfs/02482/prospectus_0.pdf,True
02482,"Logory Logistics Technology Co., Ltd.",2023-03-09,prospectus,Listing Documents - [Offer for Subscription] - GREEN APPLICATION FORM,https://www1.hkexnews.hk/listedco/listconews/sehk/2023/0227/2023022700007.pdf,,2023-02-27 06:12:00,pdfs/02482/prospectus_1.pdf,True
02482,"Logory Logistics Technology Co., Ltd.",2023-03-09,allotment,Announcements and Notices - [Allotment Results] - Announcement of Offer Price and Allotment Results,https://www1.hkexnews.hk/listedco/listconews/sehk/2023/0308/10624749/2023030800010.pdf,https://www1.hkexnews.hk/listedco/listconews/sehk/2023/0308/2023030800008.htm,2023-03-08 06:20:00,pdfs/02482/allotment_0.pdf,True
02482,"Logory Logistics Technology Co., Ltd.",2023-03-09,over_allotment_exercise,,,,,,False
02482,"Logory Logistics Technology Co., Ltd.",2023-03-09,stabilization,"Announcements and Notices - [Other - Miscellaneous] - END OF STABILIZATION PERIOD, NO STABILIZING ACTIONS AND LAPSE OF OVER-ALLOTMENT OPTION",https://www1.hkexnews.hk/listedco/listconews/sehk/2023/0403/2023040300095.pdf,,2023-04-03 07:40:00,pdfs/02482/stabilization_0.pdf,True
09636,JF Wealth Holdings Ltd,2023-03-10,prospectus,Listing Documents - [Offer for Subscription] - GLOBAL OFFERING,https://www1.hkexnews.hk/listedco/listconews/sehk/2023/0228/2023022800011.pdf,,2023-02-28 06:16:00,pdfs/09636/prospectus_0.pdf,True
09636,JF Wealth Holdings Ltd,2023-03-10,prospectus,Listing Documents - [Offer for Subscription] - GREEN APPLICATION FORM,https://www1.hkexnews.hk/listedco/listconews/sehk/2023/0228/2023022800017.pdf,,2023-02-28 06:20:00,pdfs/09636/prospectus_1.pdf,True
09636,JF Wealth Holdings Ltd,2023-03-10,allotment,Announcements and Notices - [Allotment Results] - ANNOUNCEMENT OF FINAL OFFER PRICE AND ALLOTMENT RESULTS,https://www1.hkexnews.hk/listedco/listconews/sehk/2023/0309/10625859/2023030900010.pdf,https://www1.hkexnews.hk/listedco/listconews/sehk/2023/0309/2023030900008.htm,2023-03-09 06:24:00,pdfs/09636/allotment_0.pdf,True
09636,JF Wealth Holdings Ltd,2023-03-10,over_allotment_exercise,,,,,,False
09636,JF Wealth Holdings Ltd,2023-03-10,stabilization,Announcements and Notices - [Other - Miscellaneous] - PARTIAL EXERCISE OF THE OVER-ALLOTMENT OPTION STABILIZING ACTIONS AND END OF STABILIZATION PERIOD,https://www1.hkexnews.hk/listedco/listconews/sehk/2023/0402/2023040200127.pdf,,2023-04-02 18:30:00,pdfs/09636/stabilization_0.pdf,True
01405,DPC Dash Ltd,2023-03-28,prospectus,Listing Documents - [Offer for Subscription] - GLOBAL OFFERING,https://www1.hkexnews.hk/listedco/listconews/sehk/2023/0316/2023031600013.pdf,,2023-03-16 06:11:00,pdfs/01405/prospectus_0.pdf,True
01405,DPC Dash Ltd,2023-03-28,prospectus,Listing Documents - [Offer for Subscription] - GLOBAL OFFERING,https://www1.hkexnews.hk/listedco/listconews/sehk/2023/0316/10633229/2023031600039.pdf,https://www1.hkexnews.hk/listedco/listconews/sehk/2023/0316/2023031600034.htm,2023-03-16 06:28:00,pdfs/01405/prospectus_1.pdf,True
01405,DPC Dash Ltd,2023-03-28,prospectus,Listing Documents - [Offer for Subscription] - GREEN APPLICATION FORM,https://www1.hkexnews.hk/listedco/listconews/sehk/2023/0316/2023031600103.pdf,,2023-03-16 06:31:00,pdfs/01405/prospectus_2.pdf,True
01405,DPC Dash Ltd,2023-03-28,allotment,Announcements and Notices - [Allotment Results] - Announcement of Offer Price and Allotment Results,https://www1.hkexnews.hk/listedco/listconews/sehk/2023/0327/10646031/2023032700032.pdf,https://www1.hkexnews.hk/listedco/listconews/sehk/2023/0327/2023032700030.htm,2023-03-27 06:27:00,pdfs/01405/allotment_0.pdf,True
01405,DPC Dash Ltd,2023-03-28,over_allotment_exercise,Announcements and Notices - [Other - Miscellaneous] - PARTIAL EXERCISE OF THE OVER-ALLOTMENT OPTION,https://www1.hkexnews.hk/listedco/listconews/sehk/2023/0403/2023040304079.pdf,,2023-04-03 22:47:00,pdfs/01405/over_allotment_exercise_0.pdf,True
01405,DPC Dash Ltd,2023-03-28,stabilization,Announcements and Notices - [Other - Miscellaneous] - STABILIZING ACTIONS AND END OF STABILIZATION PERIOD,https://www1.hkexnews.hk/listedco/listconews/sehk/2023/0420/2023042000559.pdf,,2023-04-20 16:40:00,pdfs/01405/stabilization_0.pdf,True
02409,Seacon Shipping Group Holdings Limited,2023-03-29,prospectus,Listing Documents - [Offer for Subscription] - GLOBAL OFFERING,https://www1.hkexnews.hk/listedco/listconews/sehk/2023/0314/2023031400009.pdf,,2023-03-14 06:12:00,pdfs/02409/prospectus_0.pdf,True
02409,Seacon Shipping Group Holdings Limited,2023-03-29,prospectus,Listing Documents - [Offer for Subscription] - GREEN APPLICATION FORM,https://www1.hkexnews.hk/listedco/listconews/sehk/2023/0314/2023031400019.pdf,,2023-03-14 06:18:00,pdfs/02409/prospectus_1.pdf,True
02409,Seacon Shipping Group Holdings Limited,2023-03-29,allotment,Announcements and Notices - [Allotment Results] - IPO Allotment Results,https://www1.hkexnews.hk/listedco/listconews/sehk/2023/0328/10648100/2023032800040.pdf,https://www1.hkexnews.hk/listedco/listconews/sehk/2023/0328/2023032800038.htm,2023-03-28 06:24:00,pdfs/02409/allotment_0.pdf,True
02409,Seacon Shipping Group Holdings Limited,2023-03-29,over_allotment_exercise,,,,,,False
02409,Seacon Shipping Group Holdings Limited,2023-03-29,stabilization,"Announcements and Notices - [Other - Miscellaneous] - STABILIZING ACTIONS, END OF STABILIZATION PERIOD AND LAPSE OF OVER-ALLOTMENT OPTION",https://www1.hkexnews.hk/listedco/listconews/sehk/2023/0416/2023041600007.pdf,,2023-04-16 18:07:00,pdfs/02409/stabilization_0.pdf,True
02433,Zhongtian Construction (Hunan) Group Limited,2023-03-30,prospectus,Listing Documents - [Offer for Subscription] - GLOBAL OFFERING,https://www1.hkexnews.hk/listedco/listconews/sehk/2023/0320/2023032000005.pdf,,2023-03-20 06:08:00,pdfs/02433/prospectus_0.pdf,True
02433,Zhongtian Construction (Hunan) Group Limited,2023-03-30,prospectus,Listing Documents - [Offer for Subscription] - GLOBAL OFFERING,https://www1.hkexnews.hk/listedco/listconews/sehk/2023/0320/10636538/2023032000013.pdf,https://www1.hkexnews.hk/listedco/listconews/sehk/2023/0320/2023032000008.htm,2023-03-20 06:12:00,pdfs/02433/prospectus_1.pdf,True
02433,Zhongtian Construction (Hunan) Group Limited,2023-03-30,prospectus,Listing Documents - [Offer for Subscription] - GREEN APPLICATION FORM,https://www1.hkexnews.hk/listedco/listconews/sehk/2023/0320/2023032000077.pdf,,2023-03-20 06:14:00,pdfs/02433/prospectus_2.pdf,True
02433,Zhongtian Construction (Hunan) Group Limited,2023-03-30,allotment,Announcements and Notices - [Allotment Results] - ANNOUNCEMENT OF OFFER PRICE AND ALLOTMENT RESULTS,https://www1.hkexnews.hk/listedco/listconews/sehk/2023/0329/10650645/2023032900044.pdf,https://www1.hkexnews.hk/listedco/listconews/sehk/2023/0329/2023032900042.htm,2023-03-29 06:26:00,pdfs/02433/allotment_0.pdf,True
02433,Zhongtian Construction (Hunan) Group Limited,2023-03-30,over_allotment_exercise,,,,,,False
02433,Zhongtian Construction (Hunan) Group Limited,2023-03-30,stabilization,"Announcements and Notices - [Other - Miscellaneous] - END OF STABILISATION PERIOD, NO STABILISING ACTION AND LAPSE OF THE OVER-ALLOTMENT OPTION",https://www1.hkexnews.hk/listedco/listconews/sehk/2023/0424/2023042400020.pdf,,2023-04-24 07:02:00,pdfs/02433/stabilization_0.pdf,True
02439,China Treasures New Materials Group Ltd.,2023-03-31,prospectus,Listing Documents - [Offer for Subscription] - GLOBAL OFFERING,https://www1.hkexnews.hk/listedco/listconews/sehk/2023/0321/2023032100047.pdf,,2023-03-21 06:38:00,pdfs/02439/prospectus_0.pdf,True
02439,China Treasures New Materials Group Ltd.,2023-03-31,prospectus,Listing Documents - [Offer for Subscription] - GLOBAL OFFERING,https://www1.hkexnews.hk/listedco/listconews/sehk/2023/0321/10638301/2023032100055.pdf,https://www1.hkexnews.hk/listedco/listconews/sehk/2023/0321/2023032100050.htm,2023-03-21 06:39:00,pdfs/02439/prospectus_1.pdf,True
02439,China Treasures New Materials Group Ltd.,2023-03-31,prospectus,Listing Documents - [Offer for Subscription] - GREEN APPLICATION FORM,https://www1.hkexnews.hk/listedco/listconews/sehk/2023/0321/2023032100123.pdf,,2023-03-21 06:42:00,pdfs/02439/prospectus_2.pdf,True
02439,China Treasures New Materials Group Ltd.,2023-03-31,allotment,Announcements and Notices - [Allotment Results] - ANNOUNCEMENT OF OFFER PRICE AND ALLOTMENT RESULTS,https://www1.hkexnews.hk/listedco/listconews/sehk/2023/0330/10653650/2023033000222.pdf,https://www1.hkexnews.hk/listedco/listconews/sehk/2023/0330/2023033000220.htm,2023-03-30 06:44:00,pdfs/02439/allotment_0.pdf,True
02439,China Treasures New Materials Group Ltd.,2023-03-31,over_allotment_exercise,,,,,,False
02439,China Treasures New Materials Group Ltd.,2023-03-31,stabilization,"Announcements and Notices - [Other - Miscellaneous] - END OF STABILISATION PERIOD, NO STABILISING ACTIONS AND LAPSE OF OVER-ALLOTMENT OPTION",https://www1.hkexnews.hk/listedco/listconews/sehk/2023/0424/2023042400062.pdf,,2023-04-24 08:00:00,pdfs/02439/stabilization_0.pdf,True
02405,Powerwin Tech Group Limited,2023-03-31,prospectus,Listing Documents - [Offer for Subscription] - GLOBAL OFFERING,https://www1.hkexnews.hk/listedco/listconews/sehk/2023/0321/2023032100009.pdf,,2023-03-21 06:09:00,pdfs/02405/prospectus_0.pdf,True
02405,Powerwin Tech Group Limited,2023-03-31,prospectus,Listing Documents - [Offer for Subscription] - GREEN APPLICATION FORM,https://www1.hkexnews.hk/listedco/listconews/sehk/2023/0321/2023032100011.pdf,,2023-03-21 06:12:00,pdfs/02405/prospectus_1.pdf,True
02405,Powerwin Tech Group Limited,2023-03-31,allotment,Announcements and Notices - [Allotment Results] - Announcement of Offer Price and Allotment Results,https://www1.hkexnews.hk/listedco/listconews/sehk/2023/0330/10653526/2023033000100.pdf,https://www1.hkexnews.hk/listedco/listconews/sehk/2023/0330/2023033000098.htm,2023-03-30 06:23:00,pdfs/02405/allotment_0.pdf,True
02405,Powerwin Tech Group Limited,2023-03-31,over_allotment_exercise,,,,,,False
02405,Powerwin Tech Group Limited,2023-03-31,stabilization,"Announcements and Notices - [Other - Miscellaneous] - END OF STABILIZATION PERIOD, NO STABILIZING ACTION AND LAPSE OF THE OVER-ALLOTMENT OPTION",https://www1.hkexnews.hk/listedco/listconews/sehk/2023/0423/2023042300029.pdf,,2023-04-23 18:16:00,pdfs/02405/stabilization_0.pdf,True
09669,Beisen Holding Limited,2023-04-13,prospectus,Listing Documents - [Offer for Subscription] - GLOBAL OFFERING,https://www1.hkexnews.hk/listedco/listconews/sehk/2023/0330/2023033000235.pdf,,2023-03-30 06:44:00,pdfs/09669/prospectus_0.pdf,True
09669,Beisen Holding Limited,2023-04-13,prospectus,Listing Documents - [Offer for Subscription] - GLOBAL OFFERING,https://www1.hkexnews.hk/listedco/listconews/sehk/2023/0330/10653744/2023033000329.pdf,https://www1.hkexnews.hk/listedco/listconews/sehk/2023/0330/2023033000324.htm,2023-03-30 07:06:00,pdfs/09669/prospectus_1.pdf,True
09669,Beisen Holding Limited,2023-04-13,prospectus,Listing Documents - [Offer for Subscription] - GREEN APPLICATION FORM,https://www1.hkexnews.hk/listedco/listconews/sehk/2023/0330/2023033000397.pdf,,2023-03-30 07:11:00,pdfs/09669/prospectus_2.pdf,True
09669,Beisen Holding Limited,2023-04-13,allotment,Announcements and Notices - [Allotment Results] - ANNOUNCEMENT OF OFFER PRICE AND ALLOTMENT RESULTS,https://www1.hkexnews.hk/listedco/listconews/sehk/2023/0412/10684679/2023041200012.pdf,https://www1.hkexnews.hk/listedco/listconews/sehk/2023/0412/2023041200010.htm,2023-04-12 06:22:00,pdfs/09669/allotment_0.pdf,True
09669,Beisen Holding Limited,2023-04-13,over_allotment_exercise,,,,,,False
09669,Beisen Holding Limited,2023-04-13,stabilization,"Announcements and Notices - [Other - Miscellaneous] - STABILIZING ACTIONS, END OF STABILIZATION PERIOD AND LAPSE OF THE OVER-ALLOTMENT OPTION",https://www1.hkexnews.hk/listedco/listconews/sehk/2023/0504/2023050401929.pdf,,2023-05-04 19:28:00,pdfs/09669/stabilization_0.pdf,True
06979,ZJLD Group Inc,2023-04-27,prospectus,Listing Documents - [Offer for Subscription] - GLOBAL OFFERING,https://www1.hkexnews.hk/listedco/listconews/sehk/2023/0417/2023041700013.pdf,,2023-04-17 06:29:00,pdfs/06979/prospectus_0.pdf,True
06979,ZJLD Group Inc,2023-04-27,prospectus,Listing Documents - [Offer for Subscription] - GLOBAL OFFERING,https://www1.hkexnews.hk/listedco/listconews/sehk/2023/0417/10689638/2023041700049.pdf,https://www1.hkexnews.hk/listedco/listconews/sehk/2023/0417/2023041700044.htm,2023-04-17 06:55:00,pdfs/06979/prospectus_1.pdf,True
06979,ZJLD Group Inc,2023-04-27,prospectus,Listing Documents - [Offer for Subscription] - GREEN APPLICATION FORM,https://www1.hkexnews.hk/listedco/listconews/sehk/2023/0417/2023041700111.pdf,,2023-04-17 07:03:00,pdfs/06979/prospectus_2.pdf,True
06979,ZJLD Group Inc,2023-04-27,allotment,Announcements and Notices - [Allotment Results] - ANNOUNCEMENT OF OFFER PRICE AND ALLOTMENT RESULTS,https://www1.hkexnews.hk/listedco/listconews/sehk/2023/0426/10705031/2023042600064.pdf,https://www1.hkexnews.hk/listedco/listconews/sehk/2023/0426/2023042600060.htm,2023-04-26 06:30:00,pdfs/06979/allotment_0.pdf,True
06979,ZJLD Group Inc,2023-04-27,over_allotment_exercise,,,,,,False
06979,ZJLD Group Inc,2023-04-27,stabilization,"Announcements and Notices - [Other - Miscellaneous] - STABILIZING ACTIONS, END OF STABILIZATION PERIOD AND LAPSE OF THE OVER-ALLOTMENT OPTION",https://www1.hkexnews.hk/listedco/listconews/sehk/2023/0525/2023052500386.pdf,,2023-05-25 16:31:00,pdfs/06979/stabilization_0.pdf,True
02415,MedSci Healthcare Holdings Limited,2023-04-27,prospectus,Listing Documents - [Offer for Subscription] - GLOBAL OFFERING,https://www1.hkexnews.hk/listedco/listconews/sehk/2023/0417/2023041700009.pdf,,2023-04-17 06:15:00,pdfs/02415/prospectus_0.pdf,True
02415,MedSci Healthcare Holdings Limited,2023-04-27,prospectus,Listing Documents - [Offer for Subscription] - GREEN APPLICATION FORM,https://www1.hkexnews.hk/listedco/listconews/sehk/2023/0417/2023041700011.pdf,,2023-04-17 06:17:00,pdfs/02415/prospectus_1.pdf,True
02415,MedSci Healthcare Holdings Limited,2023-04-27,allotment,Announcements and Notices - [Allotment Results] - Announcement of Offer Price and Allotment Results,https://www1.hkexnews.hk/listedco/listconews/sehk/2023/0426/10705025/2023042600048.pdf,https://www1.hkexnews.hk/listedco/listconews/sehk/2023/0426/2023042600046.htm,2023-04-26 06:30:00,pdfs/02415/allotment_0.pdf,True
02415,MedSci Healthcare Holdings Limited,2023-04-27,over_allotment_exercise,,,,,,False
02415,MedSci Healthcare Holdings Limited,2023-04-27,stabilization,,,,,,False
02480,"Beijing Luzhu Biotechnology Co., Ltd.",2023-05-08,prospectus,Listing Documents - [Offer for Subscription] - GREEN APPLICATION FORM,https://www1.hkexnews.hk/listedco/listconews/sehk/2023/0425/2023042500041.pdf,,2023-04-25 06:37:00,pdfs/02480/prospectus_0.pdf,True
02480,"Beijing Luzhu Biotechnology Co., Ltd.",2023-05-08,prospectus,Listing Documents - [Offer for Subscription] - GLOBAL OFFERING,https://www1.hkexnews.hk/listedco/listconews/sehk/2023/0425/2023042500039.pdf,,2023-04-25 06:37:00,pdfs/02480/prospectus_1.pdf,True
02480,"Beijing Luzhu Biotechnology Co., Ltd.",2023-05-08,allotment,Announcements and Notices - [Allotment Results] - Announcement of Offer Price and Allotment Results,https://www1.hkexnews.hk/listedco/listconews/sehk/2023/0505/10727095/2023050500010.pdf,https://www1.hkexnews.hk/listedco/listconews/sehk/2023/0505/2023050500008.htm,2023-05-05 06:17:00,pdfs/02480/allotment_0.pdf,True
02480,"Beijing Luzhu Biotechnology Co., Ltd.",2023-05-08,over_allotment_exercise,,,,,,False
02480,"Beijing Luzhu Biotechnology Co., Ltd.",2023-05-08,stabilization,"Announcements and Notices - [Other - Miscellaneous] - STABILIZING ACTIONS, END OF STABILIZATION PERIOD AND LAPSE OF THE OVER-ALLOTMENT OPTION",https://www1.hkexnews.hk/listedco/listconews/sehk/2023/0528/2023052800097.pdf,,2023-05-28 18:17:00,pdfs/02480/stabilization_0.pdf,True
02442,Easy Smart Group Holdings Limited,2023-05-09,prospectus,Listing Documents - [Offer for Subscription] - SHARE OFFER,https://www1.hkexnews.hk/listedco/listconews/sehk/2023/0425/2023042500029.pdf,,2023-04-25 06:26:00,pdfs/02442/prospectus_0.pdf,True
02442,Easy Smart Group Holdings Limited,2023-05-09,prospectus,Listing Documents - [Offer for Subscription] - GREEN APPLICATION FORM,https://www1.hkexnews.hk/listedco/listconews/sehk/2023/0425/2023042500031.pdf,,2023-04-25 06:31:00,pdfs/02442/prospectus_1.pdf,True
02442,Easy Smart Group Holdings Limited,2023-05-09,allotment,Announcements and Notices - [Allotment Results] - Announcement of Offer Price and Allotment Results,https://www1.hkexnews.hk/listedco/listconews/sehk/2023/0508/10729328/2023050800006.pdf,https://www1.hkexnews.hk/listedco/listconews/sehk/2023/0508/2023050800004.htm,2023-05-08 06:21:00,pdfs/02442/allotment_0.pdf,True
02442,Easy Smart Group Holdings Limited,2023-05-09,over_allotment_exercise,,,,,,False
02442,Easy Smart Group Holdings Limited,2023-05-09,stabilization,"Announcements and Notices - [Other - Miscellaneous] - End of Stabilisation Period, No Stabilising Action and Lapse of the Over-allotment Option",https://www1.hkexnews.hk/listedco/listconews/sehk/2023/0529/2023052900093.pdf,,2023-05-29 08:00:00,pdfs/02442/stabilization_0.pdf,True
02486,Plus Group Holdings Inc.,2023-05-11,prospectus,Listing Documents - [Offer for Subscription] - GLOBAL OFFERING,https://www1.hkexnews.hk/listedco/listconews/sehk/2023/0428/2023042800147.pdf,,2023-04-28 06:39:00,pdfs/02486/prospectus_0.pdf,True
02486,Plus Group Holdings Inc.,2023-05-11,prospectus,Listing Documents - [Offer for Subscription] - GREEN APPLICATION FORM,https://www1.hkexnews.hk/listedco/listconews/sehk/2023/0428/2023042800169.pdf,,2023-04-28 06:45:00,pdfs/02486/prospectus_1.pdf,True
02486,Plus Group Holdings Inc.,2023-05-11,allotment,Announcements and Notices - [Allotment Results] - ANNOUNCEMENT OF OFFER PRICE AND ALLOTMENT RESULTS,https://www1.hkexnews.hk/listedco/listconews/sehk/2023/0510/10731979/2023051000026.pdf,https://www1.hkexnews.hk/listedco/listconews/sehk/2023/0510/2023051000024.htm,2023-05-10 06:18:00,pdfs/02486/allotment_0.pdf,True
02486,Plus Group Holdings Inc.,2023-05-11,over_allotment_exercise,,,,,,False
02486,Plus Group Holdings Inc.,2023-05-11,stabilization,"Announcements and Notices - [Other - Miscellaneous] - STABILISING ACTIONS, END OF STABILISATION PERIOD AND LAPSE OF THE OVER-ALLOTMENT OPTION",https://www1.hkexnews.hk/listedco/listconews/sehk/2023/0604/2023060400005.pdf,,2023-06-07 16:36:00,pdfs/02486/stabilization_0.pdf,True
02416,Edianyun Limited,2023-05-25,prospectus,Listing Documents - [Offer for Subscription] - GLOBAL OFFERING,https://www1.hkexnews.hk/listedco/listconews/sehk/2023/0515/2023051500005.pdf,,2023-05-15 06:09:00,pdfs/02416/prospectus_0.pdf,True
02416,Edianyun Limited,2023-05-25,prospectus,Listing Documents - [Offer for Subscription] - GREEN APPLICATION FORM,https://www1.hkexnews.hk/listedco/listconews/sehk/2023/0515/2023051500007.pdf,,2023-05-15 06:11:00,pdfs/02416/prospectus_1.pdf,True
02416,Edianyun Limited,2023-05-25,allotment,Announcements and Notices - [Allotment Results] - ANNOUNCEMENT OF OFFER PRICE AND ALLOTMENT RESULTS,https://www1.hkexnews.hk/listedco/listconews/sehk/2023/0524/10746040/2023052400062.pdf,https://www1.hkexnews.hk/listedco/listconews/sehk/2023/0524/2023052400060.htm,2023-05-24 06:25:00,pdfs/02416/allotment_0.pdf,True
02416,Edianyun Limited,2023-05-25,over_allotment_exercise,,,,,,False
02416,Edianyun Limited,2023-05-25,stabilization,"Announcements and Notices - [Other - Miscellaneous] - End of Stabilization Period, No Stabilizing Actions and Lapse of the Over-allotment Option",https://www1.hkexnews.hk/listedco/listconews/sehk/2023/0618/2023061800019.pdf,,2023-06-18 18:12:00,pdfs/02416/stabilization_0.pdf,True
09930,Horizon Construction Development Limited,2023-05-25,prospectus,Listing Documents - [Offer for Subscription] - GLOBAL OFFERING,https://www1.hkexnews.hk/listedco/listconews/sehk/2023/0512/2023051200007.pdf,,2023-05-12 06:12:00,pdfs/09930/prospectus_0.pdf,True
09930,Horizon Construction Development Limited,2023-05-25,prospectus,Listing Documents - [Offer for Subscription] - GREEN APPLICATION FORM,https://www1.hkexnews.hk/listedco/listconews/sehk/2023/0512/2023051200009.pdf,,2023-05-12 06:14:00,pdfs/09930/prospectus_1.pdf,True
09930,Horizon Construction Development Limited,2023-05-25,prospectus,Listing Documents - [Offer for Subscription] - BLUE APPLICATION FORM,https://www1.hkexnews.hk/listedco/listconews/sehk/2023/0512/2023051200011.pdf,,2023-05-12 06:17:00,pdfs/09930/prospectus_2.pdf,True
09930,Horizon Construction Development Limited,2023-05-25,allotment,Announcements and Notices - [Allotment Results] - ANNOUNCEMENT OF OFFER PRICE AND ALLOTMENT RESULTS,https://www1.hkexnews.hk/listedco/listconews/sehk/2023/0524/10746038/2023052400048.pdf,https://www1.hkexnews.hk/listedco/listconews/sehk/2023/0524/2023052400046.htm,2023-05-24 06:24:00,pdfs/09930/allotment_0.pdf,True
09930,Horizon Construction Development Limited,2023-05-25,over_allotment_exercise,,,,,,False
09930,Horizon Construction Development Limited,2023-05-25,stabilization,"Announcements and Notices - [Other - Miscellaneous] - END OF STABILISATION PERIOD, NO STABILISING ACTION AND LAPSE OF THE OVER-ALLOTMENT OPTION",https://www1.hkexnews.hk/listedco/listconews/sehk/2023/0619/2023061900189.pdf,,2023-06-19 12:02:00,pdfs/09930/stabilization_0.pdf,True
02487,Cutia Therapeutics,2023-06-12,prospectus,Listing Documents - [Offer for Subscription] - GLOBAL OFFERING,https://www1.hkexnews.hk/listedco/listconews/sehk/2023/0531/2023053100049.pdf,,2023-05-31 06:18:00,pdfs/02487/prospectus_0.pdf,True
02487,Cutia Therapeutics,2023-06-12,prospectus,Listing Documents - [Offer for Subscription] - GREEN APPLICATION FORM,https://www1.hkexnews.hk/listedco/listconews/sehk/2023/0531/2023053100055.pdf,,2023-05-31 06:22:00,pdfs/02487/prospectus_1.pdf,True
02487,Cutia Therapeutics,2023-06-12,prospectus,Listing Documents - [Offer for Subscription] - GLOBAL OFFERING,https://www1.hkexnews.hk/listedco/listconews/sehk/2023/0531/10753466/2023053100179.pdf,https://www1.hkexnews.hk/listedco/listconews/sehk/2023/0531/2023053100174.htm,2023-05-31 08:29:00,pdfs/02487/prospectus_2.pdf,True
02487,Cutia Therapeutics,2023-06-12,allotment,Announcements and Notices - [Allotment Results] - ANNOUNCEMENT OF OFFER PRICE AND ALLOTMENT RESULTS,https://www1.hkexnews.hk/listedco/listconews/sehk/2023/0609/10768739/2023060900018.pdf,https://www1.hkexnews.hk/listedco/listconews/sehk/2023/0609/2023060900016.htm,2023-06-09 06:23:00,pdfs/02487/allotment_0.pdf,True
02487,Cutia Therapeutics,2023-06-12,over_allotment_exercise,,,,,,False
02487,Cutia Therapeutics,2023-06-12,stabilization,"Announcements and Notices - [Other - Miscellaneous] - STABILIZING ACTIONS, END OF STABILIZATION PERIOD AND LAPSE OF THE OVER-ALLOTMENT OPTION",https://www1.hkexnews.hk/listedco/listconews/sehk/2023/0705/2023070500577.pdf,,2023-07-05 16:32:00,pdfs/02487/stabilization_0.pdf,True
09885,YSB Inc.,2023-06-28,prospectus,Listing Documents - [Offer for Subscription] - GLOBAL OFFERING,https://www1.hkexnews.hk/listedco/listconews/sehk/2023/0615/2023061500041.pdf,,2023-06-15 06:20:00,pdfs/09885/prospectus_0.pdf,True
09885,YSB Inc.,2023-06-28,prospectus,Listing Documents - [Offer for Subscription] - GLOBAL OFFERING,https://www1.hkexnews.hk/listedco/listconews/sehk/2023/0615/10774317/2023061500051.pdf,https://www1.hkexnews.hk/listedco/listconews/sehk/2023/0615/2023061500046.htm,2023-06-15 06:52:00,pdfs/09885/prospectus_1.pdf,True
09885,YSB Inc.,2023-06-28,prospectus,Listing Documents - [Offer for Subscription] - GREEN APPLICATION FORM,https://www1.hkexnews.hk/listedco/listconews/sehk/2023/0615/2023061500117.pdf,,2023-06-15 07:00:00,pdfs/09885/prospectus_2.pdf,True
09885,YSB Inc.,2023-06-28,allotment,Announcements and Notices - [Allotment Results] - Announcement of Offer Price and Allotment Results,https://www1.hkexnews.hk/listedco/listconews/sehk/2023/0627/10785563/2023062700056.pdf,https://www1.hkexnews.hk/listedco/listconews/sehk/2023/0627/2023062700054.htm,2023-06-27 06:26:00,pdfs/09885/allotment_0.pdf,True
09885,YSB Inc.,2023-06-28,over_allotment_exercise,,,,,,False
09885,YSB Inc.,2023-06-28,stabilization,"Announcements and Notices - [Other - Miscellaneous] - PARTIAL EXERCISE OF THE OVER-ALLOTMENT OPTION, STABILIZING ACTIONS AND END OF STABILIZATION PERIOD",https://www1.hkexnews.hk/listedco/listconews/sehk/2023/0720/2023072001211.pdf,,2023-07-20 22:23:00,pdfs/09885/stabilization_0.pdf,True
02105,"Laekna, Inc.",2023-06-29,prospectus,Listing Documents - [Offer for Subscription] - GLOBAL OFFERING,https://www1.hkexnews.hk/listedco/listconews/sehk/2023/0616/2023061600013.pdf,,2023-06-16 06:17:00,pdfs/02105/prospectus_0.pdf,True
02105,"Laekna, Inc.",2023-06-29,prospectus,Listing Documents - [Offer for Subscription] - GREEN APPLICATION FORM,https://www1.hkexnews.hk/listedco/listconews/sehk/2023/0616/2023061600015.pdf,,2023-06-16 06:23:00,pdfs/02105/prospectus_1.pdf,True
02105,"Laekna, Inc.",2023-06-29,allotment,Announcements and Notices - [Allotment Results] - ANNOUNCEMENT OF OFFER PRICE AND ALLOTMENT RESULTS,https://www1.hkexnews.hk/listedco/listconews/sehk/2023/0628/10787145/2023062800054.pdf,https://www1.hkexnews.hk/listedco/listconews/sehk/2023/0628/2023062800052.htm,2023-06-28 06:30:00,pdfs/02105/allotment_0.pdf,True
02105,"Laekna, Inc.",2023-06-29,over_allotment_exercise,,,,,,False
02105,"Laekna, Inc.",2023-06-29,stabilization,,,,,,False
09860,ADICON Holdings Limited,2023-06-30,prospectus,Listing Documents - [Offer for Subscription] - GLOBAL OFFERING,https://www1.hkexnews.hk/listedco/listconews/sehk/2023/0619/2023061900005.pdf,,2023-06-19 06:15:00,pdfs/09860/prospectus_0.pdf,True
09860,ADICON Holdings Limited,2023-06-30,prospectus,Listing Documents - [Offer for Subscription] - GREEN APPLICATION FORM,https://www1.hkexnews.hk/listedco/listconews/sehk/2023/0619/2023061900007.pdf,,2023-06-19 06:19:00,pdfs/09860/prospectus_1.pdf,True
09860,ADICON Holdings Limited,2023-06-30,allotment,Announcements and Notices - [Allotment Results] - ANNOUNCEMENT OF OFFER PRICE AND ALLOTMENT RESULTS,https://www1.hkexnews.hk/listedco/listconews/sehk/2023/0629/10789237/2023062900126.pdf,https://www1.hkexnews.hk/listedco/listconews/sehk/2023/0629/2023062900124.htm,2023-06-29 06:25:00,pdfs/09860/allotment_0.pdf,True
09860,ADICON Holdings Limited,2023-06-30,over_allotment_exercise,,,,,,False
09860,ADICON Holdings Limited,2023-06-30,stabilization,Announcements and Notices - [Other - Miscellaneous] - PARTIAL EXERCISE OF THE OVER-ALLOTMENT OPTION STABILIZING ACTIONS AND END OF STABILIZATION PERIOD,https://www1.hkexnews.hk/listedco/listconews/sehk/2023/0723/2023072300027.pdf,,2023-07-23 19:39:00,pdfs/09860/stabilization_0.pdf,True
02481,"Wise Living Technology Co., Ltd",2023-07-10,prospectus,Listing Documents - [Offer for Subscription] - GLOBAL OFFERING,https://www1.hkexnews.hk/listedco/listconews/sehk/2023/0628/2023062800029.pdf,,2023-06-28 06:13:00,pdfs/02481/prospectus_0.pdf,True
02481,"Wise Living Technology Co., Ltd",2023-07-10,prospectus,Listing Documents - [Offer for Subscription] - GREEN APPLICATION FORM,https://www1.hkexnews.hk/listedco/listconews/sehk/2023/0628/2023062800033.pdf,,2023-06-28 06:15:00,pdfs/02481/prospectus_1.pdf,True
02481,"Wise Living Technology Co., Ltd",2023-07-10,allotment,Announcements and Notices - [Allotment Results] - Announcement of Offer Price and Allotment Results,https://www1.hkexnews.hk/listedco/listconews/sehk/2023/0707/10809436/2023070700064.pdf,https://www1.hkexnews.hk/listedco/listconews/sehk/2023/0707/2023070700062.htm,2023-07-07 06:29:00,pdfs/02481/allotment_0.pdf,True
02481,"Wise Living Technology Co., Ltd",2023-07-10,over_allotment_exercise,,,,,,False
02481,"Wise Living Technology Co., Ltd",2023-07-10,stabilization,"Announcements and Notices - [Other - Miscellaneous] - END OF STABILISATION PERIOD, NO STABILISING ACTION AND LAPSE OF THE OVER-ALLOTMENT OPTION",https://www1.hkexnews.hk/listedco/listconews/sehk/2023/0802/2023080201548.pdf,,2023-08-02 18:35:00,pdfs/02481/stabilization_0.pdf,True
06990,"Sichuan Kelun-Biotech Biopharmaceutical Co., Ltd.",2023-07-11,prospectus,Listing Documents - [Offer for Subscription] - GLOBAL OFFERING,https://www1.hkexnews.hk/listedco/listconews/sehk/2023/0629/2023062900043.pdf,,2023-06-29 06:22:00,pdfs/06990/prospectus_0.pdf,True
06990,"Sichuan Kelun-Biotech Biopharmaceutical Co., Ltd.",2023-07-11,prospectus,Listing Documents - [Offer for Subscription] - GREEN APPLICATION FORM,https://www1.hkexnews.hk/listedco/listconews/sehk/2023/0629/2023062900149.pdf,,2023-06-29 06:29:00,pdfs/06990/prospectus_1.pdf,True
06990,"Sichuan Kelun-Biotech Biopharmaceutical Co., Ltd.",2023-07-11,allotment,Announcements and Notices - [Allotment Results] - Announcement Of Final Offer Price And Allotment Results,https://www1.hkexnews.hk/listedco/listconews/sehk/2023/0710/10810765/2023071000010.pdf,https://www1.hkexnews.hk/listedco/listconews/sehk/2023/0710/2023071000008.htm,2023-07-10 06:37:00,pdfs/06990/allotment_0.pdf,True
06990,"Sichuan Kelun-Biotech Biopharmaceutical Co., Ltd.",2023-07-11,over_allotment_exercise,,,,,,False
06990,"Sichuan Kelun-Biotech Biopharmaceutical Co., Ltd.",2023-07-11,stabilization,"Announcements and Notices - [Other - Miscellaneous] - FULL EXERCISE OF THE OVER-ALLOTMENT OPTION, STABILIZING ACTIONS AND END OF STABILIZATION PERIOD",https://www1.hkexnews.hk/listedco/listconews/sehk/2023/0803/2023080302096.pdf,,2023-08-03 22:46:00,pdfs/06990/stabilization_0.pdf,True
03650,Keep Inc.,2023-07-12,prospectus,Listing Documents - [Offer for Subscription] - GLOBAL OFFERING,https://www1.hkexnews.hk/listedco/listconews/sehk/2023/0630/2023063000203.pdf,,2023-06-30 06:30:00,pdfs/03650/prospectus_0.pdf,True
03650,Keep Inc.,2023-07-12,prospectus,Listing Documents - [Offer for Subscription] - GLOBAL OFFERING,https://www1.hkexnews.hk/listedco/listconews/sehk/2023/0630/10791492/2023063000235.pdf,https://www1.hkexnews.hk/listedco/listconews/sehk/2023/0630/2023063000230.htm,2023-06-30 07:05:00,pdfs/03650/prospectus_1.pdf,True
03650,Keep Inc.,2023-07-12,prospectus,Listing Documents - [Offer for Subscription] - GREEN APPLICATION FORM,https://www1.hkexnews.hk/listedco/listconews/sehk/2023/0630/2023063000303.pdf,,2023-06-30 07:15:00,pdfs/03650/prospectus_2.pdf,True
03650,Keep Inc.,2023-07-12,allotment,Announcements and Notices - [Allotment Results &#x2f; Other - Miscellaneous] - Announcement of Offer Price and Allotment Results,https://www1.hkexnews.hk/listedco/listconews/sehk/2023/0711/10811913/2023071100050.pdf,https://www1.hkexnews.hk/listedco/listconews/sehk/2023/0711/2023071100048.htm,2023-07-11 06:17:00,pdfs/03650/allotment_0.pdf,True
03650,Keep Inc.,2023-07-12,over_allotment_exercise,,,,,,False
03650,Keep Inc.,2023-07-12,stabilization,"Announcements and Notices - [Other - Miscellaneous] - STABILIZING ACTIONS, END OF STABILIZATION PERIOD AND LAPSE OF THE OVER-ALLOTMENT OPTION",https://www1.hkexnews.hk/listedco/listconews/sehk/2023/0804/2023080401672.pdf,,2023-08-04 19:54:00,pdfs/03650/stabilization_0.pdf,True
06683,Star Plus Legend Holdings Limited,2023-07-13,prospectus,Listing Documents - [Offer for Subscription] - GLOBAL OFFERING,https://www1.hkexnews.hk/listedco/listconews/sehk/2023/0630/2023063000037.pdf,,2023-06-30 06:10:00,pdfs/06683/prospectus_0.pdf,True
06683,Star Plus Legend Holdings Limited,2023-07-13,prospectus,Listing Documents - [Offer for Subscription] - GREEN APPLICATION FORM,https://www1.hkexnews.hk/listedco/listconews/sehk/2023/0630/2023063000053.pdf,,2023-06-30 06:12:00,pdfs/06683/prospectus_1.pdf,True
06683,Star Plus Legend Holdings Limited,2023-07-13,prospectus,Listing Documents - [Offer for Subscription] - GLOBAL OFFERING,https://www1.hkexnews.hk/listedco/listconews/sehk/2023/0531/2023053100019.pdf,,2023-05-31 06:10:00,pdfs/06683/prospectus_2.pdf,True
06683,Star Plus Legend Holdings Limited,2023-07-13,prospectus,Listing Documents - [Offer for Subscription] - GREEN APPLICATION FORM,https://www1.hkexnews.hk/listedco/listconews/sehk/2023/0531/2023053100031.pdf,,2023-05-31 06:14:00,pdfs/06683/prospectus_3.pdf,True
06683,Star Plus Legend Holdings Limited,2023-07-13,allotment,Announcements and Notices - [Allotment Results] - Announcement of Offer Price and Allotment Results,https://www1.hkexnews.hk/listedco/listconews/sehk/2023/0712/10812959/2023071200012.pdf,https://www1.hkexnews.hk/listedco/listconews/sehk/2023/0712/2023071200010.htm,2023-07-12 06:18:00,pdfs/06683/allotment_0.pdf,True
06683,Star Plus Legend Holdings Limited,2023-07-13,over_allotment_exercise,,,,,,False
06683,Star Plus Legend Holdings Limited,2023-07-13,stabilization,"Announcements and Notices - [Other - Miscellaneous] - PARTIAL EXERCISE OF THE OVER-ALLOTMENT OPTION, STABILIZING ACTIONS AND END OF STABILIZATION PERIOD",https://www1.hkexnews.hk/listedco/listconews/sehk/2023/0804/2023080401278.pdf,,2023-08-04 17:45:00,pdfs/06683/stabilization_0.pdf,True
01284,New Media Lab Limited,2023-07-17,prospectus,Listing Documents - [Offer for Subscription] - Share Offer,https://www1.hkexnews.hk/listedco/listconews/sehk/2023/0630/2023063000045.pdf,,2023-06-30 06:11:00,pdfs/01284/prospectus_0.pdf,True
01284,New Media Lab Limited,2023-07-17,prospectus,Listing Documents - [Offer for Subscription] - Green Application Form,https://www1.hkexnews.hk/listedco/listconews/sehk/2023/0630/2023063000059.pdf,,2023-06-30 06:14:00,pdfs/01284/prospectus_1.pdf,True
01284,New Media Lab Limited,2023-07-17,prospectus,Listing Documents - [Offer for Subscription] - Pink Application Form,https://www1.hkexnews.hk/listedco/listconews/sehk/2023/0630/2023063000063.pdf,,2023-06-30 06:17:00,pdfs/01284/prospectus_2.pdf,True
01284,New Media Lab Limited,2023-07-17,allotment,Announcements and Notices - [Allotment Results] - Announcement of Offer Price and Allotment Results,https://www1.hkexnews.hk/listedco/listconews/sehk/2023/0714/10815137/2023071400018.pdf,https://www1.hkexnews.hk/listedco/listconews/sehk/2023/0714/2023071400016.htm,2023-07-14 06:30:00,pdfs/01284/allotment_0.pdf,True
01284,New Media Lab Limited,2023-07-17,over_allotment_exercise,,,,,,False
01284,New Media Lab Limited,2023-07-17,stabilization,,,,,,False
02271,Zhong An Intelligent Living Service Limited,2023-07-18,prospectus,Listing Documents - [Offer for Subscription] - GLOBAL OFFERING,https://www1.hkexnews.hk/listedco/listconews/sehk/2023/0630/2023063000209.pdf,,2023-06-30 06:36:00,pdfs/02271/prospectus_0.pdf,True
02271,Zhong An Intelligent Living Service Limited,2023-07-18,prospectus,Listing Documents - [Offer for Subscription] - GREEN APPLICATION FORM,https://www1.hkexnews.hk/listedco/listconews/sehk/2023/0630/2023063000213.pdf,,2023-06-30 06:43:00,pdfs/02271/prospectus_1.pdf,True
02271,Zhong An Intelligent Living Service Limited,2023-07-18,prospectus,Listing Documents - [Offer for Subscription] - BLUE APPLICATION FORM,https://www1.hkexnews.hk/listedco/listconews/sehk/2023/0630/2023063000227.pdf,,2023-06-30 07:03:00,pdfs/02271/prospectus_2.pdf,True
02271,Zhong An Intelligent Living Service Limited,2023-07-18,allotment,Announcements and Notices - [Allotment Results] - ANNOUNCEMENT OF OFFER PRICE AND ALLOTMENT RESULTS,https://www1.hkexnews.hk/listedco/listconews/sehk/2023/0717/10816647/2023071700008.pdf,https://www1.hkexnews.hk/listedco/listconews/sehk/2023/0717/2023071700006.htm,2023-07-17 06:34:00,pdfs/02271/allotment_0.pdf,True
02271,Zhong An Intelligent Living Service Limited,2023-07-18,over_allotment_exercise,,,,,,False
02271,Zhong An Intelligent Living Service Limited,2023-07-18,stabilization,Announcements and Notices - [Other - Miscellaneous] - PARTIAL EXERCISE OF THE OVER-ALLOTMENT OPTION STABILIZING ACTIONS AND END OF STABILIZATION PERIOD,https://www1.hkexnews.hk/listedco/listconews/sehk/2023/0810/2023081001406.pdf,,2023-08-10 22:18:00,pdfs/02271/stabilization_0.pdf,True
01541,ImmuneOnco Biopharmaceuticals (Shanghai) Inc.,2023-09-05,prospectus,Listing Documents - [Offer for Subscription] - GLOBAL OFFERING,https://www1.hkexnews.hk/listedco/listconews/sehk/2023/0824/2023082400037.pdf,,2023-08-24 06:28:00,pdfs/01541/prospectus_0.pdf,True
01541,ImmuneOnco Biopharmaceuticals (Shanghai) Inc.,2023-09-05,prospectus,Listing Documents - [Offer for Subscription] - GREEN APPLICATION FORM,https://www1.hkexnews.hk/listedco/listconews/sehk/2023/0824/2023082400047.pdf,,2023-08-24 06:46:00,pdfs/01541/prospectus_1.pdf,True
01541,ImmuneOnco Biopharmaceuticals (Shanghai) Inc.,2023-09-05,allotment,Announcements and Notices - [Allotment Results] - ANNOUNCEMENT OF OFFER PRICE AND ALLOTMENT RESULTS,https://www1.hkexnews.hk/listedco/listconews/sehk/2023/0904/10879720/2023090400008.pdf,https://www1.hkexnews.hk/listedco/listconews/sehk/2023/0904/2023090400006.htm,2023-09-04 06:07:00,pdfs/01541/allotment_0.pdf,True
01541,ImmuneOnco Biopharmaceuticals (Shanghai) Inc.,2023-09-05,over_allotment_exercise,,,,,,False
01541,ImmuneOnco Biopharmaceuticals (Shanghai) Inc.,2023-09-05,stabilization,"Announcements and Notices - [Other - Miscellaneous] - PARTIAL EXERCISE OF THE OVER-ALLOTMENT OPTION, STABILIZING ACTIONS AND END OF STABILIZATION PERIOD",https://www1.hkexnews.hk/listedco/listconews/sehk/2023/0928/2023092802361.pdf,,2023-09-28 22:53:00,pdfs/01541/stabilization_0.pdf,True
02490,"LC Logistics, Inc.",2023-09-25,prospectus,Listing Documents - [Offer for Subscription] - GLOBAL OFFERING,https://www1.hkexnews.hk/listedco/listconews/sehk/2023/0913/2023091300017.pdf,,2023-09-13 06:15:00,pdfs/02490/prospectus_0.pdf,True
02490,"LC Logistics, Inc.",2023-09-25,prospectus,Listing Documents - [Offer for Subscription] - GREEN APPLICATION FORM,https://www1.hkexnews.hk/listedco/listconews/sehk/2023/0913/2023091300021.pdf,,2023-09-13 06:21:00,pdfs/02490/prospectus_1.pdf,True
02490,"LC Logistics, Inc.",2023-09-25,allotment,Announcements and Notices - [Allotment Results] - ANNOUNCEMENT OF FINAL OFFER PRICE AND ALLOTMENT RESULTS,https://www1.hkexnews.hk/listedco/listconews/sehk/2023/0922/10905719/2023092200058.pdf,https://www1.hkexnews.hk/listedco/listconews/sehk/2023/0922/2023092200056.htm,2023-09-22 06:48:00,pdfs/02490/allotment_0.pdf,True
02490,"LC Logistics, Inc.",2023-09-25,over_allotment_exercise,,,,,,False
02490,"LC Logistics, Inc.",2023-09-25,stabilization,"Announcements and Notices - [Other - Miscellaneous] - PARTIAL EXERCISE OF THE OVER-ALLOTMENT OPTION, STABILIZING ACTIONS AND END OF STABILIZATION PERIOD",https://www1.hkexnews.hk/listedco/listconews/sehk/2023/1018/2023101800796.pdf,,2023-10-18 22:18:00,pdfs/02490/stabilization_0.pdf,True
02496,"Wuhan YZY Biopharma Co., Ltd.",2023-09-25,prospectus,Listing Documents - [Offer for Subscription] - GLOBAL OFFERING,https://www1.hkexnews.hk/listedco/listconews/sehk/2023/0913/2023091300013.pdf,,2023-09-13 06:09:00,pdfs/02496/prospectus_0.pdf,True
02496,"Wuhan YZY Biopharma Co., Ltd.",2023-09-25,prospectus,Listing Documents - [Offer for Subscription] - GREEN APPLICATION FORM,https://www1.hkexnews.hk/listedco/listconews/sehk/2023/0913/2023091300015.pdf,,2023-09-13 06:11:00,pdfs/02496/prospectus_1.pdf,True
02496,"Wuhan YZY Biopharma Co., Ltd.",2023-09-25,allotment,Announcements and Notices - [Allotment Results] - ANNOUNCEMENT OF OFFER PRICE AND ALLOTMENT RESULTS,https://www1.hkexnews.hk/listedco/listconews/sehk/2023/0922/10905695/2023092200026.pdf,https://www1.hkexnews.hk/listedco/listconews/sehk/2023/0922/2023092200024.htm,2023-09-22 06:14:00,pdfs/02496/allotment_0.pdf,True
02496,"Wuhan YZY Biopharma Co., Ltd.",2023-09-25,over_allotment_exercise,,,,,,False
02496,"Wuhan YZY Biopharma Co., Ltd.",2023-09-25,stabilization,Announcements and Notices - [Other - Miscellaneous] - PARTIAL EXERCISE OF THE OVER-ALLOTMENT OPTION STABILIZING ACTIONS AND END OF STABILIZATION PERIOD,https://www1.hkexnews.hk/listedco/listconews/sehk/2023/1019/2023101900003.pdf,,2023-10-19 06:05:00,pdfs/02496/stabilization_0.pdf,True
09690,TUHU Car Inc.,2023-09-26,prospectus,Listing Documents - [Offer for Subscription] - Global Offering,https://www1.hkexnews.hk/listedco/listconews/sehk/2023/0914/2023091400011.pdf,,2023-09-14 06:25:00,pdfs/09690/prospectus_0.pdf,True
09690,TUHU Car Inc.,2023-09-26,prospectus,Listing Documents - [Offer for Subscription] - Global Offering,https://www1.hkexnews.hk/listedco/listconews/sehk/2023/0914/10895823/2023091400029.pdf,https://www1.hkexnews.hk/listedco/listconews/sehk/2023/0914/2023091400024.htm,2023-09-14 07:05:00,pdfs/09690/prospectus_1.pdf,True
09690,TUHU Car Inc.,2023-09-26,prospectus,Listing Documents - [Offer for Subscription] - GREEN APPLICATION FORM,https://www1.hkexnews.hk/listedco/listconews/sehk/2023/0914/2023091400095.pdf,,2023-09-14 07:11:00,pdfs/09690/prospectus_2.pdf,True
09690,TUHU Car Inc.,2023-09-26,allotment,Announcements and Notices - [Allotment Results] - ANNOUNCEMENT OF FINAL OFFER PRICE AND ALLOTMENT RESULTS,https://www1.hkexnews.hk/listedco/listconews/sehk/2023/0925/10907481/2023092500014.pdf,https://www1.hkexnews.hk/listedco/listconews/sehk/2023/0925/2023092500012.htm,2023-09-25 06:22:00,pdfs/09690/allotment_0.pdf,True
09690,TUHU Car Inc.,2023-09-26,over_allotment_exercise,,,,,,False
09690,TUHU Car Inc.,2023-09-26,stabilization,"Announcements and Notices - [Other - Miscellaneous] - PARTIAL EXERCISE OF THE OVER-ALLOTMENT OPTION, STABILIZING ACTIONS AND END OF STABILIZATION PERIOD",https://www1.hkexnews.hk/listedco/listconews/sehk/2023/1019/2023101901082.pdf,,2023-10-19 22:40:00,pdfs/09690/stabilization_0.pdf,True
09890,ZX Inc.,2023-09-28,prospectus,Listing Documents - [Offer for Subscription] - GLOBAL OFFERING,https://www1.hkexnews.hk/listedco/listconews/sehk/2023/0918/2023091800015.pdf,,2023-09-18 06:20:00,pdfs/09890/prospectus_0.pdf,True
09890,ZX Inc.,2023-09-28,prospectus,Listing Documents - [Offer for Subscription] - GREEN APPLICATION FORM,https://www1.hkexnews.hk/listedco/listconews/sehk/2023/0918/2023091800019.pdf,,2023-09-18 06:24:00,pdfs/09890/prospectus_1.pdf,True
09890,ZX Inc.,2023-09-28,allotment,Announcements and Notices - [Allotment Results] - ANNOUNCEMENT OF OFFER PRICE AND ALLOTMENT RESULTS,https://www1.hkexnews.hk/listedco/listconews/sehk/2023/0927/10910719/2023092700048.pdf,https://www1.hkexnews.hk/listedco/listconews/sehk/2023/0927/2023092700046.htm,2023-09-27 06:22:00,pdfs/09890/allotment_0.pdf,True
09890,ZX Inc.,2023-09-28,over_allotment_exercise,,,,,,False
09890,ZX Inc.,2023-09-28,stabilization,"Announcements and Notices - [Other - Miscellaneous] - STABILIZING ACTIONS, END OF STABILIZATION PERIOD AND LAPSE OF THE OVER-ALLOTMENT OPTION",https://www1.hkexnews.hk/listedco/listconews/sehk/2023/1023/2023102300009.pdf,,2023-10-23 18:04:00,pdfs/09890/stabilization_0.pdf,True
09686,Neusoft Xikang Holdings Inc.,2023-09-28,prospectus,Listing Documents - [Offer for Subscription] - GLOBAL OFFERING,https://www1.hkexnews.hk/listedco/listconews/sehk/2023/0918/2023091800017.pdf,,2023-09-18 06:22:00,pdfs/09686/prospectus_0.pdf,True
09686,Neusoft Xikang Holdings Inc.,2023-09-28,prospectus,Listing Documents - [Offer for Subscription] - GREEN APPLICATION FORM,https://www1.hkexnews.hk/listedco/listconews/sehk/2023/0918/2023091800021.pdf,,2023-09-18 06:25:00,pdfs/09686/prospectus_1.pdf,True
09686,Neusoft Xikang Holdings Inc.,2023-09-28,allotment,Announcements and Notices - [Allotment Results] - ANNOUNCEMENT OF OFFER PRICE AND ALLOTMENT RESULTS,https://www1.hkexnews.hk/listedco/listconews/sehk/2023/0927/10910713/2023092700032.pdf,https://www1.hkexnews.hk/listedco/listconews/sehk/2023/0927/2023092700030.htm,2023-09-27 06:17:00,pdfs/09686/allotment_0.pdf,True
09686,Neusoft Xikang Holdings Inc.,2023-09-28,over_allotment_exercise,,,,,,False
09686,Neusoft Xikang Holdings Inc.,2023-09-28,stabilization,,,,,,False
06682,"Beijing Fourth Paradigm Technology Co., Ltd.",2023-09-28,prospectus,Listing Documents - [Offer for Subscription] - GLOBAL OFFERING,https://www1.hkexnews.hk/listedco/listconews/sehk/2023/0918/2023091800009.pdf,,2023-09-18 06:11:00,pdfs/06682/prospectus_0.pdf,True
06682,"Beijing Fourth Paradigm Technology Co., Ltd.",2023-09-28,prospectus,Listing Documents - [Offer for Subscription] - GREEN APPLICATION FORM,https://www1.hkexnews.hk/listedco/listconews/sehk/2023/0918/2023091800011.pdf,,2023-09-18 06:16:00,pdfs/06682/prospectus_1.pdf,True
06682,"Beijing Fourth Paradigm Technology Co., Ltd.",2023-09-28,allotment,Announcements and Notices - [Allotment Results] - ANNOUNCEMENT OF OFFER PRICE AND ALLOTMENT RESULT,https://www1.hkexnews.hk/listedco/listconews/sehk/2023/0927/10910735/2023092700072.pdf,https://www1.hkexnews.hk/listedco/listconews/sehk/2023/0927/2023092700070.htm,2023-09-27 06:30:00,pdfs/06682/allotment_0.pdf,True
06682,"Beijing Fourth Paradigm Technology Co., Ltd.",2023-09-28,over_allotment_exercise,,,,,,False
06682,"Beijing Fourth Paradigm Technology Co., Ltd.",2023-09-28,stabilization,"Announcements and Notices - [Other - Miscellaneous] - PARTIAL EXERCISE OF THE OVER-ALLOTMENT OPTION, STABILIZING ACTIONS AND END OF STABILIZATION PERIOD",https://www1.hkexnews.hk/listedco/listconews/sehk/2023/1023/2023102300123.pdf,,2023-10-23 19:08:00,pdfs/06682/stabilization_0.pdf,True
01973,"Tian Tu Capital Co., Ltd.",2023-10-06,prospectus,Listing Documents - [Offer for Subscription] - GLOBAL OFFERING,https://www1.hkexnews.hk/listedco/listconews/sehk/2023/0925/2023092500007.pdf,,2023-09-25 06:12:00,pdfs/01973/prospectus_0.pdf,True
01973,"Tian Tu Capital Co., Ltd.",2023-10-06,prospectus,Listing Documents - [Offer for Subscription] - GREEN APPLICATION FORM,https://www1.hkexnews.hk/listedco/listconews/sehk/2023/0925/2023092500009.pdf,,2023-09-25 06:18:00,pdfs/01973/prospectus_1.pdf,True
01973,"Tian Tu Capital Co., Ltd.",2023-10-06,allotment,Announcements and Notices - [Allotment Results] - Announcement of Offer Price and Allotment Results,https://www1.hkexnews.hk/listedco/listconews/sehk/2023/1005/10924572/2023100500008.pdf,https://www1.hkexnews.hk/listedco/listconews/sehk/2023/1005/2023100500006.htm,2023-10-05 06:49:00,pdfs/01973/allotment_0.pdf,True
01973,"Tian Tu Capital Co., Ltd.",2023-10-06,over_allotment_exercise,,,,,,False
01973,"Tian Tu Capital Co., Ltd.",2023-10-06,stabilization,"Announcements and Notices - [Other - Miscellaneous] - END OF STABILIZATION PERIOD, NO STABILIZING ACTION AND LAPSE OF THE OVER-ALLOTMENT OPTION",https://www1.hkexnews.hk/listedco/listconews/sehk/2023/1101/2023110102578.pdf,,2023-11-01 17:34:00,pdfs/01973/stabilization_0.pdf,True
02501,Maiyue Technology Limited,2023-10-11,prospectus,Listing Documents - [Offer for Subscription] - GLOBAL OFFERING,https://www1.hkexnews.hk/listedco/listconews/sehk/2023/0928/2023092800041.pdf,,2023-09-28 06:17:00,pdfs/02501/prospectus_0.pdf,True
02501,Maiyue Technology Limited,2023-10-11,prospectus,Listing Documents - [Offer for Subscription] - GLOBAL OFFERING,https://www1.hkexnews.hk/listedco/listconews/sehk/2023/0928/10913343/2023092800105.pdf,https://www1.hkexnews.hk/listedco/listconews/sehk/2023/0928/2023092800100.htm,2023-09-28 06:37:00,pdfs/02501/prospectus_1.pdf,True
02501,Maiyue Technology Limited,2023-10-11,prospectus,Listing Documents - [Offer for Subscription] - GREEN APPLICATION FORM,https://www1.hkexnews.hk/listedco/listconews/sehk/2023/0928/2023092800167.pdf,,2023-09-28 06:42:00,pdfs/02501/prospectus_2.pdf,True
02501,Maiyue Technology Limited,2023-10-11,allotment,Announcements and Notices - [Allotment Results] - ANNOUNCEMENT OF OFFER PRICE AND ALLOTMENT RESULTS,https://www1.hkexnews.hk/listedco/listconews/sehk/2023/1010/10929076/2023101000018.pdf,https://www1.hkexnews.hk/listedco/listconews/sehk/2023/1010/2023101000016.htm,2023-10-10 06:26:00,pdfs/02501/allotment_0.pdf,True
02501,Maiyue Technology Limited,2023-10-11,over_allotment_exercise,,,,,,False
02501,Maiyue Technology Limited,2023-10-11,stabilization,,,,,,False
02451,Luyuan Group Holding (Cayman) Limited,2023-10-12,prospectus,Listing Documents - [Offer for Subscription] - GLOBAL OFFERING,https://www1.hkexnews.hk/listedco/listconews/sehk/2023/0928/2023092800027.pdf,,2023-09-28 06:11:00,pdfs/02451/prospectus_0.pdf,True
02451,Luyuan Group Holding (Cayman) Limited,2023-10-12,prospectus,Listing Documents - [Offer for Subscription] - GREEN APPLICATION FORM,https://www1.hkexnews.hk/listedco/listconews/sehk/2023/0928/2023092800033.pdf,,2023-09-28 06:14:00,pdfs/02451/prospectus_1.pdf,True
02451,Luyuan Group Holding (Cayman) Limited,2023-10-12,allotment,Announcements and Notices - [Allotment Results] - ANNOUNCEMENT OF OFFER PRICE AND ALLOTMENT RESULTS,https://www1.hkexnews.hk/listedco/listconews/sehk/2023/1011/10930000/2023101100036.pdf,https://www1.hkexnews.hk/listedco/listconews/sehk/2023/1011/2023101100034.htm,2023-10-11 06:39:00,pdfs/02451/allotment_0.pdf,True
02451,Luyuan Group Holding (Cayman) Limited,2023-10-12,over_allotment_exercise,,,,,,False
02451,Luyuan Group Holding (Cayman) Limited,2023-10-12,stabilization,,,,,,False
09676,"Shiyue Daotian Group Co., Ltd.",2023-10-12,prospectus,(Cancelled and Reissued) Listing Documents - [Offer for Subscription] - GLOBAL OFFERING,https://www1.hkexnews.hk/listedco/listconews/sehk/2023/0928/2023092800035.pdf,,2023-09-28 06:14:00,pdfs/09676/prospectus_0.pdf,True
09676,"Shiyue Daotian Group Co., Ltd.",2023-10-12,prospectus,Listing Documents - [Offer for Subscription] - GREEN APPLICATION FORM,https://www1.hkexnews.hk/listedco/listconews/sehk/2023/0928/2023092800043.pdf,,2023-09-28 06:18:00,pdfs/09676/prospectus_1.pdf,True
09676,"Shiyue Daotian Group Co., Ltd.",2023-10-12,prospectus,Listing Documents - [Offer for Subscription] - GLOBAL OFFERING,https://www1.hkexnews.hk/listedco/listconews/sehk/2023/0928/2023092800446.pdf,,2023-09-28 14:01:00,pdfs/09676/prospectus_2.pdf,True
09676,"Shiyue Daotian Group Co., Ltd.",2023-10-12,allotment,Announcements and Notices - [Allotment Results] - ANNOUNCEMENT OF OFFER PRICE AND ALLOTMENT RESULT,https://www1.hkexnews.hk/listedco/listconews/sehk/2023/1011/10929976/2023101100012.pdf,https://www1.hkexnews.hk/listedco/listconews/sehk/2023/1011/2023101100010.htm,2023-10-11 06:15:00,pdfs/09676/allotment_0.pdf,True
09676,"Shiyue Daotian Group Co., Ltd.",2023-10-12,over_allotment_exercise,,,,,,False
09676,"Shiyue Daotian Group Co., Ltd.",2023-10-12,stabilization,,,,,,False
01519,J&T Global Express Limited,2023-10-27,prospectus,Listing Documents - [Offer for Subscription] - GLOBAL OFFERING,https://www1.hkexnews.hk/listedco/listconews/sehk/2023/1016/2023101600009.pdf,,2023-10-16 06:18:00,pdfs/01519/prospectus_0.pdf,True
01519,J&T Global Express Limited,2023-10-27,prospectus,Listing Documents - [Offer for Subscription] - GREEN APPLICATION FORM,https://www1.hkexnews.hk/listedco/listconews/sehk/2023/1016/2023101600013.pdf,,2023-10-16 06:23:00,pdfs/01519/prospectus_1.pdf,True
01519,J&T Global Express Limited,2023-10-27,allotment,Announcements and Notices - [Allotment Results] - ANNOUNCEMENT OF ALLOTMENT RESULTS,https://www1.hkexnews.hk/listedco/listconews/sehk/2023/1026/10942025/2023102600030.pdf,https://www1.hkexnews.hk/listedco/listconews/sehk/2023/1026/2023102600028.htm,2023-10-26 06:27:00,pdfs/01519/allotment_0.pdf,True
01519,J&T Global Express Limited,2023-10-27,over_allotment_exercise,,,,,,False
01519,J&T Global Express Limited,2023-10-27,stabilization,"Announcements and Notices - [Other - Miscellaneous] - STABILIZING ACTIONS, END OF STABILIZATION PERIOD AND LAPSE OF THE OVER-ALLOTMENT OPTION",https://www1.hkexnews.hk/listedco/listconews/sehk/2023/1119/2023111900085.pdf,,2023-11-19 18:44:00,pdfs/01519/stabilization_0.pdf,True
02517,"Guoquan Food (Shanghai) Co., Ltd.",2023-11-02,prospectus,Listing Documents - [Offer for Subscription] - GLOBAL OFFERING,https://www1.hkexnews.hk/listedco/listconews/sehk/2023/1020/2023102000007.pdf,,2023-10-20 06:16:00,pdfs/02517/prospectus_0.pdf,True
02517,"Guoquan Food (Shanghai) Co., Ltd.",2023-11-02,prospectus,Listing Documents - [Offer for Subscription] - GREEN APPLICATION FORM,https://www1.hkexnews.hk/listedco/listconews/sehk/2023/1020/2023102000009.pdf,,2023-10-20 06:19:00,pdfs/02517/prospectus_1.pdf,True
02517,"Guoquan Food (Shanghai) Co., Ltd.",2023-11-02,allotment,Announcements and Notices - [Allotment Results] - Announcement of Allotment Results,https://www1.hkexnews.hk/listedco/listconews/sehk/2023/1101/10949463/2023110100020.pdf,https://www1.hkexnews.hk/listedco/listconews/sehk/2023/1101/2023110100018.htm,2023-11-01 06:26:00,pdfs/02517/allotment_0.pdf,True
02517,"Guoquan Food (Shanghai) Co., Ltd.",2023-11-02,over_allotment_exercise,,,,,,False
02517,"Guoquan Food (Shanghai) Co., Ltd.",2023-11-02,stabilization,"Announcements and Notices - [Other - Miscellaneous] - PARTIAL EXERCISE OF THE OVER-ALLOTMENT OPTION, STABILIZING ACTIONS AND END OF STABILIZATION PERIOD",https://www1.hkexnews.hk/listedco/listconews/sehk/2023/1127/2023112700202.pdf,,2023-11-27 08:07:00,pdfs/02517/stabilization_0.pdf,True
02429,Beijing UBOX Online Technology Corp.,2023-11-03,prospectus,Listing Documents - [Offer for Subscription] - GLOBAL OFFERING,https://www1.hkexnews.hk/listedco/listconews/sehk/2023/1024/2023102400007.pdf,,2023-10-24 06:15:00,pdfs/02429/prospectus_0.pdf,True
02429,Beijing UBOX Online Technology Corp.,2023-11-03,prospectus,Listing Documents - [Offer for Subscription] - GREEN APPLICATION FORM,https://www1.hkexnews.hk/listedco/listconews/sehk/2023/1024/2023102400009.pdf,,2023-10-24 06:20:00,pdfs/02429/prospectus_1.pdf,True
02429,Beijing UBOX Online Technology Corp.,2023-11-03,allotment,Announcements and Notices - [Allotment Results] - ANNOUNCEMENT OF OFFER PRICE AND ALLOTMENT RESULTS,https://www1.hkexnews.hk/listedco/listconews/sehk/2023/1102/10953297/2023110200034.pdf,https://www1.hkexnews.hk/listedco/listconews/sehk/2023/1102/2023110200032.htm,2023-11-02 06:31:00,pdfs/02429/allotment_0.pdf,True
02429,Beijing UBOX Online Technology Corp.,2023-11-03,over_allotment_exercise,,,,,,False
02429,Beijing UBOX Online Technology Corp.,2023-11-03,stabilization,,,,,,False
02473,XXF Group Holdings Limited,2023-11-09,prospectus,Listing Documents - [Offer for Subscription] - GLOBAL OFFERING,https://www1.hkexnews.hk/listedco/listconews/sehk/2023/1030/2023103000013.pdf,,2023-10-30 07:04:00,pdfs/02473/prospectus_0.pdf,True
02473,XXF Group Holdings Limited,2023-11-09,prospectus,Listing Documents - [Offer for Subscription] - GREEN APPLICATION FORM,https://www1.hkexnews.hk/listedco/listconews/sehk/2023/1030/2023103000017.pdf,,2023-10-30 07:07:00,pdfs/02473/prospectus_1.pdf,True
02473,XXF Group Holdings Limited,2023-11-09,allotment,Announcements and Notices - [Allotment Results] - ANNOUNCEMENT OF OFFER PRICE AND ALLOTMENT RESULTS,https://www1.hkexnews.hk/listedco/listconews/sehk/2023/1108/10961531/2023110800018.pdf,https://www1.hkexnews.hk/listedco/listconews/sehk/2023/1108/2023110800016.htm,2023-11-08 06:18:00,pdfs/02473/allotment_0.pdf,True
02473,XXF Group Holdings Limited,2023-11-09,over_allotment_exercise,,,,,,False
02473,XXF Group Holdings Limited,2023-11-09,stabilization,,,,,,False
01111,Huashi Group Holdings Limited,2023-11-10,prospectus,Listing Documents - [Offer for Subscription] - GLOBAL OFFERING,https://www1.hkexnews.hk/listedco/listconews/sehk/2023/1031/2023103100019.pdf,,2023-10-31 06:17:00,pdfs/01111/prospectus_0.pdf,True
01111,Huashi Group Holdings Limited,2023-11-10,prospectus,Listing Documents - [Offer for Subscription] - GREEN APPLICATION FORM,https://www1.hkexnews.hk/listedco/listconews/sehk/2023/1031/2023103100025.pdf,,2023-10-31 06:23:00,pdfs/01111/prospectus_1.pdf,True
01111,Huashi Group Holdings Limited,2023-11-10,allotment,Announcements and Notices - [Allotment Results] - ANNOUNCEMENT OF OFFER PRICE AND ALLOTMENT RESULTS,https://www1.hkexnews.hk/listedco/listconews/sehk/2023/1109/10962661/2023110900028.pdf,https://www1.hkexnews.hk/listedco/listconews/sehk/2023/1109/2023110900026.htm,2023-11-09 06:19:00,pdfs/01111/allotment_0.pdf,True
01111,Huashi Group Holdings Limited,2023-11-10,over_allotment_exercise,,,,,,False
01111,Huashi Group Holdings Limited,2023-11-10,stabilization,,,,,,False
02499,"FOLANGSI CO., LTD",2023-11-10,prospectus,Listing Documents - [Offer for Subscription] - GLOBAL OFFERING,https://www1.hkexnews.hk/listedco/listconews/sehk/2023/1031/2023103100017.pdf,,2023-10-31 06:16:00,pdfs/02499/prospectus_0.pdf,True
02499,"FOLANGSI CO., LTD",2023-11-10,prospectus,Listing Documents - [Offer for Subscription] - GREEN APPLICATION FORM,https://www1.hkexnews.hk/listedco/listconews/sehk/2023/1031/2023103100021.pdf,,2023-10-31 06:19:00,pdfs/02499/prospectus_1.pdf,True
02499,"FOLANGSI CO., LTD",2023-11-10,allotment,Announcements and Notices - [Allotment Results] - ANNOUNCEMENT OF OFFER PRICE AND ALLOTMENT RESULTS,https://www1.hkexnews.hk/listedco/listconews/sehk/2023/1109/10962681/2023110900054.pdf,https://www1.hkexnews.hk/listedco/listconews/sehk/2023/1109/2023110900052.htm,2023-11-09 06:31:00,pdfs/02499/allotment_0.pdf,True
02499,"FOLANGSI CO., LTD",2023-11-10,over_allotment_exercise,,,,,,False
02499,"FOLANGSI CO., LTD",2023-11-10,stabilization,"Announcements and Notices - [Other - Miscellaneous] - END OF STABILIZATION PERIOD, NO STABILIZING ACTIONS AND LAPSE OF OVER-ALLOTMENT OPTION",https://www1.hkexnews.hk/listedco/listconews/sehk/2023/1204/2023120400033.pdf,,2023-12-04 08:02:00,pdfs/02499/stabilization_0.pdf,True
02268,WuXi XDC Cayman Inc.,2023-11-17,prospectus,Listing Documents - [Offer for Subscription] - GLOBAL OFFERING,https://www1.hkexnews.hk/listedco/listconews/sehk/2023/1107/2023110700021.pdf,,2023-11-07 06:14:00,pdfs/02268/prospectus_0.pdf,True
02268,WuXi XDC Cayman Inc.,2023-11-17,prospectus,Listing Documents - [Offer for Subscription] - GREEN APPLICATION FORM,https://www1.hkexnews.hk/listedco/listconews/sehk/2023/1107/2023110700047.pdf,,2023-11-07 06:19:00,pdfs/02268/prospectus_1.pdf,True
02268,WuXi XDC Cayman Inc.,2023-11-17,prospectus,Listing Documents - [Offer for Subscription] - BLUE APPLICATION FORM,https://www1.hkexnews.hk/listedco/listconews/sehk/2023/1107/2023110700055.pdf,,2023-11-07 06:29:00,pdfs/02268/prospectus_2.pdf,True
02268,WuXi XDC Cayman Inc.,2023-11-17,allotment,Announcements and Notices - [Allotment Results] - Announcement of Offer Price and Allotment Results,https://www1.hkexnews.hk/listedco/listconews/sehk/2023/1116/10970095/2023111600010.pdf,https://www1.hkexnews.hk/listedco/listconews/sehk/2023/1116/2023111600008.htm,2023-11-16 06:42:00,pdfs/02268/allotment_0.pdf,True
02268,WuXi XDC Cayman Inc.,2023-11-17,over_allotment_exercise,,,,,,False
02268,WuXi XDC Cayman Inc.,2023-11-17,stabilization,"Announcements and Notices - [Other - Miscellaneous] - FULL EXERCISE OF THE OVER-ALLOTMENT OPTION, STABILIZING ACTIONS AND END OF STABILIZATION PERIOD",https://www1.hkexnews.hk/listedco/listconews/sehk/2023/1210/2023121000009.pdf,,2023-12-10 18:07:00,pdfs/02268/stabilization_0.pdf,True
02520,"Shanxi Installation Group Co., Ltd.",2023-11-22,prospectus,Listing Documents - [Offer for Subscription] - GLOBAL OFFERING,https://www1.hkexnews.hk/listedco/listconews/sehk/2023/1110/2023111000017.pdf,,2023-11-10 07:08:00,pdfs/02520/prospectus_0.pdf,True
02520,"Shanxi Installation Group Co., Ltd.",2023-11-22,prospectus,Listing Documents - [Offer for Subscription] - GREEN APPLICATION FORM,https://www1.hkexnews.hk/listedco/listconews/sehk/2023/1110/2023111000019.pdf,,2023-11-10 07:12:00,pdfs/02520/prospectus_1.pdf,True
02520,"Shanxi Installation Group Co., Ltd.",2023-11-22,allotment,Announcements and Notices - [Allotment Results] - Announcement of Offer Price and Allotment Result,https://www1.hkexnews.hk/listedco/listconews/sehk/2023/1121/10974308/2023112100016.pdf,https://www1.hkexnews.hk/listedco/listconews/sehk/2023/1121/2023112100014.htm,2023-11-21 07:05:00,pdfs/02520/allotment_0.pdf,True
02520,"Shanxi Installation Group Co., Ltd.",2023-11-22,over_allotment_exercise,,,,,,False
02520,"Shanxi Installation Group Co., Ltd.",2023-11-22,stabilization,"Announcements and Notices - [Other - Miscellaneous] - PARTIAL EXERCISE OF THE OVER-ALLOTMENT OPTION, STABILIZING ACTIONS AND END OF STABILIZATION PERIOD",https://www1.hkexnews.hk/listedco/listconews/sehk/2023/1215/2023121501152.pdf,,2023-12-15 20:06:00,pdfs/02520/stabilization_0.pdf,True
02483,K Cash Corporation Limited,2023-12-05,prospectus,Listing Documents - [Offer for Subscription] - Global Offering,https://www1.hkexnews.hk/listedco/listconews/sehk/2023/1127/2023112700082.pdf,,2023-11-27 07:07:00,pdfs/02483/prospectus_0.pdf,True
02483,K Cash Corporation Limited,2023-12-05,allotment,Announcements and Notices - [Allotment Results] - ANNOUNCEMENT OF FINAL OFFER PRICE AND ALLOTMENT RESULTS,https://www1.hkexnews.hk/listedco/listconews/sehk/2023/1204/2023120402869.pdf,,2023-12-04 22:56:00,pdfs/02483/allotment_0.pdf,True
02483,K Cash Corporation Limited,2023-12-05,over_allotment_exercise,,,,,,False
02483,K Cash Corporation Limited,2023-12-05,stabilization,"Announcements and Notices - [Other - Miscellaneous] - STABILIZING ACTIONS, END OF STABILIZATION PERIOD AND LAPSE OF THE OVER-ALLOTMENT OPTION",https://www1.hkexnews.hk/listedco/listconews/sehk/2024/0102/2024010200039.pdf,,2024-01-02 07:51:00,pdfs/02483/stabilization_0.pdf,True
02521,Shenghui Cleanness Group Holdings Limited,2023-12-05,prospectus,Listing Documents - [Offer for Subscription] - SHARE OFFER,https://www1.hkexnews.hk/listedco/listconews/sehk/2023/1127/2023112700086.pdf,,2023-11-27 07:10:00,pdfs/02521/prospectus_0.pdf,True
02521,Shenghui Cleanness Group Holdings Limited,2023-12-05,allotment,(Cancelled and Reissued) Announcements and Notices - [Allotment Results] - ANNOUNCEMENT OF FINAL OFFER PRICE AND ALLOTMENT RESULTS,https://www1.hkexnews.hk/listedco/listconews/sehk/2023/1204/2023120402525.pdf,,2023-12-04 21:48:00,pdfs/02521/allotment_0.pdf,True
02521,Shenghui Cleanness Group Holdings Limited,2023-12-05,allotment,Announcements and Notices - [Allotment Results] - ANNOUNCEMENT OF FINAL OFFER PRICE AND ALLOTMENT RESULTS,https://www1.hkexnews.hk/listedco/listconews/sehk/2023/1204/2023120402841.pdf,,2023-12-04 22:42:00,pdfs/02521/allotment_1.pdf,True
02521,Shenghui Cleanness Group Holdings Limited,2023-12-05,over_allotment_exercise,,,,,,False
02521,Shenghui Cleanness Group Holdings Limited,2023-12-05,stabilization,,,,,,False
09663,"Sino-Synergy Hydrogen Energy Technology (Jiaxing) Co., Ltd.",2023-12-05,prospectus,Listing Documents - [Offer for Subscription] - GLOBAL OFFERING,https://www1.hkexnews.hk/listedco/listconews/sehk/2023/1127/2023112700007.pdf,,2023-11-27 06:10:00,pdfs/09663/prospectus_0.pdf,True
09663,"Sino-Synergy Hydrogen Energy Technology (Jiaxing) Co., Ltd.",2023-12-05,allotment,Announcements and Notices - [Allotment Results] - ANNOUNCEMENT OF FINAL OFFER PRICE AND ALLOTMENT RESULTS,https://www1.hkexnews.hk/listedco/listconews/sehk/2023/1204/10993779/2023120402570.pdf,https://www1.hkexnews.hk/listedco/listconews/sehk/2023/1204/2023120402568.htm,2023-12-04 22:17:00,pdfs/09663/allotment_0.pdf,True
09663,"Sino-Synergy Hydrogen Energy Technology (Jiaxing) Co., Ltd.",2023-12-05,over_allotment_exercise,,,,,,False
09663,"Sino-Synergy Hydrogen Energy Technology (Jiaxing) Co., Ltd.",2023-12-05,stabilization,,,,,,False
02419,DEKON FOOD AND AGRICULTURE GROUP,2023-12-06,prospectus,Listing Documents - [Offer for Subscription] - GLOBAL OFFERING,https://www1.hkexnews.hk/listedco/listconews/sehk/2023/1127/2023112700009.pdf,,2023-11-27 06:10:00,pdfs/02419/prospectus_0.pdf,True
02419,DEKON FOOD AND AGRICULTURE GROUP,2023-12-06,allotment,Announcements and Notices - [Allotment Results] - ANNOUNCEMENT OF FINAL OFFER PRICE AND ALLOTMENT RESULTS,https://www1.hkexnews.hk/listedco/listconews/sehk/2023/1205/2023120502409.pdf,,2023-12-05 22:42:00,pdfs/02419/allotment_0.pdf,True
02419,DEKON FOOD AND AGRICULTURE GROUP,2023-12-06,over_allotment_exercise,,,,,,False
02419,DEKON FOOD AND AGRICULTURE GROUP,2023-12-06,stabilization,,,,,,False
01497,"XIAMEN YAN PALACE BIRD’S NEST INDUSTRY CO., LTD.",2023-12-12,prospectus,Listing Documents - [Offer for Subscription] - GLOBAL OFFERING,https://www1.hkexnews.hk/listedco/listconews/sehk/2023/1130/2023113000061.pdf,,2023-11-30 06:20:00,pdfs/01497/prospectus_0.pdf,True
01497,"XIAMEN YAN PALACE BIRD’S NEST INDUSTRY CO., LTD.",2023-12-12,allotment,Announcements and Notices - [Allotment Results] - ANNOUNCEMENT OF FINAL OFFER PRICE AND ALLOTMENT RESULTS,https://www1.hkexnews.hk/listedco/listconews/sehk/2023/1211/2023121101204.pdf,,2023-12-11 22:18:00,pdfs/01497/allotment_0.pdf,True
01497,"XIAMEN YAN PALACE BIRD’S NEST INDUSTRY CO., LTD.",2023-12-12,over_allotment_exercise,,,,,,False
01497,"XIAMEN YAN PALACE BIRD’S NEST INDUSTRY CO., LTD.",2023-12-12,stabilization,"Announcements and Notices - [Other - Miscellaneous] - STABILIZING ACTIONS, END OF STABILIZATION PERIOD AND LAPSE OF THE OVER-ALLOTMENT OPTION",https://www1.hkexnews.hk/listedco/listconews/sehk/2024/0108/2024010800315.pdf,,2024-01-08 16:30:00,pdfs/01497/stabilization_0.pdf,True
00666,"REPT BATTERO Energy Co., Ltd.",2023-12-18,prospectus,Listing Documents - [Offer for Subscription] - GLOBAL OFFERING,https://www1.hkexnews.hk/listedco/listconews/sehk/2023/1208/2023120800019.pdf,,2023-12-08 06:13:00,pdfs/00666/prospectus_0.pdf,True
00666,"REPT BATTERO Energy Co., Ltd.",2023-12-18,allotment,Announcements and Notices - [Allotment Results] - Announcement of Offer Price and Allotment Results,https://www1.hkexnews.hk/listedco/listconews/sehk/2023/1215/2023121501598.pdf,,2023-12-15 22:58:00,pdfs/00666/allotment_0.pdf,True
00666,"REPT BATTERO Energy Co., Ltd.",2023-12-18,over_allotment_exercise,,,,,,False
00666,"REPT BATTERO Energy Co., Ltd.",2023-12-18,stabilization,,,,,,False
01274,"iMotion Automotive Technology (Suzhou) Co., Ltd.",2023-12-20,prospectus,Listing Documents - [Offer for Subscription] - GLOBAL OFFERING,https://www1.hkexnews.hk/listedco/listconews/sehk/2023/1212/2023121200019.pdf,,2023-12-12 06:13:00,pdfs/01274/prospectus_0.pdf,True
01274,"iMotion Automotive Technology (Suzhou) Co., Ltd.",2023-12-20,allotment,Announcements and Notices - [Allotment Results] - Announcement of Final Offer Price and Allotment Results,https://www1.hkexnews.hk/listedco/listconews/sehk/2023/1219/2023121901176.pdf,,2023-12-19 22:53:00,pdfs/01274/allotment_0.pdf,True
01274,"iMotion Automotive Technology (Suzhou) Co., Ltd.",2023-12-20,over_allotment_exercise,,,,,,False
01274,"iMotion Automotive Technology (Suzhou) Co., Ltd.",2023-12-20,stabilization,,,,,,False
02502,"Henan Jinyuan Hydrogenated Chemicals Co., Ltd.",2023-12-20,prospectus,Listing Documents - [Offer for Subscription] - GLOBAL OFFERING,https://www1.hkexnews.hk/listedco/listconews/sehk/2023/1212/2023121200021.pdf,,2023-12-12 06:13:00,pdfs/02502/prospectus_0.pdf,True
02502,"Henan Jinyuan Hydrogenated Chemicals Co., Ltd.",2023-12-20,allotment,Announcements and Notices - [Allotment Results] - Announcement of Final Offer Price and Allotment Results,https://www1.hkexnews.hk/listedco/listconews/sehk/2023/1219/2023121901110.pdf,,2023-12-19 22:21:00,pdfs/02502/allotment_0.pdf,True
02502,"Henan Jinyuan Hydrogenated Chemicals Co., Ltd.",2023-12-20,over_allotment_exercise,,,,,,False
02502,"Henan Jinyuan Hydrogenated Chemicals Co., Ltd.",2023-12-20,stabilization,"Announcements and Notices - [Other - Miscellaneous] - STABILISING ACTIONS, END OF STABILISATION PERIOD AND LAPSE OF THE OVER-ALLOTMENT OPTION",https://www1.hkexnews.hk/listedco/listconews/sehk/2024/0115/2024011500035.pdf,,2024-01-15 08:06:00,pdfs/02502/stabilization_0.pdf,True
02516,FAR International Holdings Group Company Limited,2023-12-22,prospectus,Listing Documents - [Offer for Subscription] - SHARE OFFER,https://www1.hkexnews.hk/listedco/listconews/sehk/2023/1212/2023121200029.pdf,,2023-12-12 06:33:00,pdfs/02516/prospectus_0.pdf,True
02516,FAR International Holdings Group Company Limited,2023-12-22,prospectus,Listing Documents - [Offer for Subscription] - SHARE OFFER,https://www1.hkexnews.hk/listedco/listconews/sehk/2023/1212/11003145/2023121200097.pdf,https://www1.hkexnews.hk/listedco/listconews/sehk/2023/1212/2023121200092.htm,2023-12-12 07:05:00,pdfs/02516/prospectus_1.pdf,True
02516,FAR International Holdings Group Company Limited,2023-12-22,allotment,Announcements and Notices - [Allotment Results] - ANNOUNCEMENT OF FINAL OFFER PRICE AND ALLOTMENT RESULTS,https://www1.hkexnews.hk/listedco/listconews/sehk/2023/1221/2023122101228.pdf,,2023-12-21 21:38:00,pdfs/02516/allotment_0.pdf,True
02516,FAR International Holdings Group Company Limited,2023-12-22,over_allotment_exercise,,,,,,False
02516,FAR International Holdings Group Company Limited,2023-12-22,stabilization,Announcements and Notices - [Other - Miscellaneous] - END OF STABILISATION PERIOD AND LAPSE OF OVER-ALLOTMENT OPTION,https://www1.hkexnews.hk/listedco/listconews/sehk/2024/0118/2024011800257.pdf,,2024-01-18 16:30:00,pdfs/02516/stabilization_0.pdf,True
02511,"HighTide Therapeutics, Inc.",2023-12-22,prospectus,Listing Documents - [Offer for Subscription] - GLOBAL OFFERING,https://www1.hkexnews.hk/listedco/listconews/sehk/2023/1214/2023121400045.pdf,,2023-12-14 06:45:00,pdfs/02511/prospectus_0.pdf,True
02511,"HighTide Therapeutics, Inc.",2023-12-22,allotment,Announcements and Notices - [Allotment Results] - ANNOUNCEMENT OF FINAL OFFER PRICE AND ALLOTMENT RESULTS,https://www1.hkexnews.hk/listedco/listconews/sehk/2023/1221/2023122101298.pdf,,2023-12-21 22:30:00,pdfs/02511/allotment_0.pdf,True
02511,"HighTide Therapeutics, Inc.",2023-12-22,over_allotment_exercise,,,,,,False
02511,"HighTide Therapeutics, Inc.",2023-12-22,stabilization,,,,,,False
02489,PERSISTENCE RESOURCES GROUP LTD,2023-12-22,prospectus,Listing Documents - [Offer for Subscription] - GLOBAL OFFERING,https://www1.hkexnews.hk/listedco/listconews/sehk/2023/1214/2023121400075.pdf,,2023-12-14 06:49:00,pdfs/02489/prospectus_0.pdf,True
02489,PERSISTENCE RESOURCES GROUP LTD,2023-12-22,prospectus,Listing Documents - [Offer for Subscription] - GLOBAL OFFERING,https://www1.hkexnews.hk/listedco/listconews/sehk/2023/1214/11005541/2023121400093.pdf,https://www1.hkexnews.hk/listedco/listconews/sehk/2023/1214/2023121400088.htm,2023-12-14 07:12:00,pdfs/02489/prospectus_1.pdf,True
02489,PERSISTENCE RESOURCES GROUP LTD,2023-12-22,allotment,Announcements and Notices - [Allotment Results] - ANNOUNCEMENT OF FINAL OFFER PRICE AND ALLOTMENT RESULTS,https://www1.hkexnews.hk/listedco/listconews/sehk/2023/1221/2023122101236.pdf,,2023-12-21 21:43:00,pdfs/02489/allotment_0.pdf,True
02489,PERSISTENCE RESOURCES GROUP LTD,2023-12-22,over_allotment_exercise,,,,,,False
02489,PERSISTENCE RESOURCES GROUP LTD,2023-12-22,stabilization,"Announcements and Notices - [Other - Miscellaneous] - END OF STABILISATION PERIOD, NO STABILISING ACTION AND LAPSE OF THE OVER-ALLOTMENT OPTION",https://www1.hkexnews.hk/listedco/listconews/sehk/2024/0119/2024011900977.pdf,,2024-01-19 19:17:00,pdfs/02489/stabilization_0.pdf,True
06911,"PU’ER LANCANG ANCIENT TEA CO., LTD.",2023-12-22,prospectus,Listing Documents - [Offer for Subscription] - GLOBAL OFFERING,https://www1.hkexnews.hk/listedco/listconews/sehk/2023/1214/2023121400011.pdf,,2023-12-14 06:12:00,pdfs/06911/prospectus_0.pdf,True
06911,"PU’ER LANCANG ANCIENT TEA CO., LTD.",2023-12-22,allotment,Announcements and Notices - [Allotment Results] - ANNOUNCEMENT OF FINAL OFFER PRICE AND ALLOTMENT RESULTS,https://www1.hkexnews.hk/listedco/listconews/sehk/2023/1221/2023122101314.pdf,,2023-12-21 22:44:00,pdfs/06911/allotment_0.pdf,True
06911,"PU’ER LANCANG ANCIENT TEA CO., LTD.",2023-12-22,over_allotment_exercise,,,,,,False
06911,"PU’ER LANCANG ANCIENT TEA CO., LTD.",2023-12-22,stabilization,"Announcements and Notices - [Other - Miscellaneous] - STABILIZING ACTIONS, END OF STABILIZATION PERIOD AND LAPSE OF THE OVER-ALLOTMENT OPTION",https://www1.hkexnews.hk/listedco/listconews/sehk/2024/0118/2024011800501.pdf,,2024-01-18 17:40:00,pdfs/06911/stabilization_0.pdf,True
02149,"BaTeLab Co., Ltd.",2023-12-28,prospectus,Listing Documents - [Offer for Subscription] - GLOBAL OFFERING,https://www1.hkexnews.hk/listedco/listconews/sehk/2023/1218/2023121800007.pdf,,2023-12-18 06:16:00,pdfs/02149/prospectus_0.pdf,True
02149,"BaTeLab Co., Ltd.",2023-12-28,allotment,Announcements and Notices - [Allotment Results] - ANNOUNCEMENT OF FINAL OFFER PRICE AND ALLOTMENT RESULTS,https://www1.hkexnews.hk/listedco/listconews/sehk/2023/1227/2023122701489.pdf,,2023-12-27 22:59:00,pdfs/02149/allotment_0.pdf,True
02149,"BaTeLab Co., Ltd.",2023-12-28,over_allotment_exercise,,,,,,False
02149,"BaTeLab Co., Ltd.",2023-12-28,stabilization,"Announcements and Notices - [Other - Miscellaneous] - END OF STABILIZATION PERIOD, NO STABILIZING ACTIONS AND LAPSE OF OVER-ALLOTMENT OPTION",https://www1.hkexnews.hk/listedco/listconews/sehk/2024/0122/2024012200299.pdf,,2024-01-22 16:30:00,pdfs/02149/stabilization_0.pdf,True
09880,UBTECH ROBOTICS CORP LTD,2023-12-29,prospectus,Listing Documents - [Offer for Subscription] - GLOBAL OFFERING,https://www1.hkexnews.hk/listedco/listconews/sehk/2023/1219/2023121900021.pdf,,2023-12-19 06:13:00,pdfs/09880/prospectus_0.pdf,True
09880,UBTECH ROBOTICS CORP LTD,2023-12-29,allotment,Announcements and Notices - [Allotment Results] - ANNOUNCEMENT OF FINAL OFFER PRICE AND ALLOTMENT RESULTS,https://www1.hkexnews.hk/listedco/listconews/sehk/2023/1228/2023122801642.pdf,,2023-12-28 22:40:00,pdfs/09880/allotment_0.pdf,True
09880,UBTECH ROBOTICS CORP LTD,2023-12-29,over_allotment_exercise,,,,,,False
09880,UBTECH ROBOTICS CORP LTD,2023-12-29,stabilization,"Announcements and Notices - [Other - Miscellaneous] - PARTIAL EXERCISE OF THE OVER-ALLOTMENT OPTION, STABILIZING ACTIONS AND END OF THE STABILIZATION PERIOD",https://www1.hkexnews.hk/listedco/listconews/sehk/2024/0122/2024012200015.pdf,,2024-01-22 07:04:00,pdfs/09880/stabilization_0.pdf,True
02498,"ROBOSENSE TECHNOLOGY CO., LTD",2024-01-05,prospectus,Listing Documents - [Offer for Subscription] - GLOBAL OFFERING,https://www1.hkexnews.hk/listedco/listconews/sehk/2023/1227/2023122700027.pdf,,2023-12-27 06:26:00,pdfs/02498/prospectus_0.pdf,True
02498,"ROBOSENSE TECHNOLOGY CO., LTD",2024-01-05,allotment,Announcements and Notices - [Allotment Results] - Announcement of Final Offer Price and Allotment Results,https://www1.hkexnews.hk/listedco/listconews/sehk/2024/0104/2024010401780.pdf,,2024-01-04 22:55:00,pdfs/02498/allotment_0.pdf,True
02498,"ROBOSENSE TECHNOLOGY CO., LTD",2024-01-05,over_allotment_exercise,,,,,,False
02498,"ROBOSENSE TECHNOLOGY CO., LTD",2024-01-05,stabilization,"Announcements and Notices - [Other - Miscellaneous] - PARTIAL EXERCISE OF THE OVER-ALLOTMENT OPTION, STABILIZING ACTIONS AND END OF STABILIZATION PERIOD",https://www1.hkexnews.hk/listedco/listconews/sehk/2024/0201/2024020103564.pdf,,2024-02-01 22:32:00,pdfs/02498/stabilization_0.pdf,True
02503,Zhongshen Jianye Holding Limited,2024-01-09,prospectus,Listing Documents - [Offer for Subscription] - SHARE OFFER,https://www1.hkexnews.hk/listedco/listconews/sehk/2023/1228/2023122800045.pdf,,2023-12-28 07:01:00,pdfs/02503/prospectus_0.pdf,True
02503,Zhongshen Jianye Holding Limited,2024-01-09,allotment,Announcements and Notices - [Allotment Results] - ANNOUNCEMENT OF FINAL OFFER PRICE AND ALLOTMENT RESULTS,https://www1.hkexnews.hk/listedco/listconews/sehk/2024/0108/2024010801008.pdf,,2024-01-08 20:51:00,pdfs/02503/allotment_0.pdf,True
02503,Zhongshen Jianye Holding Limited,2024-01-09,over_allotment_exercise,,,,,,False
02503,Zhongshen Jianye Holding Limited,2024-01-09,stabilization,,,,,,False
02453,"Concord Healthcare Group Co., Ltd.",2024-01-09,prospectus,Listing Documents - [Offer for Subscription] - GLOBAL OFFERING,https://www1.hkexnews.hk/listedco/listconews/sehk/2023/1229/2023122900023.pdf,,2023-12-29 06:14:00,pdfs/02453/prospectus_0.pdf,True
02453,"Concord Healthcare Group Co., Ltd.",2024-01-09,allotment,Announcements and Notices - [Allotment Results] - Announcement of Final Offer Price and Allotment Results,https://www1.hkexnews.hk/listedco/listconews/sehk/2024/0108/2024010801006.pdf,,2024-01-08 20:48:00,pdfs/02453/allotment_0.pdf,True
02453,"Concord Healthcare Group Co., Ltd.",2024-01-09,over_allotment_exercise,,,,,,False
02453,"Concord Healthcare Group Co., Ltd.",2024-01-09,stabilization,,,,,,False
06959,Changjiu Holdings Limited,2024-01-09,prospectus,Listing Documents - [Offer for Subscription] - GLOBAL OFFERING,https://www1.hkexnews.hk/listedco/listconews/sehk/2023/1229/2023122900027.pdf,,2023-12-29 06:18:00,pdfs/06959/prospectus_0.pdf,True
06959,Changjiu Holdings Limited,2024-01-09,allotment,Announcements and Notices - [Allotment Results] - ANNOUNCEMENT OF FINAL OFFER PRICE AND ALLOTMENT RESULTS,https://www1.hkexnews.hk/listedco/listconews/sehk/2024/0108/2024010801108.pdf,,2024-01-08 22:57:00,pdfs/06959/allotment_0.pdf,True
06959,Changjiu Holdings Limited,2024-01-09,over_allotment_exercise,,,,,,False
06959,Changjiu Holdings Limited,2024-01-09,stabilization,,,,,,False
02477,"WellCell Holdings Co., Limited",2024-01-12,prospectus,Listing Documents - [Offer for Subscription] - SHARE OFFER,https://www1.hkexnews.hk/listedco/listconews/sehk/2023/1228/2023122800033.pdf,,2023-12-28 06:34:00,pdfs/02477/prospectus_0.pdf,True
02477,"WellCell Holdings Co., Limited",2024-01-12,allotment,Announcements and Notices - [Allotment Results] - ANNOUNCEMENT OF FINAL OFFER PRICE AND ALLOTMENT RESULTS,https://www1.hkexnews.hk/listedco/listconews/sehk/2024/0111/2024011101058.pdf,,2024-01-11 21:49:00,pdfs/02477/allotment_0.pdf,True
02477,"WellCell Holdings Co., Limited",2024-01-12,over_allotment_exercise,,,,,,False
02477,"WellCell Holdings Co., Limited",2024-01-12,stabilization,"Announcements and Notices - [Other - Miscellaneous] - END OF STABILISATION PERIOD, NO STABILISING ACTION AND LAPSE OF THE OVER-ALLOTMENT OPTION",https://www1.hkexnews.hk/listedco/listconews/sehk/2024/0208/2024020800426.pdf,,2024-02-08 16:58:00,pdfs/02477/stabilization_0.pdf,True
02540,Lesi Group Limited,2024-03-08,prospectus,Listing Documents - [Offer for Subscription] - GLOBAL OFFERING,https://www1.hkexnews.hk/listedco/listconews/sehk/2024/0229/2024022900168.pdf,,2024-02-29 08:02:00,pdfs/02540/prospectus_0.pdf,True
02540,Lesi Group Limited,2024-03-08,allotment,Announcements and Notices - [Allotment Results] - ANNOUNCEMENT OF FINAL OFFER PRICE AND ALLOTMENT RESULTS,https://www1.hkexnews.hk/listedco/listconews/sehk/2024/0307/2024030700935.pdf,,2024-03-07 21:30:00,pdfs/02540/allotment_0.pdf,True
02540,Lesi Group Limited,2024-03-08,over_allotment_exercise,,,,,,False
02540,Lesi Group Limited,2024-03-08,stabilization,"Announcements and Notices - [Other - Miscellaneous] - END OF STABILISATION PERIOD, NO STABILISING ACTION AND LAPSE OF THE OVER-ALLOTMENT OPTION",https://www1.hkexnews.hk/listedco/listconews/sehk/2024/0405/2024040500023.pdf,,2024-04-05 07:14:00,pdfs/02540/stabilization_0.pdf,True
02535,WK Group (Holdings) Limited,2024-03-08,prospectus,Listing Documents - [Offer for Subscription] - SHARE OFFER,https://www1.hkexnews.hk/listedco/listconews/sehk/2024/0229/2024022900013.pdf,,2024-02-29 06:07:00,pdfs/02535/prospectus_0.pdf,True
02535,WK Group (Holdings) Limited,2024-03-08,prospectus,Listing Documents - [Offer for Subscription] - SHARE OFFER,https://www1.hkexnews.hk/listedco/listconews/sehk/2024/0229/11078996/2024022900023.pdf,https://www1.hkexnews.hk/listedco/listconews/sehk/2024/0229/2024022900018.htm,2024-02-29 06:11:00,pdfs/02535/prospectus_1.pdf,True
02535,WK Group (Holdings) Limited,2024-03-08,allotment,Announcements and Notices - [Allotment Results] - ANNOUNCEMENT OF FINAL OFFER PRICE AND ALLOTMENT RESULTS,https://www1.hkexnews.hk/listedco/listconews/sehk/2024/0307/2024030700933.pdf,,2024-03-07 21:25:00,pdfs/02535/allotment_0.pdf,True
02535,WK Group (Holdings) Limited,2024-03-08,over_allotment_exercise,,,,,,False
02535,WK Group (Holdings) Limited,2024-03-08,stabilization,"Announcements and Notices - [Other - Miscellaneous] - END OF STABILISATION PERIOD, NO STABILISATION ACTIONS AND LAPSE OF OVER-ALLOTMENT OPTION",https://www1.hkexnews.hk/listedco/listconews/sehk/2024/0405/2024040501467.pdf,,2024-04-05 20:14:00,pdfs/02535/stabilization_0.pdf,True
02509,"Qyuns Therapeutics Co., Ltd.",2024-03-20,prospectus,Listing Documents - [Offer for Subscription] - GLOBAL OFFERING,https://www1.hkexnews.hk/listedco/listconews/sehk/2024/0312/2024031200007.pdf,,2024-03-12 06:13:00,pdfs/02509/prospectus_0.pdf,True
02509,"Qyuns Therapeutics Co., Ltd.",2024-03-20,allotment,Announcements and Notices - [Allotment Results] - ANNOUNCEMENT OF FINAL OFFER PRICE AND ALLOTMENT RESULTS,https://www1.hkexnews.hk/listedco/listconews/sehk/2024/0319/2024031901351.pdf,,2024-03-19 22:48:00,pdfs/02509/allotment_0.pdf,True
02509,"Qyuns Therapeutics Co., Ltd.",2024-03-20,over_allotment_exercise,,,,,,False
02509,"Qyuns Therapeutics Co., Ltd.",2024-03-20,stabilization,,,,,,False
09879,MIGAO GROUP HOLDINGS LIMITED,2024-03-21,prospectus,Listing Documents - [Offer for Subscription] - GLOBAL OFFERING,https://www1.hkexnews.hk/listedco/listconews/sehk/2024/0313/2024031300019.pdf,,2024-03-13 06:15:00,pdfs/09879/prospectus_0.pdf,True
09879,MIGAO GROUP HOLDINGS LIMITED,2024-03-21,allotment,Announcements and Notices - [Allotment Results] - ANNOUNCEMENT OF FINAL OFFER PRICE AND ALLOTMENT RESULTS,https://www1.hkexnews.hk/listedco/listconews/sehk/2024/0320/2024032001597.pdf,,2024-03-20 22:48:00,pdfs/09879/allotment_0.pdf,True
09879,MIGAO GROUP HOLDINGS LIMITED,2024-03-21,over_allotment_exercise,,,,,,False
09879,MIGAO GROUP HOLDINGS LIMITED,2024-03-21,stabilization,"Announcements and Notices - [Other - Miscellaneous] - PARTIAL EXERCISE OF THE OVER-ALLOTMENT OPTION, STABILISING ACTIONS AND END OF STABILISATION PERIOD",https://www1.hkexnews.hk/listedco/listconews/sehk/2024/0417/2024041701556.pdf,,2024-04-17 22:45:00,pdfs/09879/stabilization_0.pdf,True
02536,Palasino Holdings Limited,2024-03-26,prospectus,Listing Documents - [Offer for Subscription] - GLOBAL OFFERING,https://www1.hkexnews.hk/listedco/listconews/sehk/2024/0318/2024031800024.pdf,,2024-03-18 06:46:00,pdfs/02536/prospectus_0.pdf,True
02536,Palasino Holdings Limited,2024-03-26,allotment,Announcements and Notices - [Allotment Results] - ANNOUNCEMENT OF ALLOTMENT RESULTS,https://www1.hkexnews.hk/listedco/listconews/sehk/2024/0325/2024032501621.pdf,,2024-03-25 22:35:00,pdfs/02536/allotment_0.pdf,True
02536,Palasino Holdings Limited,2024-03-26,over_allotment_exercise,,,,,,False
02536,Palasino Holdings Limited,2024-03-26,stabilization,"Announcements and Notices - [Other - Miscellaneous] - PARTIAL EXERCISE OF THE OVER-ALLOTMENT OPTION, STABILISING ACTIONS AND END OF THE STABILISATION PERIOD",https://www1.hkexnews.hk/listedco/listconews/sehk/2024/0422/2024042200005.pdf,,2024-04-22 06:06:00,pdfs/02536/stabilization_0.pdf,True
02497,"Fujing Holdings Co., Limited",2024-03-28,prospectus,Listing Documents - [Offer for Subscription] - SHARE OFFER,https://www1.hkexnews.hk/listedco/listconews/sehk/2024/0320/2024032000093.pdf,,2024-03-20 06:54:00,pdfs/02497/prospectus_0.pdf,True
02497,"Fujing Holdings Co., Limited",2024-03-28,allotment,Announcements and Notices - [Allotment Results] - ANNOUNCEMENT OF FINAL OFFER PRICE AND ALLOTMENT RESULTS,https://www1.hkexnews.hk/listedco/listconews/sehk/2024/0327/2024032702279.pdf,,2024-03-27 21:15:00,pdfs/02497/allotment_0.pdf,True
02497,"Fujing Holdings Co., Limited",2024-03-28,over_allotment_exercise,,,,,,False
02497,"Fujing Holdings Co., Limited",2024-03-28,stabilization,"Announcements and Notices - [Other - Miscellaneous] - END OF STABILISATION PERIOD, NO STABILISING ACTION AND LAPSE OF THE OVER-ALLOTMENT OPTION",https://www1.hkexnews.hk/listedco/listconews/sehk/2024/0424/2024042400463.pdf,,2024-04-24 16:33:00,pdfs/02497/stabilization_0.pdf,True
02598,"Lianlian DigiTech Co., Ltd.",2024-03-28,prospectus,Listing Documents - [Offer for Subscription] - GLOBAL OFFERING,https://www1.hkexnews.hk/listedco/listconews/sehk/2024/0320/2024032000031.pdf,,2024-03-20 06:17:00,pdfs/02598/prospectus_0.pdf,True
02598,"Lianlian DigiTech Co., Ltd.",2024-03-28,allotment,Announcements and Notices - [Allotment Results] - ANNOUNCEMENT OF FINAL OFFER PRICE AND ALLOTMENT RESULTS,https://www1.hkexnews.hk/listedco/listconews/sehk/2024/0327/2024032703063.pdf,,2024-03-27 22:34:00,pdfs/02598/allotment_0.pdf,True
02598,"Lianlian DigiTech Co., Ltd.",2024-03-28,over_allotment_exercise,,,,,,False
02598,"Lianlian DigiTech Co., Ltd.",2024-03-28,stabilization,"Announcements and Notices - [Other - Miscellaneous] - STABILIZING ACTIONS, END OF STABILIZATION PERIOD AND LAPSE OF OVER-ALLOTMENT OPTION",https://www1.hkexnews.hk/listedco/listconews/sehk/2024/0424/2024042402304.pdf,,2024-04-24 20:40:00,pdfs/02598/stabilization_0.pdf,True
02555,"Sichuan Baicha Baidao Industrial Co., Ltd.",2024-04-23,prospectus,Listing Documents - [Offer for Subscription] - GLOBAL OFFERING,https://www1.hkexnews.hk/listedco/listconews/sehk/2024/0415/2024041500022.pdf,,2024-04-15 06:23:00,pdfs/02555/prospectus_0.pdf,True
02555,"Sichuan Baicha Baidao Industrial Co., Ltd.",2024-04-23,allotment,Announcements and Notices - [Allotment Results] - ANNOUNCEMENT OF ALLOTMENT RESULTS,https://www1.hkexnews.hk/listedco/listconews/sehk/2024/0422/2024042202135.pdf,,2024-04-22 22:56:00,pdfs/02555/allotment_0.pdf,True
02555,"Sichuan Baicha Baidao Industrial Co., Ltd.",2024-04-23,over_allotment_exercise,,,,,,False
02555,"Sichuan Baicha Baidao Industrial Co., Ltd.",2024-04-23,stabilization,"Announcements and Notices - [Other - Miscellaneous] - STABILIZING ACTIONS, END OF STABILIZATION PERIOD AND LAPSE OF OVER-ALLOTMENT OPTION",https://www1.hkexnews.hk/listedco/listconews/sehk/2024/0520/2024052000035.pdf,,2024-05-20 08:10:00,pdfs/02555/stabilization_0.pdf,True
02515,"Tianjin Construction Development Group Co., Ltd.",2024-04-23,prospectus,Listing Documents - [Offer for Subscription] - GLOBAL OFFERING,https://www1.hkexnews.hk/listedco/listconews/sehk/2024/0415/2024041500009.pdf,,2024-04-15 06:12:00,pdfs/02515/prospectus_0.pdf,True
02515,"Tianjin Construction Development Group Co., Ltd.",2024-04-23,allotment,Announcements and Notices - [Allotment Results] - ANNOUNCEMENT OF FINAL OFFER PRICE AND ALLOTMENT RESULTS,https://www1.hkexnews.hk/listedco/listconews/sehk/2024/0422/2024042201767.pdf,,2024-04-22 21:51:00,pdfs/02515/allotment_0.pdf,True
02515,"Tianjin Construction Development Group Co., Ltd.",2024-04-23,over_allotment_exercise,,,,,,False
02515,"Tianjin Construction Development Group Co., Ltd.",2024-04-23,stabilization,"Announcements and Notices - [Other - Miscellaneous] - END OF STABILIZATION PERIOD, NO STABILIZING ACTION AND LAPSE OF THE OVER-ALLOTMENT OPTION",https://www1.hkexnews.hk/listedco/listconews/sehk/2024/0520/2024052000007.pdf,,2024-05-20 07:32:00,pdfs/02515/stabilization_0.pdf,True
02438,Mobvoi Inc.,2024-04-24,prospectus,Listing Documents - [Offer for Subscription] - Global Offering,https://www1.hkexnews.hk/listedco/listconews/sehk/2024/0416/2024041600025.pdf,,2024-04-16 06:24:00,pdfs/02438/prospectus_0.pdf,True
02438,Mobvoi Inc.,2024-04-24,allotment,Announcements and Notices - [Allotment Results] - ANNOUNCEMENT OF FINAL OFFER PRICE AND ALLOTMENT RESULTS,https://www1.hkexnews.hk/listedco/listconews/sehk/2024/0423/2024042301690.pdf,,2024-04-23 22:19:00,pdfs/02438/allotment_0.pdf,True
02438,Mobvoi Inc.,2024-04-24,over_allotment_exercise,,,,,,False
02438,Mobvoi Inc.,2024-04-24,stabilization,"Announcements and Notices - [Other - Miscellaneous] - PARTIAL EXERCISE OF THE OVER-ALLOTMENT OPTION, STABILIZING ACTIONS AND END OF STABILIZATION PERIOD",https://www1.hkexnews.hk/listedco/listconews/sehk/2024/0519/2024051900005.pdf,,2024-05-19 18:03:00,pdfs/02438/stabilization_0.pdf,True
02556,Marketingforce Management Ltd,2024-05-16,prospectus,Listing Documents - [Offer for Subscription] - GLOBAL OFFERING,https://www1.hkexnews.hk/listedco/listconews/sehk/2024/0507/2024050700011.pdf,,2024-05-07 06:13:00,pdfs/02556/prospectus_0.pdf,True
02556,Marketingforce Management Ltd,2024-05-16,allotment,Announcements and Notices - [Allotment Results] - ANNOUNCEMENT OF FINAL OFFER PRICE AND ALLOTMENT RESULTS,https://www1.hkexnews.hk/listedco/listconews/sehk/2024/0514/2024051401235.pdf,,2024-05-14 22:56:00,pdfs/02556/allotment_0.pdf,True
02556,Marketingforce Management Ltd,2024-05-16,over_allotment_exercise,,,,,,False
02556,Marketingforce Management Ltd,2024-05-16,stabilization,,,,,,False
02529,"Hollwin Urban Operation Service Group Co., Ltd",2024-05-17,prospectus,Listing Documents - [Offer for Subscription] - GLOBAL OFFERING,https://www1.hkexnews.hk/listedco/listconews/sehk/2024/0508/2024050800029.pdf,,2024-05-08 06:22:00,pdfs/02529/prospectus_0.pdf,True
02529,"Hollwin Urban Operation Service Group Co., Ltd",2024-05-17,allotment,Announcements and Notices - [Allotment Results] - ANNOUNCEMENT OF OFFER PRICE AND ALLOTMENT RESULTS,https://www1.hkexnews.hk/listedco/listconews/sehk/2024/0516/2024051601339.pdf,,2024-05-16 21:57:00,pdfs/02529/allotment_0.pdf,True
02529,"Hollwin Urban Operation Service Group Co., Ltd",2024-05-17,over_allotment_exercise,,,,,,False
02529,"Hollwin Urban Operation Service Group Co., Ltd",2024-05-17,stabilization,,,,,,False
02898,"Sunho Biologics, Inc.",2024-05-24,prospectus,Listing Documents - [Offer for Subscription] - GLOBAL OFFERING,https://www1.hkexnews.hk/listedco/listconews/sehk/2024/0516/2024051600013.pdf,,2024-05-16 06:17:00,pdfs/02898/prospectus_0.pdf,True
02898,"Sunho Biologics, Inc.",2024-05-24,allotment,Announcements and Notices - [Allotment Results] - ANNOUNCEMENT OF ALLOTMENT RESULTS,https://www1.hkexnews.hk/listedco/listconews/sehk/2024/0523/2024052301621.pdf,,2024-05-23 22:15:00,pdfs/02898/allotment_0.pdf,True
02898,"Sunho Biologics, Inc.",2024-05-24,over_allotment_exercise,,,,,,False
02898,"Sunho Biologics, Inc.",2024-05-24,stabilization,,,,,,False
00917,Qunabox Group Limited,2024-05-27,prospectus,Listing Documents - [Offer for Subscription] - GLOBAL OFFERING,https://www1.hkexnews.hk/listedco/listconews/sehk/2024/0517/2024051700009.pdf,,2024-05-17 06:18:00,pdfs/00917/prospectus_0.pdf,True
00917,Qunabox Group Limited,2024-05-27,allotment,Announcements and Notices - [Allotment Results] - ANNOUNCEMENT OF FINAL OFFER PRICE AND ALLOTMENT RESULTS,https://www1.hkexnews.hk/listedco/listconews/sehk/2024/0524/2024052401848.pdf,,2024-06-05 06:22:00,pdfs/00917/allotment_0.pdf,True
00917,Qunabox Group Limited,2024-05-27,over_allotment_exercise,,,,,,False
00917,Qunabox Group Limited,2024-05-27,stabilization,,,,,,False
02505,EDA GROUP HOLDINGS LIMITED,2024-05-28,prospectus,Listing Documents - [Offer for Subscription] - GLOBAL OFFERING,https://www1.hkexnews.hk/listedco/listconews/sehk/2024/0519/2024051900033.pdf,,2024-05-19 18:33:00,pdfs/02505/prospectus_0.pdf,True
02505,EDA GROUP HOLDINGS LIMITED,2024-05-28,prospectus,Listing Documents - [Offer for Subscription] - GLOBAL OFFERING,https://www1.hkexnews.hk/listedco/listconews/sehk/2024/0519/11214160/2024051900049.pdf,https://www1.hkexnews.hk/listedco/listconews/sehk/2024/0519/2024051900044.htm,2024-05-19 18:45:00,pdfs/02505/prospectus_1.pdf,True
02505,EDA GROUP HOLDINGS LIMITED,2024-05-28,allotment,Announcements and Notices - [Allotment Results] - ANNOUNCEMENT OF FINAL OFFER PRICE AND ALLOTMENT RESULTS,https://www1.hkexnews.hk/listedco/listconews/sehk/2024/0527/2024052701491.pdf,,2024-05-27 22:47:00,pdfs/02505/allotment_0.pdf,True
02505,EDA GROUP HOLDINGS LIMITED,2024-05-28,over_allotment_exercise,,,,,,False
02505,EDA GROUP HOLDINGS LIMITED,2024-05-28,stabilization,"Announcements and Notices - [Other - Miscellaneous] - END OF STABILIZATION PERIOD, NO STABILIZING ACTION AND LAPSE OF THE OVER-ALLOTMENT OPTION",https://www1.hkexnews.hk/listedco/listconews/sehk/2024/0624/2024062401055.pdf,,2024-06-24 21:27:00,pdfs/02505/stabilization_0.pdf,True
02443,Autostreets Development Limited,2024-05-31,prospectus,Listing Documents - [Offer for Subscription] - GLOBAL OFFERING,https://www1.hkexnews.hk/listedco/listconews/sehk/2024/0523/2024052300027.pdf,,2024-05-23 06:16:00,pdfs/02443/prospectus_0.pdf,True
02443,Autostreets Development Limited,2024-05-31,prospectus,Listing Documents - [Offer for Subscription] - GLOBAL OFFERING,https://www1.hkexnews.hk/listedco/listconews/sehk/2024/0523/11218209/2024052300047.pdf,https://www1.hkexnews.hk/listedco/listconews/sehk/2024/0523/2024052300042.htm,2024-05-23 06:24:00,pdfs/02443/prospectus_1.pdf,True
02443,Autostreets Development Limited,2024-05-31,allotment,Announcements and Notices - [Allotment Results] - ANNOUNCEMENT OF FINAL OFFER PRICE AND ALLOTMENT RESULTS,https://www1.hkexnews.hk/listedco/listconews/sehk/2024/0530/2024053001320.pdf,,2024-05-30 19:43:00,pdfs/02443/allotment_0.pdf,True
02443,Autostreets Development Limited,2024-05-31,over_allotment_exercise,,,,,,False
02443,Autostreets Development Limited,2024-05-31,stabilization,,,,,,False
02550,Easou Technology Holdings Limited,2024-06-07,prospectus,Listing Documents - [Offer for Subscription] - Global Offering,https://www1.hkexnews.hk/listedco/listconews/sehk/2024/0530/2024053000009.pdf,,2024-05-30 06:05:00,pdfs/02550/prospectus_0.pdf,True
02550,Easou Technology Holdings Limited,2024-06-07,allotment,Announcements and Notices - [Allotment Results] - ANNOUNCEMENT OF FINAL OFFER PRICE AND ALLOTMENT RESULTS,https://www1.hkexnews.hk/listedco/listconews/sehk/2024/0606/2024060602135.pdf,,2024-06-06 22:56:00,pdfs/02550/allotment_0.pdf,True
02550,Easou Technology Holdings Limited,2024-06-07,over_allotment_exercise,,,,,,False
02550,Easou Technology Holdings Limited,2024-06-07,stabilization,,,,,,False
02522,"Jiangxi Rimag Group Co., Ltd.",2024-06-07,prospectus,Listing Documents - [Offer for Subscription] - GLOBAL OFFERING,https://www1.hkexnews.hk/listedco/listconews/sehk/2024/0530/2024053000044.pdf,,2024-05-30 06:32:00,pdfs/02522/prospectus_0.pdf,True
02522,"Jiangxi Rimag Group Co., Ltd.",2024-06-07,allotment,Announcements and Notices - [Allotment Results] - ANNOUNCEMENT OF FINAL OFFER PRICE AND ALLOTMENT RESULTS,https://www1.hkexnews.hk/listedco/listconews/sehk/2024/0606/2024060602117.pdf,,2024-06-06 22:46:00,pdfs/02522/allotment_0.pdf,True
02522,"Jiangxi Rimag Group Co., Ltd.",2024-06-07,over_allotment_exercise,,,,,,False
02522,"Jiangxi Rimag Group Co., Ltd.",2024-06-07,stabilization,,,,,,False
02228,QuantumPharm Inc.,2024-06-13,prospectus,Listing Documents - [Offer for Subscription] - GLOBAL OFFERING,https://www1.hkexnews.hk/listedco/listconews/sehk/2024/0604/2024060400065.pdf,,2024-06-04 06:40:00,pdfs/02228/prospectus_0.pdf,True
02228,QuantumPharm Inc.,2024-06-13,allotment,Announcements and Notices - [Allotment Results] - ANNOUNCEMENT OF FINAL OFFER PRICE AND ALLOTMENT RESULTS,https://www1.hkexnews.hk/listedco/listconews/sehk/2024/0612/2024061201745.pdf,,2024-06-12 22:58:00,pdfs/02228/allotment_0.pdf,True
02228,QuantumPharm Inc.,2024-06-13,over_allotment_exercise,,,,,,False
02228,QuantumPharm Inc.,2024-06-13,stabilization,"Announcements and Notices - [Other - Miscellaneous] - PARTIAL EXERCISE OF THE OVER-ALLOTMENT OPTION, STABILIZING ACTIONS AND END OF STABILIZATION PERIOD",https://www1.hkexnews.hk/listedco/listconews/sehk/2024/0707/2024070700029.pdf,,2024-07-07 19:38:00,pdfs/02228/stabilization_0.pdf,True
02512,Cloud Factory Technology Holdings Limited,2024-06-14,prospectus,Listing Documents - [Offer for Subscription] - GLOBAL OFFERING,https://www1.hkexnews.hk/listedco/listconews/sehk/2024/0605/2024060500041.pdf,,2024-06-05 06:24:00,pdfs/02512/prospectus_0.pdf,True
02512,Cloud Factory Technology Holdings Limited,2024-06-14,allotment,Announcements and Notices - [Allotment Results] - ANNOUNCEMENT OF FINAL OFFER PRICE AND ALLOTMENT RESULTS,https://www1.hkexnews.hk/listedco/listconews/sehk/2024/0613/2024061301165.pdf,,2024-06-13 21:44:00,pdfs/02512/allotment_0.pdf,True
02512,Cloud Factory Technology Holdings Limited,2024-06-14,over_allotment_exercise,,,,,,False
02512,Cloud Factory Technology Holdings Limited,2024-06-14,stabilization,"Announcements and Notices - [Other - Miscellaneous] - END OF STABILISATION PERIOD, NO STABILISING ACTION AND LAPSE OF THE OVER-ALLOTMENT OPTION",https://www1.hkexnews.hk/listedco/listconews/sehk/2024/0711/2024071100781.pdf,,2024-07-11 18:13:00,pdfs/02512/stabilization_0.pdf,True
02881,Wuhan Youji Holdings Ltd.,2024-06-18,prospectus,Listing Documents - [Offer for Subscription] - GLOBAL OFFERING,https://www1.hkexnews.hk/listedco/listconews/sehk/2024/0607/2024060700013.pdf,,2024-06-07 06:23:00,pdfs/02881/prospectus_0.pdf,True
02881,Wuhan Youji Holdings Ltd.,2024-06-18,allotment,Announcements and Notices - [Allotment Results] - ANNOUNCEMENT OF FINAL OFFER PRICE AND ALLOTMENT RESULTS,https://www1.hkexnews.hk/listedco/listconews/sehk/2024/0617/2024061701156.pdf,,2024-06-17 22:48:00,pdfs/02881/allotment_0.pdf,True
02881,Wuhan Youji Holdings Ltd.,2024-06-18,over_allotment_exercise,,,,,,False
02881,Wuhan Youji Holdings Ltd.,2024-06-18,stabilization,"Announcements and Notices - [Other - Miscellaneous] - END OF STABILISATION PERIOD, NO STABILISING ACTION AND LAPSE OF THE OVER-ALLOTMENT OPTION",https://www1.hkexnews.hk/listedco/listconews/sehk/2024/0715/2024071500250.pdf,,2024-07-15 16:34:00,pdfs/02881/stabilization_0.pdf,True
02559,Dida Inc.,2024-06-28,prospectus,Listing Documents - [Offer for Subscription] - GLOBAL OFFERING,https://www1.hkexnews.hk/listedco/listconews/sehk/2024/0620/2024062000015.pdf,,2024-06-20 06:11:00,pdfs/02559/prospectus_0.pdf,True
02559,Dida Inc.,2024-06-28,allotment,Announcements and Notices - [Allotment Results] - ANNOUNCEMENT OF FINAL OFFER PRICE AND ALLOTMENT RESULTS,https://www1.hkexnews.hk/listedco/listconews/sehk/2024/0627/2024062701882.pdf,,2024-06-27 22:04:00,pdfs/02559/allotment_0.pdf,True
02559,Dida Inc.,2024-06-28,over_allotment_exercise,,,,,,False
02559,Dida Inc.,2024-06-28,stabilization,"Announcements and Notices - [Other - Miscellaneous] - STABILIZING ACTIONS, END OF STABILIZATION PERIOD AND LAPSE OF OVER-ALLOTMENT OPTION",https://www1.hkexnews.hk/listedco/listconews/sehk/2024/0725/2024072501042.pdf,,2024-07-25 17:55:00,pdfs/02559/stabilization_0.pdf,True
06181,"Laopu Gold Co., Ltd.",2024-06-28,prospectus,Listing Documents - [Offer for Subscription] - GLOBAL OFFERING,https://www1.hkexnews.hk/listedco/listconews/sehk/2024/0620/2024062000017.pdf,,2024-06-20 06:12:00,pdfs/06181/prospectus_0.pdf,True
06181,"Laopu Gold Co., Ltd.",2024-06-28,allotment,Announcements and Notices - [Allotment Results] - Announcement of Allotment Results,https://www1.hkexnews.hk/listedco/listconews/sehk/2024/0627/2024062702334.pdf,,2024-06-27 22:58:00,pdfs/06181/allotment_0.pdf,True
06181,"Laopu Gold Co., Ltd.",2024-06-28,over_allotment_exercise,,,,,,False
06181,"Laopu Gold Co., Ltd.",2024-06-28,stabilization,"Announcements and Notices - [Other - Miscellaneous] - FULL EXERCISE OF THE OVER-ALLOTMENT OPTION, STABILIZING ACTIONS AND END OF STABILIZATION PERIOD",https://www1.hkexnews.hk/listedco/listconews/sehk/2024/0725/2024072501435.pdf,,2024-07-25 21:13:00,pdfs/06181/stabilization_0.pdf,True
02479,"Tianju Dihe (Suzhou) Technology Co., Ltd.",2024-06-28,prospectus,Listing Documents - [Offer for Subscription] - GLOBAL OFFERING,https://www1.hkexnews.hk/listedco/listconews/sehk/2024/0620/2024062000191.pdf,,2024-06-20 06:46:00,pdfs/02479/prospectus_0.pdf,True
02479,"Tianju Dihe (Suzhou) Technology Co., Ltd.",2024-06-28,allotment,Announcements and Notices - [Allotment Results] - ANNOUNCEMENT OF ALLOTMENT RESULTS,https://www1.hkexnews.hk/listedco/listconews/sehk/2024/0627/2024062702312.pdf,,2024-06-27 22:53:00,pdfs/02479/allotment_0.pdf,True
02479,"Tianju Dihe (Suzhou) Technology Co., Ltd.",2024-06-28,over_allotment_exercise,,,,,,False
02479,"Tianju Dihe (Suzhou) Technology Co., Ltd.",2024-06-28,stabilization,,,,,,False
01354,"Xi’an Kingfar Property Services Co., Ltd.",2024-07-03,prospectus,Listing Documents - [Offer for Subscription] - GLOBAL OFFERING,https://www1.hkexnews.hk/listedco/listconews/sehk/2024/0624/2024062400007.pdf,,2024-06-24 06:20:00,pdfs/01354/prospectus_0.pdf,True
01354,"Xi’an Kingfar Property Services Co., Ltd.",2024-07-03,allotment,Announcements and Notices - [Allotment Results] - ANNOUNCEMENT OF FINAL OFFER PRICE AND ALLOTMENT RESULTS,https://www1.hkexnews.hk/listedco/listconews/sehk/2024/0702/2024070203671.pdf,,2024-07-02 22:54:00,pdfs/01354/allotment_0.pdf,True
01354,"Xi’an Kingfar Property Services Co., Ltd.",2024-07-03,over_allotment_exercise,,,,,,False
01354,"Xi’an Kingfar Property Services Co., Ltd.",2024-07-03,stabilization,"Announcements and Notices - [Other - Miscellaneous] - END OF STABILIZATION PERIOD, NO STABILIZING ACTION AND LAPSE OF THE OVER-ALLOTMENT OPTION",https://www1.hkexnews.hk/listedco/listconews/sehk/2024/0729/2024072900434.pdf,,2024-07-29 16:43:00,pdfs/01354/stabilization_0.pdf,True
02545,Zhonggan Communication (Group) Holdings Limited,2024-07-03,prospectus,Listing Documents - [Offer for Subscription] - GLOBAL OFFERING,https://www1.hkexnews.hk/listedco/listconews/sehk/2024/0621/2024062100099.pdf,,2024-06-21 07:03:00,pdfs/02545/prospectus_0.pdf,True
02545,Zhonggan Communication (Group) Holdings Limited,2024-07-03,allotment,Announcements and Notices - [Allotment Results] - ANNOUNCEMENT OF FINAL OFFER PRICE AND ALLOTMENT RESULTS,https://www1.hkexnews.hk/listedco/listconews/sehk/2024/0702/2024070203581.pdf,,2024-07-02 21:51:00,pdfs/02545/allotment_0.pdf,True
02545,Zhonggan Communication (Group) Holdings Limited,2024-07-03,over_allotment_exercise,,,,,,False
02545,Zhonggan Communication (Group) Holdings Limited,2024-07-03,stabilization,"Announcements and Notices - [Other - Miscellaneous] - END OF STABILISATION PERIOD, NO STABILISING ACTION AND LAPSE OF THE OVER-ALLOTMENT OPTION",https://www1.hkexnews.hk/listedco/listconews/sehk/2024/0729/2024072900518.pdf,,2024-07-29 16:55:00,pdfs/02545/stabilization_0.pdf,True
06657,"BAIWANG CO., LTD.",2024-07-09,prospectus,Listing Documents - [Offer for Subscription] - GLOBAL OFFERING,https://www1.hkexnews.hk/listedco/listconews/sehk/2024/0628/2024062800069.pdf,,2024-06-28 06:14:00,pdfs/06657/prospectus_0.pdf,True
06657,"BAIWANG CO., LTD.",2024-07-09,allotment,Announcements and Notices - [Allotment Results] - ANNOUNCEMENT OF FINAL OFFER PRICE AND ALLOTMENT RESULTS,https://www1.hkexnews.hk/listedco/listconews/sehk/2024/0708/2024070801055.pdf,,2024-07-08 22:01:00,pdfs/06657/allotment_0.pdf,True
06657,"BAIWANG CO., LTD.",2024-07-09,over_allotment_exercise,,,,,,False
06657,"BAIWANG CO., LTD.",2024-07-09,stabilization,"Announcements and Notices - [Other - Miscellaneous] - END OF STABILISATION PERIOD, NO STABILISATION ACTIONS AND LAPSE OF OVER-ALLOTMENT OPTION",https://www1.hkexnews.hk/listedco/listconews/sehk/2024/0804/2024080400007.pdf,,2024-08-04 18:08:00,pdfs/06657/stabilization_0.pdf,True
06086,Fangzhou Inc.,2024-07-09,prospectus,Listing Documents - [Offer for Subscription] - GLOBAL OFFERING,https://www1.hkexnews.hk/listedco/listconews/sehk/2024/0628/2024062800041.pdf,,2024-06-28 06:10:00,pdfs/06086/prospectus_0.pdf,True
06086,Fangzhou Inc.,2024-07-09,allotment,Announcements and Notices - [Allotment Results] - ANNOUNCEMENT OF FINAL OFFER PRICE AND ALLOTMENT RESULTS,https://www1.hkexnews.hk/listedco/listconews/sehk/2024/0708/2024070801101.pdf,,2024-07-08 22:51:00,pdfs/06086/allotment_0.pdf,True
06086,Fangzhou Inc.,2024-07-09,over_allotment_exercise,,,,,,False
06086,Fangzhou Inc.,2024-07-09,stabilization,"Announcements and Notices - [Other - Miscellaneous] - STABILIZING ACTIONS, END OF STABILIZATION PERIOD AND LAPSE OF OVER-ALLOTMENT OPTION",https://www1.hkexnews.hk/listedco/listconews/sehk/2024/0805/2024080500039.pdf,,2024-08-05 08:02:00,pdfs/06086/stabilization_0.pdf,True
02495,"Shanghai Voicecomm Information Technology Co., Ltd. .",2024-07-10,prospectus,Listing Documents - [Offer for Subscription] - GLOBAL OFFERING,https://www1.hkexnews.hk/listedco/listconews/sehk/2024/0628/2024062800079.pdf,,2024-06-28 06:22:00,pdfs/02495/prospectus_0.pdf,True
02495,"Shanghai Voicecomm Information Technology Co., Ltd. .",2024-07-10,allotment,Announcements and Notices - [Allotment Results] - ANNOUNCEMENT OF ALLOTMENT RESULTS,https://www1.hkexnews.hk/listedco/listconews/sehk/2024/0709/2024070901049.pdf,,2024-07-09 22:02:00,pdfs/02495/allotment_0.pdf,True
02495,"Shanghai Voicecomm Information Technology Co., Ltd. .",2024-07-10,over_allotment_exercise,,,,,,False
02495,"Shanghai Voicecomm Information Technology Co., Ltd. .",2024-07-10,stabilization,"Announcements and Notices - [Other - Miscellaneous] - PARTIAL EXERCISE OF THE OVER-ALLOTMENT OPTION, STABILIZING ACTIONS AND END OF STABILIZATION PERIOD",https://www1.hkexnews.hk/listedco/listconews/sehk/2024/0804/2024080400003.pdf,,2024-08-04 18:05:00,pdfs/02495/stabilization_0.pdf,True
01334,RUICHANG INTERNATIONAL HOLDINGS LIMITED,2024-07-10,prospectus,Listing Documents - [Offer for Subscription] - GLOBAL OFFERING,https://www1.hkexnews.hk/listedco/listconews/sehk/2024/0628/2024062800081.pdf,,2024-06-28 06:24:00,pdfs/01334/prospectus_0.pdf,True
01334,RUICHANG INTERNATIONAL HOLDINGS LIMITED,2024-07-10,allotment,Announcements and Notices - [Allotment Results] - ANNOUNCEMENT OF FINAL OFFER PRICE AND ALLOTMENT RESULTS,https://www1.hkexnews.hk/listedco/listconews/sehk/2024/0709/2024070901007.pdf,,2024-07-09 21:03:00,pdfs/01334/allotment_0.pdf,True
01334,RUICHANG INTERNATIONAL HOLDINGS LIMITED,2024-07-10,over_allotment_exercise,,,,,,False
01334,RUICHANG INTERNATIONAL HOLDINGS LIMITED,2024-07-10,stabilization,"Announcements and Notices - [Other - Miscellaneous] - END OF STABILISATION PERIOD, NO STABILISING ACTION AND LAPSE OF THE OVER-ALLOTMENT OPTION",https://www1.hkexnews.hk/listedco/listconews/sehk/2024/0805/2024080500823.pdf,,2024-08-05 16:36:00,pdfs/01334/stabilization_0.pdf,True
09680,Chenqi Technology Limited,2024-07-10,prospectus,Listing Documents - [Offer for Subscription] - GLOBAL OFFERING,https://www1.hkexnews.hk/listedco/listconews/sehk/2024/0628/2024062800065.pdf,,2024-06-28 06:14:00,pdfs/09680/prospectus_0.pdf,True
09680,Chenqi Technology Limited,2024-07-10,allotment,Announcements and Notices - [Allotment Results] - ANNOUNCEMENT OF FINAL OFFER PRICE AND ALLOTMENT RESULTS,https://www1.hkexnews.hk/listedco/listconews/sehk/2024/0709/2024070901101.pdf,,2024-07-09 22:57:00,pdfs/09680/allotment_0.pdf,True
09680,Chenqi Technology Limited,2024-07-10,over_allotment_exercise,,,,,,False
09680,Chenqi Technology Limited,2024-07-10,stabilization,,,,,,False
02507,Cirrus Aircraft Limited,2024-07-12,prospectus,Listing Documents - [Offer for Subscription] - GLOBAL OFFERING,https://www1.hkexnews.hk/listedco/listconews/sehk/2024/0628/2024062800083.pdf,,2024-06-28 06:26:00,pdfs/02507/prospectus_0.pdf,True
02507,Cirrus Aircraft Limited,2024-07-12,prospectus,Listing Documents - [Offer for Subscription] - GLOBAL OFFERING,https://www1.hkexnews.hk/listedco/listconews/sehk/2024/0628/11263045/2024062800348.pdf,https://www1.hkexnews.hk/listedco/listconews/sehk/2024/0628/2024062800343.htm,2024-06-28 07:05:00,pdfs/02507/prospectus_1.pdf,True
02507,Cirrus Aircraft Limited,2024-07-12,allotment,Announcements and Notices - [Allotment Results] - ANNOUNCEMENT OF FINAL OFFER PRICE AND ALLOTMENT RESULTS,https://www1.hkexnews.hk/listedco/listconews/sehk/2024/0711/2024071101139.pdf,,2024-07-11 22:35:00,pdfs/02507/allotment_0.pdf,True
02507,Cirrus Aircraft Limited,2024-07-12,over_allotment_exercise,,,,,,False
02507,Cirrus Aircraft Limited,2024-07-12,stabilization,"Announcements and Notices - [Other - Miscellaneous] - PARTIAL EXERCISE OF THE OVER-ALLOTMENT OPTION, STABILIZING ACTIONS AND END OF STABILIZATION PERIOD",https://www1.hkexnews.hk/listedco/listconews/sehk/2024/0808/2024080801148.pdf,,2024-08-08 22:37:00,pdfs/02507/stabilization_0.pdf,True
02531,GL-Carlink Technology Holding Limited,2024-07-15,prospectus,Listing Documents - [Offer for Subscription] - GLOBAL OFFERING,https://www1.hkexnews.hk/listedco/listconews/sehk/2024/0628/2024062800067.pdf,,2024-06-28 06:14:00,pdfs/02531/prospectus_0.pdf,True
02531,GL-Carlink Technology Holding Limited,2024-07-15,allotment,Announcements and Notices - [Allotment Results] - ANNOUNCEMENT OF FINAL OFFER PRICE AND ALLOTMENT RESULTS,https://www1.hkexnews.hk/listedco/listconews/sehk/2024/0712/2024071201219.pdf,,2024-07-12 22:33:00,pdfs/02531/allotment_0.pdf,True
02531,GL-Carlink Technology Holding Limited,2024-07-15,over_allotment_exercise,,,,,,False
02531,GL-Carlink Technology Holding Limited,2024-07-15,stabilization,,,,,,False
01471,"Zhongmiao Holdings (Qingdao) Co., Ltd.",2024-08-06,prospectus,Listing Documents - [Offer for Subscription] - GLOBAL OFFERING,https://www1.hkexnews.hk/listedco/listconews/sehk/2024/0729/2024072900013.pdf,,2024-07-29 06:28:00,pdfs/01471/prospectus_0.pdf,True
01471,"Zhongmiao Holdings (Qingdao) Co., Ltd.",2024-08-06,allotment,Announcements and Notices - [Allotment Results] - ANNOUNCEMENT OF FINAL OFFER PRICE AND ALLOTMENT RESULTS,https://www1.hkexnews.hk/listedco/listconews/sehk/2024/0805/2024080502241.pdf,,2024-08-05 22:41:00,pdfs/01471/allotment_0.pdf,True
01471,"Zhongmiao Holdings (Qingdao) Co., Ltd.",2024-08-06,over_allotment_exercise,,,,,,False
01471,"Zhongmiao Holdings (Qingdao) Co., Ltd.",2024-08-06,stabilization,"Announcements and Notices - [Other - Miscellaneous] - END OF STABILISATION PERIOD, NO STABILISING ACTIONS AND LAPSE OF OVER-ALLOTMENT OPTION",https://www1.hkexnews.hk/listedco/listconews/sehk/2024/0905/2024090501834.pdf,,2024-09-05 19:02:00,pdfs/01471/stabilization_0.pdf,True
02533,Black Sesame International Holding Limited,2024-08-08,prospectus,Listing Documents - [Offer for Subscription] - GLOBAL OFFERING,https://www1.hkexnews.hk/listedco/listconews/sehk/2024/0731/2024073100015.pdf,,2024-07-31 06:18:00,pdfs/02533/prospectus_0.pdf,True
02533,Black Sesame International Holding Limited,2024-08-08,allotment,Announcements and Notices - [Allotment Results] - ANNOUNCEMENT OF FINAL OFFER PRICE AND ALLOTMENT RESULTS,https://www1.hkexnews.hk/listedco/listconews/sehk/2024/0807/2024080700994.pdf,,2024-08-07 22:27:00,pdfs/02533/allotment_0.pdf,True
02533,Black Sesame International Holding Limited,2024-08-08,over_allotment_exercise,,,,,,False
02533,Black Sesame International Holding Limited,2024-08-08,stabilization,"Announcements and Notices - [Other - Miscellaneous] - END OF STABILIZATION PERIOD, NO STABILIZATION ACTIONS AND LAPSE OF OVER-ALLOTMENT OPTION",https://www1.hkexnews.hk/listedco/listconews/sehk/2024/0904/2024090402176.pdf,,2024-09-04 22:06:00,pdfs/02533/stabilization_0.pdf,True
02410,"TYK Medicines, Inc",2024-08-20,prospectus,Listing Documents - [Offer for Subscription] - GLOBAL OFFERING,https://www1.hkexnews.hk/listedco/listconews/sehk/2024/0812/2024081200005.pdf,,2024-08-12 06:16:00,pdfs/02410/prospectus_0.pdf,True
02410,"TYK Medicines, Inc",2024-08-20,allotment,Announcements and Notices - [Allotment Results] - ANNOUNCEMENT OF FINAL OFFER PRICE AND ALLOTMENT RESULTS,https://www1.hkexnews.hk/listedco/listconews/sehk/2024/0819/2024081901642.pdf,,2024-08-19 22:55:00,pdfs/02410/allotment_0.pdf,True
02410,"TYK Medicines, Inc",2024-08-20,over_allotment_exercise,,,,,,False
02410,"TYK Medicines, Inc",2024-08-20,stabilization,,,,,,False
00300,"Midea Group Co., Ltd.",2024-09-17,prospectus,Listing Documents - [Offer for Subscription] - GLOBAL OFFERING,https://www1.hkexnews.hk/listedco/listconews/sehk/2024/0909/2024090900005.pdf,,2024-09-09 06:14:00,pdfs/00300/prospectus_0.pdf,True
00300,"Midea Group Co., Ltd.",2024-09-17,prospectus,Listing Documents - [Offer for Subscription] - GLOBAL OFFERING,https://www1.hkexnews.hk/listedco/listconews/sehk/2024/0909/11360251/2024090900017.pdf,https://www1.hkexnews.hk/listedco/listconews/sehk/2024/0909/2024090900012.htm,2024-09-09 06:38:00,pdfs/00300/prospectus_1.pdf,True
00300,"Midea Group Co., Ltd.",2024-09-17,allotment,Announcements and Notices - [Allotment Results] - ANNOUNCEMENT OF FINAL OFFER PRICE AND ALLOTMENT RESULTS,https://www1.hkexnews.hk/listedco/listconews/sehk/2024/0916/2024091600951.pdf,,2024-09-16 19:48:00,pdfs/00300/allotment_0.pdf,True
00300,"Midea Group Co., Ltd.",2024-09-17,over_allotment_exercise,Announcements and Notices - [Other - Miscellaneous] - FULL EXERCISE OF THE OVER-ALLOTMENT OPTION,https://www1.hkexnews.hk/listedco/listconews/sehk/2024/0925/2024092501643.pdf,,2024-09-25 22:13:00,pdfs/00300/over_allotment_exercise_0.pdf,True
00300,"Midea Group Co., Ltd.",2024-09-17,stabilization,Announcements and Notices - [Other - Miscellaneous] - STABILIZING ACTIONS AND END OF STABILIZATION PERIOD,https://www1.hkexnews.hk/listedco/listconews/sehk/2024/1014/2024101400682.pdf,,2024-10-14 17:06:00,pdfs/00300/stabilization_0.pdf,True
02549,Carote Ltd,2024-10-02,prospectus,Listing Documents - [Offer for Subscription] - GLOBAL OFFERING,https://www1.hkexnews.hk/listedco/listconews/sehk/2024/0923/2024092300003.pdf,,2024-09-23 06:05:00,pdfs/02549/prospectus_0.pdf,True
02549,Carote Ltd,2024-10-02,allotment,Announcements and Notices - [Allotment Results] - ANNOUNCEMENT OF FINAL OFFER PRICE AND ALLOTMENT RESULTS,https://www1.hkexnews.hk/listedco/listconews/sehk/2024/0930/2024093002464.pdf,,2024-09-30 22:43:00,pdfs/02549/allotment_0.pdf,True
02549,Carote Ltd,2024-10-02,over_allotment_exercise,,,,,,False
02549,Carote Ltd,2024-10-02,stabilization,"Announcements and Notices - [Other - Miscellaneous] - FULL EXERCISE OF THE OVER-ALLOTMENT OPTION, STABILIZING ACTIONS AND END OF STABILIZATION PERIOD",https://www1.hkexnews.hk/listedco/listconews/sehk/2024/1028/2024102801048.pdf,,2024-10-28 20:36:00,pdfs/02549/stabilization_0.pdf,True
02576,"Zhejiang Taimei Medical Technology Co., Ltd.",2024-10-08,prospectus,Listing Documents - [Offer for Subscription] - GLOBAL OFFERING,https://www1.hkexnews.hk/listedco/listconews/sehk/2024/0927/2024092700025.pdf,,2024-09-27 06:11:00,pdfs/02576/prospectus_0.pdf,True
02576,"Zhejiang Taimei Medical Technology Co., Ltd.",2024-10-08,allotment,Announcements and Notices - [Allotment Results] - ANNOUNCEMENT OF FINAL OFFER PRICE AND ALLOTMENT RESULTS,https://www1.hkexnews.hk/listedco/listconews/sehk/2024/1007/2024100701772.pdf,,2024-10-07 22:50:00,pdfs/02576/allotment_0.pdf,True
02576,"Zhejiang Taimei Medical Technology Co., Ltd.",2024-10-08,over_allotment_exercise,,,,,,False
02576,"Zhejiang Taimei Medical Technology Co., Ltd.",2024-10-08,stabilization,"Announcements and Notices - [Other - Miscellaneous] - STABILIZING ACTIONS, END OF STABILIZATION PERIOD AND LAPSE OF OVER-ALLOTMENT OPTION",https://www1.hkexnews.hk/listedco/listconews/sehk/2024/1103/2024110300003.pdf,,2024-11-03 18:04:00,pdfs/02576/stabilization_0.pdf,True
09639,Wing Lee Development Construction Holdings Limited,2024-10-09,prospectus,Listing Documents - [Offer for Subscription] - SHARE OFFER,https://www1.hkexnews.hk/listedco/listconews/sehk/2024/0927/2024092700039.pdf,,2024-09-27 06:24:00,pdfs/09639/prospectus_0.pdf,True
09639,Wing Lee Development Construction Holdings Limited,2024-10-09,allotment,Announcements and Notices - [Allotment Results] - ANNOUNCEMENT OF FINAL OFFER PRICE AND ALLOTMENT RESULTS,https://www1.hkexnews.hk/listedco/listconews/sehk/2024/1008/2024100801016.pdf,,2024-10-08 21:08:00,pdfs/09639/allotment_0.pdf,True
09639,Wing Lee Development Construction Holdings Limited,2024-10-09,over_allotment_exercise,,,,,,False
09639,Wing Lee Development Construction Holdings Limited,2024-10-09,stabilization,,,,,,False
02567,Qiniu Limited,2024-10-16,prospectus,Listing Documents - [Offer for Subscription] - GLOBAL OFFERING,https://www1.hkexnews.hk/listedco/listconews/sehk/2024/0930/2024093000011.pdf,,2024-09-30 06:10:00,pdfs/02567/prospectus_0.pdf,True
02567,Qiniu Limited,2024-10-16,allotment,Announcements and Notices - [Allotment Results] - ANNOUNCEMENT OF FINAL OFFER PRICE AND ALLOTMENT RESULTS,https://www1.hkexnews.hk/listedco/listconews/sehk/2024/1015/2024101500998.pdf,,2024-10-15 20:35:00,pdfs/02567/allotment_0.pdf,True
02567,Qiniu Limited,2024-10-16,over_allotment_exercise,,,,,,False
02567,Qiniu Limited,2024-10-16,stabilization,"Announcements and Notices - [Other - Miscellaneous] - END OF STABILIZATION PERIOD, NO STABILIZATION ACTIONS AND LAPSE OF OVER-ALLOTMENT OPTION",https://www1.hkexnews.hk/listedco/listconews/sehk/2024/1111/2024111100811.pdf,,2024-11-11 18:33:00,pdfs/02567/stabilization_0.pdf,True
02460,China Resources Beverage (Holdings) Company Limited,2024-10-23,prospectus,Listing Documents - [Offer for Subscription] - GLOBAL OFFERING,https://www1.hkexnews.hk/listedco/listconews/sehk/2024/1015/2024101500009.pdf,,2024-10-15 06:19:00,pdfs/02460/prospectus_0.pdf,True
02460,China Resources Beverage (Holdings) Company Limited,2024-10-23,allotment,Announcements and Notices - [Allotment Results] - ANNOUNCEMENT OF FINAL OFFER PRICE AND ALLOTMENT RESULTS,https://www1.hkexnews.hk/listedco/listconews/sehk/2024/1022/2024102201053.pdf,,2024-10-22 22:35:00,pdfs/02460/allotment_0.pdf,True
02460,China Resources Beverage (Holdings) Company Limited,2024-10-23,over_allotment_exercise,Announcements and Notices - [Other - Miscellaneous] - PARTIAL EXERCISE OF THE OVER-ALLOTMENT OPTION,https://www1.hkexnews.hk/listedco/listconews/sehk/2024/1112/2024111201076.pdf,,2024-11-12 22:17:00,pdfs/02460/over_allotment_exercise_0.pdf,True
02460,China Resources Beverage (Holdings) Company Limited,2024-10-23,stabilization,Announcements and Notices - [Other - Miscellaneous] - STABILIZING ACTIONS AND END OF STABILIZATION PERIOD,https://www1.hkexnews.hk/listedco/listconews/sehk/2024/1118/2024111801006.pdf,,2024-11-18 20:15:00,pdfs/02460/stabilization_0.pdf,True
09660,Horizon Robotics,2024-10-24,prospectus,Listing Documents - [Offer for Subscription] - GLOBAL OFFERING,https://www1.hkexnews.hk/listedco/listconews/sehk/2024/1016/2024101600017.pdf,,2024-10-16 06:15:00,pdfs/09660/prospectus_0.pdf,True
09660,Horizon Robotics,2024-10-24,prospectus,Listing Documents - [Offer for Subscription] - GLOBAL OFFERING,https://www1.hkexnews.hk/listedco/listconews/sehk/2024/1016/11405812/2024101600029.pdf,https://www1.hkexnews.hk/listedco/listconews/sehk/2024/1016/2024101600024.htm,2024-10-16 06:41:00,pdfs/09660/prospectus_1.pdf,True
09660,Horizon Robotics,2024-10-24,allotment,Announcements and Notices - [Allotment Results] - ANNOUNCEMENT OF FINAL OFFER PRICE AND ALLOTMENT RESULTS,https://www1.hkexnews.hk/listedco/listconews/sehk/2024/1023/2024102300943.pdf,,2024-10-23 22:02:00,pdfs/09660/allotment_0.pdf,True
09660,Horizon Robotics,2024-10-24,over_allotment_exercise,,,,,,False
09660,Horizon Robotics,2024-10-24,stabilization,"Announcements and Notices - [Other - Miscellaneous] - PARTIAL EXERCISE OF THE OVER-ALLOTMENT OPTION, STABILIZING ACTIONS AND END OF STABILIZATION PERIOD",https://www1.hkexnews.hk/listedco/listconews/sehk/2024/1120/2024112001092.pdf,,2024-11-20 22:30:00,pdfs/09660/stabilization_0.pdf,True
02465,"Jiangsu Lopal Tech. Co., Ltd.",2024-10-30,prospectus,Listing Documents - [Offer for Subscription] - GLOBAL OFFERING,https://www1.hkexnews.hk/listedco/listconews/sehk/2024/1022/2024102200007.pdf,,2024-10-22 06:04:00,pdfs/02465/prospectus_0.pdf,True
02465,"Jiangsu Lopal Tech. Co., Ltd.",2024-10-30,allotment,Announcements and Notices - [Allotment Results] - ANNOUNCEMENT OF FINAL OFFER PRICE AND ALLOTMENT RESULTS,https://www1.hkexnews.hk/listedco/listconews/sehk/2024/1029/2024102901308.pdf,,2024-10-29 22:35:00,pdfs/02465/allotment_0.pdf,True
02465,"Jiangsu Lopal Tech. Co., Ltd.",2024-10-30,over_allotment_exercise,,,,,,False
02465,"Jiangsu Lopal Tech. Co., Ltd.",2024-10-30,stabilization,"Announcements and Notices - [Other - Miscellaneous] - END OF STABILIZATION PERIOD, STABILIZING ACTIONS AND LAPSE OF OVER-ALLOTMENT OPTION",https://www1.hkexnews.hk/listedco/listconews/sehk/2024/1125/2024112500279.pdf,,2024-11-25 16:30:00,pdfs/02465/stabilization_0.pdf,True
02563,"Beijing Biostar Pharmaceuticals Co., Ltd.",2024-10-31,prospectus,Listing Documents - [Offer for Subscription] - GLOBAL OFFERING,https://www1.hkexnews.hk/listedco/listconews/sehk/2024/1023/2024102300015.pdf,,2024-10-23 06:26:00,pdfs/02563/prospectus_0.pdf,True
02563,"Beijing Biostar Pharmaceuticals Co., Ltd.",2024-10-31,allotment,Announcements and Notices - [Allotment Results] - ANNOUNCEMENT OF FINAL OFFER PRICE AND ALLOTMENT RESULTS,https://www1.hkexnews.hk/listedco/listconews/sehk/2024/1030/2024103002007.pdf,,2024-10-30 22:21:00,pdfs/02563/allotment_0.pdf,True
02563,"Beijing Biostar Pharmaceuticals Co., Ltd.",2024-10-31,over_allotment_exercise,,,,,,False
02563,"Beijing Biostar Pharmaceuticals Co., Ltd.",2024-10-31,stabilization,,,,,,False
02510,T.S. Lines Limited,2024-11-01,prospectus,Listing Documents - [Offer for Subscription] - GLOBAL OFFERING,https://www1.hkexnews.hk/listedco/listconews/sehk/2024/1024/2024102400036.pdf,,2024-10-24 06:24:00,pdfs/02510/prospectus_0.pdf,True
02510,T.S. Lines Limited,2024-11-01,allotment,Announcements and Notices - [Allotment Results] - ANNOUNCEMENT OF FINAL OFFER PRICE AND ALLOTMENT RESULTS,https://www1.hkexnews.hk/listedco/listconews/sehk/2024/1031/2024103101844.pdf,,2024-10-31 21:26:00,pdfs/02510/allotment_0.pdf,True
02510,T.S. Lines Limited,2024-11-01,over_allotment_exercise,,,,,,False
02510,T.S. Lines Limited,2024-11-01,stabilization,"Announcements and Notices - [Other - Miscellaneous] - PARTIAL EXERCISE OF THE OVER-ALLOTMENT OPTION, STABILIZING ACTIONS AND END OF STABILIZATION PERIOD",https://www1.hkexnews.hk/listedco/listconews/sehk/2024/1128/2024112802025.pdf,,2024-11-28 22:41:00,pdfs/02510/stabilization_0.pdf,True
02551,"APT Electronics Co., Ltd.",2024-11-08,prospectus,Listing Documents - [Offer for Subscription] - GLOBAL OFFERING,https://www1.hkexnews.hk/listedco/listconews/sehk/2024/1031/2024103100019.pdf,,2024-10-31 06:07:00,pdfs/02551/prospectus_0.pdf,True
02551,"APT Electronics Co., Ltd.",2024-11-08,prospectus,Listing Documents - [Offer for Subscription] - GLOBAL OFFERING,https://www1.hkexnews.hk/listedco/listconews/sehk/2024/1031/11420785/2024103100083.pdf,https://www1.hkexnews.hk/listedco/listconews/sehk/2024/1031/2024103100078.htm,2024-10-31 06:17:00,pdfs/02551/prospectus_1.pdf,True
02551,"APT Electronics Co., Ltd.",2024-11-08,allotment,Announcements and Notices - [Allotment Results] - ANNOUNCEMENT OF ALLOTMENT RESULTS,https://www1.hkexnews.hk/listedco/listconews/sehk/2024/1107/2024110701242.pdf,,2024-11-07 22:55:00,pdfs/02551/allotment_0.pdf,True
02551,"APT Electronics Co., Ltd.",2024-11-08,over_allotment_exercise,,,,,,False
02551,"APT Electronics Co., Ltd.",2024-11-08,stabilization,,,,,,False
02519,"AuGroup (SHENZHEN) Cross-Border Business Co., Ltd.",2024-11-08,prospectus,Listing Documents - [Offer for Subscription] - GLOBAL OFFERING,https://www1.hkexnews.hk/listedco/listconews/sehk/2024/1031/2024103100187.pdf,,2024-10-31 06:28:00,pdfs/02519/prospectus_0.pdf,True
02519,"AuGroup (SHENZHEN) Cross-Border Business Co., Ltd.",2024-11-08,allotment,Announcements and Notices - [Allotment Results] - ANNOUNCEMENT OF FINAL OFFER PRICE AND ALLOTMENT RESULTS,https://www1.hkexnews.hk/listedco/listconews/sehk/2024/1107/2024110701104.pdf,,2024-11-07 21:16:00,pdfs/02519/allotment_0.pdf,True
02519,"AuGroup (SHENZHEN) Cross-Border Business Co., Ltd.",2024-11-08,over_allotment_exercise,,,,,,False
02519,"AuGroup (SHENZHEN) Cross-Border Business Co., Ltd.",2024-11-08,stabilization,"Announcements and Notices - [Other - Miscellaneous] - STABILIZING ACTIONS, END OF STABILIZATION PERIOD AND LAPSE OF THE OVER-ALLOTMENT OPTION",https://www1.hkexnews.hk/listedco/listconews/sehk/2024/1205/2024120500586.pdf,,2024-12-19 19:14:00,pdfs/02519/stabilization_0.pdf,True
02582,"Jiangsu Guofu Hydrogen Energy Equipment Co., Ltd.",2024-11-15,prospectus,Listing Documents - [Offer for Subscription] - GLOBAL OFFERING,https://www1.hkexnews.hk/listedco/listconews/sehk/2024/1107/2024110700009.pdf,,2024-11-07 06:12:00,pdfs/02582/prospectus_0.pdf,True
02582,"Jiangsu Guofu Hydrogen Energy Equipment Co., Ltd.",2024-11-15,allotment,Announcements and Notices - [Allotment Results] - ANNOUNCEMENT OF FINAL OFFER PRICE AND ALLOTMENT RESULTS,https://www1.hkexnews.hk/listedco/listconews/sehk/2024/1114/2024111400951.pdf,,2024-11-14 20:16:00,pdfs/02582/allotment_0.pdf,True
02582,"Jiangsu Guofu Hydrogen Energy Equipment Co., Ltd.",2024-11-15,over_allotment_exercise,,,,,,False
02582,"Jiangsu Guofu Hydrogen Energy Equipment Co., Ltd.",2024-11-15,stabilization,,,,,,False
06936,"S.F. Holding Co., Ltd.",2024-11-27,prospectus,Listing Documents - [Offer for Subscription] - GLOBAL OFFERING,https://www1.hkexnews.hk/listedco/listconews/sehk/2024/1119/2024111900011.pdf,,2024-11-19 06:08:00,pdfs/06936/prospectus_0.pdf,True
06936,"S.F. Holding Co., Ltd.",2024-11-27,allotment,Announcements and Notices - [Allotment Results] - ANNOUNCEMENT OF FINAL OFFER PRICE AND ALLOTMENT RESULTS,https://www1.hkexnews.hk/listedco/listconews/sehk/2024/1126/2024112601132.pdf,,2024-11-26 22:29:00,pdfs/06936/allotment_0.pdf,True
06936,"S.F. Holding Co., Ltd.",2024-11-27,over_allotment_exercise,,,,,,False
06936,"S.F. Holding Co., Ltd.",2024-11-27,stabilization,"Announcements and Notices - [Other - Miscellaneous] - STABILIZING ACTIONS, END OF STABILIZATION PERIOD AND LAPSE OF THE OVER-ALLOTMENT OPTION",https://www1.hkexnews.hk/listedco/listconews/sehk/2024/1223/2024122300065.pdf,,2024-12-23 08:13:00,pdfs/06936/stabilization_0.pdf,True
02566,"Hangzhou Jiuyuan Gene Engineering Co., Ltd.",2024-11-28,prospectus,Listing Documents - [Offer for Subscription] - GLOBAL OFFERING,https://www1.hkexnews.hk/listedco/listconews/sehk/2024/1120/2024112000019.pdf,,2024-11-20 06:23:00,pdfs/02566/prospectus_0.pdf,True
02566,"Hangzhou Jiuyuan Gene Engineering Co., Ltd.",2024-11-28,allotment,Announcements and Notices - [Allotment Results] - ANNOUNCEMENT OF FINAL OFFER PRICE AND ALLOTMENT RESULTS,https://www1.hkexnews.hk/listedco/listconews/sehk/2024/1127/2024112701177.pdf,,2024-11-27 22:52:00,pdfs/02566/allotment_0.pdf,True
02566,"Hangzhou Jiuyuan Gene Engineering Co., Ltd.",2024-11-28,over_allotment_exercise,,,,,,False
02566,"Hangzhou Jiuyuan Gene Engineering Co., Ltd.",2024-11-28,stabilization,,,,,,False
02585,"Mokingran Jewellery Group Co., Ltd.",2024-11-29,prospectus,Listing Documents - [Offer for Subscription] - GLOBAL OFFERING,https://www1.hkexnews.hk/listedco/listconews/sehk/2024/1121/2024112100017.pdf,,2024-11-21 06:32:00,pdfs/02585/prospectus_0.pdf,True
02585,"Mokingran Jewellery Group Co., Ltd.",2024-11-29,allotment,Announcements and Notices - [Allotment Results] - ANNOUNCEMENT OF FINAL OFFER PRICE AND ALLOTMENT RESULTS,https://www1.hkexnews.hk/listedco/listconews/sehk/2024/1128/2024112801779.pdf,,2024-11-28 20:39:00,pdfs/02585/allotment_0.pdf,True
02585,"Mokingran Jewellery Group Co., Ltd.",2024-11-29,over_allotment_exercise,,,,,,False
02585,"Mokingran Jewellery Group Co., Ltd.",2024-11-29,stabilization,"Announcements and Notices - [Other - Miscellaneous] - END OF STABILIZATION PERIOD, NO STABILIZATION ACTIONS AND LAPSE OF OVER-ALLOTMENT OPTION",https://www1.hkexnews.hk/listedco/listconews/sehk/2024/1227/2024122700111.pdf,,2024-12-31 15:02:00,pdfs/02585/stabilization_0.pdf,True
02586,Dmall Inc.,2024-12-06,prospectus,Listing Documents - [Offer for Subscription] - GLOBAL OFFERING,https://www1.hkexnews.hk/listedco/listconews/sehk/2024/1128/2024112800015.pdf,,2024-11-28 06:19:00,pdfs/02586/prospectus_0.pdf,True
02586,Dmall Inc.,2024-12-06,prospectus,Listing Documents - [Offer for Subscription] - GLOBAL OFFERING,https://www1.hkexnews.hk/listedco/listconews/sehk/2024/1128/11453653/2024112800061.pdf,https://www1.hkexnews.hk/listedco/listconews/sehk/2024/1128/2024112800056.htm,2024-11-28 06:47:00,pdfs/02586/prospectus_1.pdf,True
02586,Dmall Inc.,2024-12-06,allotment,Announcements and Notices - [Allotment Results] - ANNOUNCEMENT OF ALLOTMENT RESULTS,https://www1.hkexnews.hk/listedco/listconews/sehk/2024/1205/2024120501922.pdf,,2024-12-05 22:40:00,pdfs/02586/allotment_0.pdf,True
02586,Dmall Inc.,2024-12-06,over_allotment_exercise,,,,,,False
02586,Dmall Inc.,2024-12-06,stabilization,"Announcements and Notices - [Other - Miscellaneous] - END OF STABILIZATION PERIOD, NO STABILIZATION ACTIONS AND LAPSE OF OVER-ALLOTMENT OPTION",https://www1.hkexnews.hk/listedco/listconews/sehk/2025/0102/2025010202824.pdf,,2025-01-02 17:45:00,pdfs/02586/stabilization_0.pdf,True
02570,Shanghai REFIRE Group Limited,2024-12-06,prospectus,Listing Documents - [Offer for Subscription] - GLOBAL OFFERING,https://www1.hkexnews.hk/listedco/listconews/sehk/2024/1128/2024112800011.pdf,,2024-11-28 06:11:00,pdfs/02570/prospectus_0.pdf,True
02570,Shanghai REFIRE Group Limited,2024-12-06,allotment,Announcements and Notices - [Allotment Results] - ANNOUNCEMENT OF FINAL OFFER PRICE AND ALLOTMENT RESULTS,https://www1.hkexnews.hk/listedco/listconews/sehk/2024/1205/2024120501926.pdf,,2024-12-05 22:44:00,pdfs/02570/allotment_0.pdf,True
02570,Shanghai REFIRE Group Limited,2024-12-06,over_allotment_exercise,,,,,,False
02570,Shanghai REFIRE Group Limited,2024-12-06,stabilization,"Announcements and Notices - [Other - Miscellaneous] - PARTIAL EXERCISE OF THE OVER-ALLOTMENT OPTION, STABILIZING ACTIONS AND END OF STABILIZATION PERIOD",https://www1.hkexnews.hk/listedco/listconews/sehk/2025/0102/2025010203561.pdf,,2025-01-02 22:34:00,pdfs/02570/stabilization_0.pdf,True
01318,"Mao Geping Cosmetics Co., Ltd.",2024-12-10,prospectus,Listing Documents - [Offer for Subscription] - GLOBAL OFFERING,https://www1.hkexnews.hk/listedco/listconews/sehk/2024/1202/2024120200011.pdf,,2024-12-02 06:15:00,pdfs/01318/prospectus_0.pdf,True
01318,"Mao Geping Cosmetics Co., Ltd.",2024-12-10,allotment,Announcements and Notices - [Allotment Results] - ANNOUNCEMENT OF FINAL OFFER PRICE AND ALLOTMENT RESULTS,https://www1.hkexnews.hk/listedco/listconews/sehk/2024/1209/2024120901607.pdf,,2024-12-09 22:12:00,pdfs/01318/allotment_0.pdf,True
01318,"Mao Geping Cosmetics Co., Ltd.",2024-12-10,over_allotment_exercise,,,,,,False
01318,"Mao Geping Cosmetics Co., Ltd.",2024-12-10,stabilization,"Announcements and Notices - [Other - Miscellaneous] - FULL EXERCISE OF THE OVER-ALLOTMENT OPTION, STABILIZING ACTIONS AND END OF STABILIZATION PERIOD",https://www1.hkexnews.hk/listedco/listconews/sehk/2025/0106/2025010602006.pdf,,2025-01-06 21:32:00,pdfs/01318/stabilization_0.pdf,True
02593,Herbs Generation Group Holdings Limited,2024-12-19,prospectus,Listing Documents - [Offer for Subscription] - GLOBAL OFFERING,https://www1.hkexnews.hk/listedco/listconews/sehk/2024/1211/2024121100009.pdf,,2024-12-11 06:10:00,pdfs/02593/prospectus_0.pdf,True
02593,Herbs Generation Group Holdings Limited,2024-12-19,allotment,Announcements and Notices - [Allotment Results] - ANNOUNCEMENT OF FINAL OFFER PRICE AND ALLOTMENT RESULTS,https://www1.hkexnews.hk/listedco/listconews/sehk/2024/1218/2024121801165.pdf,,2024-12-18 20:32:00,pdfs/02593/allotment_0.pdf,True
02593,Herbs Generation Group Holdings Limited,2024-12-19,over_allotment_exercise,,,,,,False
02593,Herbs Generation Group Holdings Limited,2024-12-19,stabilization,,,,,,False
00999,Xiaocaiyuan International Holding Ltd.,2024-12-20,prospectus,Listing Documents - [Offer for Subscription] - GLOBAL OFFERING,https://www1.hkexnews.hk/listedco/listconews/sehk/2024/1212/2024121200007.pdf,,2024-12-12 06:23:00,pdfs/00999/prospectus_0.pdf,True
00999,Xiaocaiyuan International Holding Ltd.,2024-12-20,allotment,Announcements and Notices - [Allotment Results] - ANNOUNCEMENT OF ALLOTMENT RESULTS,https://www1.hkexnews.hk/listedco/listconews/sehk/2024/1219/2024121901317.pdf,,2024-12-19 22:25:00,pdfs/00999/allotment_0.pdf,True
00999,Xiaocaiyuan International Holding Ltd.,2024-12-20,over_allotment_exercise,,,,,,False
00999,Xiaocaiyuan International Holding Ltd.,2024-12-20,stabilization,"Announcements and Notices - [Other - Miscellaneous] - END OF STABILIZATION PERIOD, NO STABILIZATION ACTIONS AND LAPSE OF OVER-ALLOTMENT OPTION",https://www1.hkexnews.hk/listedco/listconews/sehk/2025/0116/2025011600598.pdf,,2025-01-16 18:00:00,pdfs/00999/stabilization_0.pdf,True
02432,Shenzhen Dobot Corp Ltd,2024-12-23,prospectus,Listing Documents - [Offer for Subscription] - GLOBAL OFFERING,https://www1.hkexnews.hk/listedco/listconews/sehk/2024/1213/2024121300029.pdf,,2024-12-13 06:19:00,pdfs/02432/prospectus_0.pdf,True
02432,Shenzhen Dobot Corp Ltd,2024-12-23,allotment,Announcements and Notices - [Allotment Results] - ANNOUNCEMENT OF FINAL OFFER PRICE AND ALLOTMENT RESULTS,https://www1.hkexnews.hk/listedco/listconews/sehk/2024/1220/2024122001962.pdf,,2024-12-20 22:56:00,pdfs/02432/allotment_0.pdf,True
02432,Shenzhen Dobot Corp Ltd,2024-12-23,over_allotment_exercise,,,,,,False
02432,Shenzhen Dobot Corp Ltd,2024-12-23,stabilization,"Announcements and Notices - [Other - Miscellaneous] - PARTIAL EXERCISE OF THE OVER-ALLOTMENT OPTION, STABILIZING ACTIONS AND END OF THE STABILIZATION PERIOD",https://www1.hkexnews.hk/listedco/listconews/sehk/2025/0117/2025011701078.pdf,,2025-01-17 21:40:00,pdfs/02432/stabilization_0.pdf,True
02431,"Minieye Technology Co., Ltd",2024-12-27,prospectus,Listing Documents - [Offer for Subscription] - GLOBAL OFFERING,https://www1.hkexnews.hk/listedco/listconews/sehk/2024/1217/2024121700015.pdf,,2024-12-17 06:22:00,pdfs/02431/prospectus_0.pdf,True
02431,"Minieye Technology Co., Ltd",2024-12-27,allotment,Announcements and Notices - [Allotment Results] - ANNOUNCEMENT OF FINAL OFFER PRICE AND ALLOTMENT RESULTS,https://www1.hkexnews.hk/listedco/listconews/sehk/2024/1224/2024122401190.pdf,,2024-12-24 22:08:00,pdfs/02431/allotment_0.pdf,True
02431,"Minieye Technology Co., Ltd",2024-12-27,over_allotment_exercise,,,,,,False
02431,"Minieye Technology Co., Ltd",2024-12-27,stabilization,"Announcements and Notices - [Other - Miscellaneous] - PARTIAL EXERCISE OF THE OVER-ALLOTMENT OPTION, STABILIZING ACTIONS AND END OF STABILIZATION PERIOD",https://www1.hkexnews.hk/listedco/listconews/sehk/2025/0120/2025012000812.pdf,,2025-01-20 18:01:00,pdfs/02431/stabilization_0.pdf,True
02506,"Xunfei Healthcare Technology Co., Ltd.",2024-12-30,prospectus,Listing Documents - [Offer for Subscription] - GLOBAL OFFERING,https://www1.hkexnews.hk/listedco/listconews/sehk/2024/1218/2024121800019.pdf,,2024-12-18 06:13:00,pdfs/02506/prospectus_0.pdf,True
02506,"Xunfei Healthcare Technology Co., Ltd.",2024-12-30,allotment,Announcements and Notices - [Allotment Results] - ANNOUNCEMENT OF ALLOTMENT RESULTS,https://www1.hkexnews.hk/listedco/listconews/sehk/2024/1227/2024122701834.pdf,,2024-12-27 22:34:00,pdfs/02506/allotment_0.pdf,True
02506,"Xunfei Healthcare Technology Co., Ltd.",2024-12-30,over_allotment_exercise,,,,,,False
02506,"Xunfei Healthcare Technology Co., Ltd.",2024-12-30,stabilization,"Announcements and Notices - [Other - Miscellaneous] - END OF STABILIZATION PERIOD, NO STABILIZATION ACTIONS AND LAPSE OF OVER-ALLOTMENT OPTION",https://www1.hkexnews.hk/listedco/listconews/sehk/2025/0122/2025012200840.pdf,,2025-01-22 21:25:00,pdfs/02506/stabilization_0.pdf,True
02577,"InnoScience (Suzhou) Technology Holding Co., Ltd.",2024-12-30,prospectus,Listing Documents - [Offer for Subscription] - GLOBAL OFFERING,https://www1.hkexnews.hk/listedco/listconews/sehk/2024/1218/2024121800031.pdf,,2024-12-18 06:18:00,pdfs/02577/prospectus_0.pdf,True
02577,"InnoScience (Suzhou) Technology Holding Co., Ltd.",2024-12-30,allotment,Announcements and Notices - [Allotment Results] - ANNOUNCEMENT OF FINAL OFFER PRICE AND ALLOTMENT RESULTS,https://www1.hkexnews.hk/listedco/listconews/sehk/2024/1227/2024122701822.pdf,,2024-12-27 22:26:00,pdfs/02577/allotment_0.pdf,True
02577,"InnoScience (Suzhou) Technology Holding Co., Ltd.",2024-12-30,over_allotment_exercise,,,,,,False
02577,"InnoScience (Suzhou) Technology Holding Co., Ltd.",2024-12-30,stabilization,"Announcements and Notices - [Other - Miscellaneous] - PARTIAL EXERCISE OF THE OVER-ALLOTMENT OPTION, STABILIZING ACTIONS AND END OF STABILIZATION PERIOD",https://www1.hkexnews.hk/listedco/listconews/sehk/2025/0122/2025012200846.pdf,,2025-01-22 21:43:00,pdfs/02577/stabilization_0.pdf,True
02587,HealthyWay Inc.,2024-12-30,prospectus,Listing Documents - [Offer for Subscription] - GLOBAL OFFERING,https://www1.hkexnews.hk/listedco/listconews/sehk/2024/1218/2024121800023.pdf,,2024-12-18 06:13:00,pdfs/02587/prospectus_0.pdf,True
02587,HealthyWay Inc.,2024-12-30,allotment,Announcements and Notices - [Allotment Results] - ANNOUNCEMENT OF FINAL OFFER PRICE AND ALLOTMENT RESULTS,https://www1.hkexnews.hk/listedco/listconews/sehk/2024/1227/2024122701758.pdf,,2024-12-27 21:56:00,pdfs/02587/allotment_0.pdf,True
02587,HealthyWay Inc.,2024-12-30,over_allotment_exercise,,,,,,False
02587,HealthyWay Inc.,2024-12-30,stabilization,,,,,,False
06681,BrainAurora Medical Technology Limited,2025-01-08,prospectus,Listing Documents - [Offer for Subscription] - GLOBAL OFFERING,https://www1.hkexnews.hk/listedco/listconews/sehk/2024/1230/2024123000045.pdf,,2024-12-30 06:41:00,pdfs/06681/prospectus_0.pdf,True
06681,BrainAurora Medical Technology Limited,2025-01-08,allotment,Announcements and Notices - [Allotment Results] - ANNOUNCEMENT OF ALLOTMENT RESULTS,https://www1.hkexnews.hk/listedco/listconews/sehk/2025/0107/2025010701660.pdf,,2025-01-07 21:37:00,pdfs/06681/allotment_0.pdf,True
06681,BrainAurora Medical Technology Limited,2025-01-08,over_allotment_exercise,,,,,,False
06681,BrainAurora Medical Technology Limited,2025-01-08,stabilization,"Announcements and Notices - [Other - Miscellaneous] - END OF STABILIZATION PERIOD, NO STABILIZATION ACTION AND LAPSE OF OVER-ALLOTMENT OPTION",https://www1.hkexnews.hk/listedco/listconews/sehk/2025/0202/2025020200065.pdf,,2025-02-02 18:40:00,pdfs/06681/stabilization_0.pdf,True
02560,"Anhui Conch Material Technology Co., Ltd.",2025-01-09,prospectus,Listing Documents - [Offer for Subscription] - GLOBAL OFFERING,https://www1.hkexnews.hk/listedco/listconews/sehk/2024/1231/2024123100162.pdf,,2024-12-31 06:47:00,pdfs/02560/prospectus_0.pdf,True
02560,"Anhui Conch Material Technology Co., Ltd.",2025-01-09,allotment,Announcements and Notices - [Allotment Results] - ANNOUNCEMENT OF FINAL OFFER PRICE AND ALLOTMENT RESULTS,https://www1.hkexnews.hk/listedco/listconews/sehk/2025/0108/2025010801080.pdf,,2025-01-08 22:18:00,pdfs/02560/allotment_0.pdf,True
02560,"Anhui Conch Material Technology Co., Ltd.",2025-01-09,over_allotment_exercise,,,,,,False
02560,"Anhui Conch Material Technology Co., Ltd.",2025-01-09,stabilization,,,,,,False
02613,"ContiOcean Environment Tech Group Co., Ltd.",2025-01-09,prospectus,Listing Documents - [Offer for Subscription] - GLOBAL OFFERING,https://www1.hkexnews.hk/listedco/listconews/sehk/2024/1231/2024123100011.pdf,,2024-12-31 06:05:00,pdfs/02613/prospectus_0.pdf,True
02613,"ContiOcean Environment Tech Group Co., Ltd.",2025-01-09,allotment,Announcements and Notices - [Allotment Results] - ANNOUNCEMENT OF FINAL OFFER PRICE AND ALLOTMENT RESULTS,https://www1.hkexnews.hk/listedco/listconews/sehk/2025/0108/2025010801098.pdf,,2025-01-08 22:43:00,pdfs/02613/allotment_0.pdf,True
02613,"ContiOcean Environment Tech Group Co., Ltd.",2025-01-09,over_allotment_exercise,,,,,,False
02613,"ContiOcean Environment Tech Group Co., Ltd.",2025-01-09,stabilization,,,,,,False
00325,Bloks Group Limited,2025-01-10,prospectus,Listing Documents - [Offer for Subscription] - GLOBAL OFFERING,https://www1.hkexnews.hk/listedco/listconews/sehk/2024/1231/2024123100152.pdf,,2024-12-31 06:28:00,pdfs/00325/prospectus_0.pdf,True
00325,Bloks Group Limited,2025-01-10,allotment,Announcements and Notices - [Allotment Results] - ANNOUNCEMENT OF FINAL OFFER PRICE AND ALLOTMENT RESULTS,https://www1.hkexnews.hk/listedco/listconews/sehk/2025/0109/2025010900829.pdf,,2025-01-09 18:40:00,pdfs/00325/allotment_0.pdf,True
00325,Bloks Group Limited,2025-01-10,over_allotment_exercise,,,,,,False
00325,Bloks Group Limited,2025-01-10,stabilization,"Announcements and Notices - [Other - Miscellaneous] - FULL EXERCISE OF THE OVER-ALLOTMENT OPTION, STABILIZING ACTIONS AND END OF STABILIZATION PERIOD",https://www1.hkexnews.hk/listedco/listconews/sehk/2025/0206/2025020601827.pdf,,2025-02-06 22:48:00,pdfs/00325/stabilization_0.pdf,True
02530,Numans Health Food Holdings Company Limited,2025-01-10,prospectus,Listing Documents - [Offer for Subscription] - GLOBAL OFFERING,https://www1.hkexnews.hk/listedco/listconews/sehk/2024/1230/2024123000005.pdf,,2024-12-30 06:10:00,pdfs/02530/prospectus_0.pdf,True
02530,Numans Health Food Holdings Company Limited,2025-01-10,allotment,Announcements and Notices - [Allotment Results] - ANNOUNCEMENT OF FINAL OFFER PRICE AND ALLOTMENT RESULTS,https://www1.hkexnews.hk/listedco/listconews/sehk/2025/0109/2025010901059.pdf,,2025-01-28 13:02:00,pdfs/02530/allotment_0.pdf,True
02530,Numans Health Food Holdings Company Limited,2025-01-10,over_allotment_exercise,,,,,,False
02530,Numans Health Food Holdings Company Limited,2025-01-10,stabilization,,,,,,False
00805,New Gonow Recreational Vehicles Inc.,2025-01-13,prospectus,Listing Documents - [Offer for Subscription] - GLOBAL OFFERING,https://www1.hkexnews.hk/listedco/listconews/sehk/2024/1231/2024123100017.pdf,,2024-12-31 06:10:00,pdfs/00805/prospectus_0.pdf,True
00805,New Gonow Recreational Vehicles Inc.,2025-01-13,allotment,Announcements and Notices - [Allotment Results] - ANNOUNCEMENT OF FINAL OFFER PRICE AND ALLOTMENT RESULTS,https://www1.hkexnews.hk/listedco/listconews/sehk/2025/0110/2025011001251.pdf,,2025-01-10 21:22:00,pdfs/00805/allotment_0.pdf,True
00805,New Gonow Recreational Vehicles Inc.,2025-01-13,over_allotment_exercise,,,,,,False
00805,New Gonow Recreational Vehicles Inc.,2025-01-13,stabilization,"Announcements and Notices - [Other - Miscellaneous] - END OF STABILIZATION PERIOD, NO STABILIZING ACTION AND LAPSE OF THE OVER-ALLOTMENT OPTION",https://www1.hkexnews.hk/listedco/listconews/sehk/2025/0207/2025020700673.pdf,,2025-02-07 18:31:00,pdfs/00805/stabilization_0.pdf,True
02596,"Yibin City Commercial Bank Co., Ltd",2025-01-13,prospectus,Listing Documents - [Offer for Subscription] - GLOBAL OFFERING,https://www1.hkexnews.hk/listedco/listconews/sehk/2024/1230/2024123000047.pdf,,2024-12-30 06:41:00,pdfs/02596/prospectus_0.pdf,True
02596,"Yibin City Commercial Bank Co., Ltd",2025-01-13,allotment,Announcements and Notices - [Allotment Results] - ANNOUNCEMENT OF FINAL OFFER PRICE AND ALLOTMENT RESULTS,https://www1.hkexnews.hk/listedco/listconews/sehk/2025/0110/2025011001363.pdf,,2025-01-10 22:28:00,pdfs/02596/allotment_0.pdf,True
02596,"Yibin City Commercial Bank Co., Ltd",2025-01-13,over_allotment_exercise,,,,,,False
02596,"Yibin City Commercial Bank Co., Ltd",2025-01-13,stabilization,"Announcements and Notices - [Other - Miscellaneous] - STABILIZING ACTIONS, END OF STABILIZATION PERIOD AND LAPSE OF THE OVER-ALLOTMENT OPTION",https://www1.hkexnews.hk/listedco/listconews/sehk/2025/0207/2025020700893.pdf,,2025-02-07 21:34:00,pdfs/02596/stabilization_0.pdf,True
02571,"Beijing Saimo Technology Co., Ltd.",2025-01-15,prospectus,Listing Documents - [Offer for Subscription] - GLOBAL OFFERING,https://www1.hkexnews.hk/listedco/listconews/sehk/2024/1231/2024123100154.pdf,,2024-12-31 06:29:00,pdfs/02571/prospectus_0.pdf,True
02571,"Beijing Saimo Technology Co., Ltd.",2025-01-15,allotment,Announcements and Notices - [Allotment Results] - ANNOUNCEMENT OF FINAL OFFER PRICE AND ALLOTMENT RESULTS,https://www1.hkexnews.hk/listedco/listconews/sehk/2025/0114/2025011400898.pdf,,2025-01-14 21:49:00,pdfs/02571/allotment_0.pdf,True
02571,"Beijing Saimo Technology Co., Ltd.",2025-01-15,over_allotment_exercise,,,,,,False
02571,"Beijing Saimo Technology Co., Ltd.",2025-01-15,stabilization,"Announcements and Notices - [Other - Miscellaneous] - END OF STABILISATION PERIOD, NO STABILISING ACTION AND LAPSE OF THE OVER-ALLOTMENT OPTION",https://www1.hkexnews.hk/listedco/listconews/sehk/2025/0210/2025021000368.pdf,,2025-02-10 16:50:00,pdfs/02571/stabilization_0.pdf,True
01364,Guming Holdings Limited,2025-02-12,prospectus,Listing Documents - [Offer for Subscription] - GLOBAL OFFERING,https://www1.hkexnews.hk/listedco/listconews/sehk/2025/0204/2025020400011.pdf,,2025-02-04 06:17:00,pdfs/01364/prospectus_0.pdf,True
01364,Guming Holdings Limited,2025-02-12,allotment,Announcements and Notices - [Allotment Results] - ANNOUNCEMENT OF FINAL OFFER PRICE AND ALLOTMENT RESULTS,https://www1.hkexnews.hk/listedco/listconews/sehk/2025/0211/2025021100944.pdf,,2025-02-11 22:30:00,pdfs/01364/allotment_0.pdf,True
01364,Guming Holdings Limited,2025-02-12,over_allotment_exercise,,,,,,False
01364,Guming Holdings Limited,2025-02-12,stabilization,"Announcements and Notices - [Other - Miscellaneous] - PARTIAL EXERCISE OF THE OVER-ALLOTMENT OPTION, STABILIZING ACTIONS AND END OF STABILIZATION PERIOD",https://www1.hkexnews.hk/listedco/listconews/sehk/2025/0309/2025030900015.pdf,,2025-03-09 18:13:00,pdfs/01364/stabilization_0.pdf,True
02097,MIXUE Group,2025-03-03,prospectus,Listing Documents - [Offer for Subscription] - GLOBAL OFFERING,https://www1.hkexnews.hk/listedco/listconews/sehk/2025/0221/2025022100009.pdf,,2025-02-21 06:17:00,pdfs/02097/prospectus_0.pdf,True
02097,MIXUE Group,2025-03-03,prospectus,Listing Documents - [Offer for Subscription] - GLOBAL OFFERING,https://www1.hkexnews.hk/listedco/listconews/sehk/2025/0221/11543478/2025022100021.pdf,https://www1.hkexnews.hk/listedco/listconews/sehk/2025/0221/2025022100016.htm,2025-02-21 06:47:00,pdfs/02097/prospectus_1.pdf,True
02097,MIXUE Group,2025-03-03,allotment,Announcements and Notices - [Allotment Results] - ANNOUNCEMENT OF ALLOTMENT RESULTS,https://www1.hkexnews.hk/listedco/listconews/sehk/2025/0228/2025022801727.pdf,,2025-02-28 22:18:00,pdfs/02097/allotment_0.pdf,True
02097,MIXUE Group,2025-03-03,over_allotment_exercise,,,,,,False
02097,MIXUE Group,2025-03-03,stabilization,"Announcements and Notices - [Other - Miscellaneous] - FULL EXERCISE OF THE OVER-ALLOTMENT OPTION, STABILIZING ACTIONS AND END OF STABILIZATION PERIOD",https://www1.hkexnews.hk/listedco/listconews/sehk/2025/0328/2025032802276.pdf,,2025-03-28 20:12:00,pdfs/02097/stabilization_0.pdf,True
06693,"Chifeng Jilong Gold Mining Co., Ltd.",2025-03-10,prospectus,Listing Documents - [Offer for Subscription] - GLOBAL OFFERING,https://www1.hkexnews.hk/listedco/listconews/sehk/2025/0228/2025022800056.pdf,,2025-02-28 06:31:00,pdfs/06693/prospectus_0.pdf,True
06693,"Chifeng Jilong Gold Mining Co., Ltd.",2025-03-10,allotment,Announcements and Notices - [Allotment Results] - ANNOUNCEMENT OF ALLOTMENT RESULTS,https://www1.hkexnews.hk/listedco/listconews/sehk/2025/0307/2025030701501.pdf,,2025-03-07 22:38:00,pdfs/06693/allotment_0.pdf,True
06693,"Chifeng Jilong Gold Mining Co., Ltd.",2025-03-10,over_allotment_exercise,,,,,,False
06693,"Chifeng Jilong Gold Mining Co., Ltd.",2025-03-10,stabilization,"Announcements and Notices - [Other - Miscellaneous] - FULL EXERCISE OF THE OVER-ALLOTMENT OPTION, STABILIZING ACTIONS AND END OF STABILIZATION PERIOD",https://www1.hkexnews.hk/listedco/listconews/sehk/2025/0406/2025040600051.pdf,,2025-04-06 19:40:00,pdfs/06693/stabilization_0.pdf,True
02561,VISEN Pharmaceuticals,2025-03-21,prospectus,Listing Documents - [Offer for Subscription] - GLOBAL OFFERING,https://www1.hkexnews.hk/listedco/listconews/sehk/2025/0313/2025031300017.pdf,,2025-03-13 06:14:00,pdfs/02561/prospectus_0.pdf,True
02561,VISEN Pharmaceuticals,2025-03-21,allotment,Announcements and Notices - [Allotment Results] - ANNOUNCEMENT OF ALLOTMENT RESULTS,https://www1.hkexnews.hk/listedco/listconews/sehk/2025/0320/2025032001490.pdf,,2025-03-20 22:18:00,pdfs/02561/allotment_0.pdf,True
02561,VISEN Pharmaceuticals,2025-03-21,over_allotment_exercise,,,,,,False
02561,VISEN Pharmaceuticals,2025-03-21,stabilization,"Announcements and Notices - [Other - Miscellaneous] - STABILIZING ACTIONS, END OF STABILIZATION PERIOD AND LAPSE OF THE OVER-ALLOTMENT OPTION",https://www1.hkexnews.hk/listedco/listconews/sehk/2025/0417/2025041701661.pdf,,2025-04-17 20:44:00,pdfs/02561/stabilization_0.pdf,True
02610,Nanshan Aluminium International Holdings Limited,2025-03-25,prospectus,Listing Documents - [Offer for Subscription] - GLOBAL OFFERING,https://www1.hkexnews.hk/listedco/listconews/sehk/2025/0317/2025031700019.pdf,,2025-03-17 06:15:00,pdfs/02610/prospectus_0.pdf,True
02610,Nanshan Aluminium International Holdings Limited,2025-03-25,allotment,Announcements and Notices - [Allotment Results] - ANNOUNCEMENT OF FINAL OFFER PRICE AND ALLOTMENT RESULTS,https://www1.hkexnews.hk/listedco/listconews/sehk/2025/0324/2025032401216.pdf,,2025-03-24 21:27:00,pdfs/02610/allotment_0.pdf,True
02610,Nanshan Aluminium International Holdings Limited,2025-03-25,over_allotment_exercise,,,,,,False
02610,Nanshan Aluminium International Holdings Limited,2025-03-25,stabilization,"Announcements and Notices - [Other - Miscellaneous] - PARTIAL EXERCISE OF THE OVER-ALLOTMENT OPTION, STABILISING ACTIONS AND END OF STABILISATION PERIOD",https://www1.hkexnews.hk/listedco/listconews/sehk/2025/0422/2025042201921.pdf,,2025-04-22 21:50:00,pdfs/02610/stabilization_0.pdf,True
02569,Soft International Group Ltd,2025-03-27,prospectus,Listing Documents - [Offer for Subscription] - GLOBAL OFFERING,https://www1.hkexnews.hk/listedco/listconews/sehk/2025/0319/2025031900013.pdf,,2025-03-19 06:13:00,pdfs/02569/prospectus_0.pdf,True
02569,Soft International Group Ltd,2025-03-27,allotment,Announcements and Notices - [Allotment Results] - ANNOUNCEMENT OF FINAL OFFER PRICE AND ALLOTMENT RESULTS,https://www1.hkexnews.hk/listedco/listconews/sehk/2025/0326/2025032601370.pdf,,2025-03-26 20:26:00,pdfs/02569/allotment_0.pdf,True
02569,Soft International Group Ltd,2025-03-27,over_allotment_exercise,,,,,,False
02569,Soft International Group Ltd,2025-03-27,stabilization,,,,,,False
02625,Jiangsu Horizon Chain Supermarket Company Limited,2025-03-31,prospectus,Listing Documents - [Offer for Subscription] - GLOBAL OFFERING,https://www1.hkexnews.hk/listedco/listconews/sehk/2025/0321/2025032100009.pdf,,2025-03-21 06:07:00,pdfs/02625/prospectus_0.pdf,True
02625,Jiangsu Horizon Chain Supermarket Company Limited,2025-03-31,allotment,Announcements and Notices - [Allotment Results] - ANNOUNCEMENT OF FINAL OFFER PRICE AND ALLOTMENT RESULTS,https://www1.hkexnews.hk/listedco/listconews/sehk/2025/0328/2025032802386.pdf,,2025-03-28 20:25:00,pdfs/02625/allotment_0.pdf,True
02625,Jiangsu Horizon Chain Supermarket Company Limited,2025-03-31,over_allotment_exercise,,,,,,False
02625,Jiangsu Horizon Chain Supermarket Company Limited,2025-03-31,stabilization,,,,,,False
03677,"Jiangsu Zenergy Battery Technologies Group Co., Ltd.",2025-04-14,prospectus,Listing Documents - [Offer for Subscription] - GLOBAL OFFERING,https://www1.hkexnews.hk/listedco/listconews/sehk/2025/0403/2025040300013.pdf,,2025-04-03 06:19:00,pdfs/03677/prospectus_0.pdf,True
03677,"Jiangsu Zenergy Battery Technologies Group Co., Ltd.",2025-04-14,allotment,Announcements and Notices - [Allotment Results] - ANNOUNCEMENT OF ALLOTMENT RESULTS,https://www1.hkexnews.hk/listedco/listconews/sehk/2025/0411/2025041101645.pdf,,2025-04-11 22:01:00,pdfs/03677/allotment_0.pdf,True
03677,"Jiangsu Zenergy Battery Technologies Group Co., Ltd.",2025-04-14,over_allotment_exercise,,,,,,False
03677,"Jiangsu Zenergy Battery Technologies Group Co., Ltd.",2025-04-14,stabilization,"Announcements and Notices - [Other - Miscellaneous] - END OF STABILIZATION PERIOD, NO STABILIZATION ACTION AND LAPSE OF OVER-ALLOTMENT OPTION",https://www1.hkexnews.hk/listedco/listconews/sehk/2025/0509/2025050900261.pdf,,2025-05-09 16:31:00,pdfs/03677/stabilization_0.pdf,True
09606,"Duality Biotherapeutics, Inc.",2025-04-15,prospectus,Listing Documents - [Offer for Subscription] - GLOBAL OFFERING,https://www1.hkexnews.hk/listedco/listconews/sehk/2025/0407/2025040700009.pdf,,2025-04-07 06:15:00,pdfs/09606/prospectus_0.pdf,True
09606,"Duality Biotherapeutics, Inc.",2025-04-15,allotment,Announcements and Notices - [Allotment Results] - ANNOUNCEMENT OF FINAL OFFER PRICE AND ALLOTMENT RESULTS,https://www1.hkexnews.hk/listedco/listconews/sehk/2025/0414/2025041401384.pdf,,2025-04-14 22:09:00,pdfs/09606/allotment_0.pdf,True
09606,"Duality Biotherapeutics, Inc.",2025-04-15,over_allotment_exercise,Announcements and Notices - [Other - Miscellaneous] - FULL EXERCISE OF THE OVER-ALLOTMENT OPTION,https://www1.hkexnews.hk/listedco/listconews/sehk/2025/0506/2025050602715.pdf,,2025-05-06 21:28:00,pdfs/09606/over_allotment_exercise_0.pdf,True
09606,"Duality Biotherapeutics, Inc.",2025-04-15,stabilization,Announcements and Notices - [Other - Miscellaneous] - STABILIZING ACTIONS AND END OF STABILIZATION PERIOD,https://www1.hkexnews.hk/listedco/listconews/sehk/2025/0512/2025051200137.pdf,,2025-05-28 16:33:00,pdfs/09606/stabilization_0.pdf,True
01333,"Breton Technology Co., Ltd.",2025-05-07,prospectus,Listing Documents - [Offer for Subscription] - GLOBAL OFFERING,https://www1.hkexnews.hk/listedco/listconews/sehk/2025/0425/2025042500055.pdf,,2025-04-25 06:30:00,pdfs/01333/prospectus_0.pdf,True
01333,"Breton Technology Co., Ltd.",2025-05-07,allotment,Announcements and Notices - [Allotment Results] - ANNOUNCEMENT OF ALLOTMENT RESULTS,https://www1.hkexnews.hk/listedco/listconews/sehk/2025/0506/2025050602875.pdf,,2025-05-06 22:43:00,pdfs/01333/allotment_0.pdf,True
01333,"Breton Technology Co., Ltd.",2025-05-07,over_allotment_exercise,,,,,,False
01333,"Breton Technology Co., Ltd.",2025-05-07,stabilization,,,,,,False
02865,"Hainan Drinda New Energy Technology Co., Ltd.",2025-05-08,prospectus,Listing Documents - [Offer for Subscription] - GLOBAL OFFERING,https://www1.hkexnews.hk/listedco/listconews/sehk/2025/0428/2025042800051.pdf,,2025-04-28 06:15:00,pdfs/02865/prospectus_0.pdf,True
02865,"Hainan Drinda New Energy Technology Co., Ltd.",2025-05-08,allotment,Announcements and Notices - [Allotment Results] - ANNOUNCEMENT OF FINAL OFFER PRICE AND ALLOTMENT RESULTS,https://www1.hkexnews.hk/listedco/listconews/sehk/2025/0507/2025050702202.pdf,,2025-05-07 22:41:00,pdfs/02865/allotment_0.pdf,True
02865,"Hainan Drinda New Energy Technology Co., Ltd.",2025-05-08,over_allotment_exercise,,,,,,False
02865,"Hainan Drinda New Energy Technology Co., Ltd.",2025-05-08,stabilization,"Announcements and Notices - [Other - Miscellaneous] - END OF STABILISATION PERIOD, NO STABILISATION ACTIONS AND LAPSE OF OVER-ALLOTMENT OPTION",https://www1.hkexnews.hk/listedco/listconews/sehk/2025/0602/2025060200082.pdf,,2025-06-02 08:01:00,pdfs/02865/stabilization_0.pdf,True
02589,"Auntea Jenny (Shanghai) Industrial Co., Ltd.",2025-05-08,prospectus,Listing Documents - [Offer for Subscription] - GLOBAL OFFERING,https://www1.hkexnews.hk/listedco/listconews/sehk/2025/0428/2025042800055.pdf,,2025-04-28 06:17:00,pdfs/02589/prospectus_0.pdf,True
02589,"Auntea Jenny (Shanghai) Industrial Co., Ltd.",2025-05-08,allotment,Announcements and Notices - [Allotment Results] - ANNOUNCEMENT OF ALLOTMENT RESULTS,https://www1.hkexnews.hk/listedco/listconews/sehk/2025/0507/2025050702204.pdf,,2025-05-07 22:43:00,pdfs/02589/allotment_0.pdf,True
02589,"Auntea Jenny (Shanghai) Industrial Co., Ltd.",2025-05-08,over_allotment_exercise,,,,,,False
02589,"Auntea Jenny (Shanghai) Industrial Co., Ltd.",2025-05-08,stabilization,"Announcements and Notices - [Other - Miscellaneous] - FULL EXERCISE OF THE OVER-ALLOTMENT OPTION, STABILIZING ACTIONS AND END OF STABILIZATION PERIOD",https://www1.hkexnews.hk/listedco/listconews/sehk/2025/0601/2025060100017.pdf,,2025-06-01 18:05:00,pdfs/02589/stabilization_0.pdf,True
06831,Green Tea Group Limited,2025-05-16,prospectus,Listing Documents - [Offer for Subscription] - GLOBAL OFFERING,https://www1.hkexnews.hk/listedco/listconews/sehk/2025/0508/2025050800013.pdf,,2025-05-08 06:25:00,pdfs/06831/prospectus_0.pdf,True
06831,Green Tea Group Limited,2025-05-16,allotment,Announcements and Notices - [Allotment Results] - Announcement of Final Offer Price and Allotment Results,https://www1.hkexnews.hk/listedco/listconews/sehk/2025/0515/2025051501489.pdf,,2025-06-03 18:59:00,pdfs/06831/allotment_0.pdf,True
06831,Green Tea Group Limited,2025-05-16,over_allotment_exercise,,,,,,False
06831,Green Tea Group Limited,2025-05-16,stabilization,"Announcements and Notices - [Other - Miscellaneous] - STABILIZING ACTIONS, END OF STABILIZATION PERIOD AND LAPSE OF THE OVER-ALLOTMENT OPTION",https://www1.hkexnews.hk/listedco/listconews/sehk/2025/0612/2025061201064.pdf,,2025-06-12 21:06:00,pdfs/06831/stabilization_0.pdf,True
03750,"Contemporary Amperex Technology Co., Limited",2025-05-20,prospectus,Listing Documents - [Offer for Subscription] - GLOBAL OFFERING,https://www1.hkexnews.hk/listedco/listconews/sehk/2025/0512/2025051200005.pdf,,2025-05-12 06:19:00,pdfs/03750/prospectus_0.pdf,True
03750,"Contemporary Amperex Technology Co., Limited",2025-05-20,allotment,Announcements and Notices - [Allotment Results] - ANNOUNCEMENT OF ALLOTMENT RESULTS,https://www1.hkexnews.hk/listedco/listconews/sehk/2025/0519/2025051901257.pdf,,2025-05-19 21:40:00,pdfs/03750/allotment_0.pdf,True
03750,"Contemporary Amperex Technology Co., Limited",2025-05-20,over_allotment_exercise,Announcements and Notices - [Other - Miscellaneous] - FULL EXERCISE OF THE OVER-ALLOTMENT OPTION,https://www1.hkexnews.hk/listedco/listconews/sehk/2025/0520/2025052001385.pdf,,2025-05-20 22:46:00,pdfs/03750/over_allotment_exercise_0.pdf,True
03750,"Contemporary Amperex Technology Co., Limited",2025-05-20,stabilization,Announcements and Notices - [Other - Miscellaneous] - STABILIZING ACTIONS AND END OF STABILIZATION PERIOD,https://www1.hkexnews.hk/listedco/listconews/sehk/2025/0616/2025061600487.pdf,,2025-06-16 16:48:00,pdfs/03750/stabilization_0.pdf,True
02629,Mirxes Holding Company Limited,2025-05-23,prospectus,Listing Documents - [Offer for Subscription] - GLOBAL OFFERING,https://www1.hkexnews.hk/listedco/listconews/sehk/2025/0515/2025051500021.pdf,,2025-05-15 06:25:00,pdfs/02629/prospectus_0.pdf,True
02629,Mirxes Holding Company Limited,2025-05-23,allotment,Announcements and Notices - [Allotment Results] - ANNOUNCEMENT OF ALLOTMENT RESULTS,https://www1.hkexnews.hk/listedco/listconews/sehk/2025/0522/2025052201535.pdf,,2025-06-05 06:13:00,pdfs/02629/allotment_0.pdf,True
02629,Mirxes Holding Company Limited,2025-05-23,over_allotment_exercise,,,,,,False
02629,Mirxes Holding Company Limited,2025-05-23,stabilization,,,,,,False
01276,"Jiangsu Hengrui Pharmaceuticals Co., Ltd.",2025-05-23,prospectus,Listing Documents - [Offer for Subscription] - GLOBAL OFFERING,https://www1.hkexnews.hk/listedco/listconews/sehk/2025/0515/2025051500019.pdf,,2025-05-15 06:22:00,pdfs/01276/prospectus_0.pdf,True
01276,"Jiangsu Hengrui Pharmaceuticals Co., Ltd.",2025-05-23,allotment,(Cancelled and Reissued) Announcements and Notices - [Allotment Results] - Announcement of Final Offer Price and Allotment Results,https://www1.hkexnews.hk/listedco/listconews/sehk/2025/0522/2025052201651.pdf,,2025-05-22 22:34:00,pdfs/01276/allotment_0.pdf,True
01276,"Jiangsu Hengrui Pharmaceuticals Co., Ltd.",2025-05-23,allotment,Announcements and Notices - [Allotment Results] - (Revised) Announcement of Final Offer Price and Allotment Results,https://www1.hkexnews.hk/listedco/listconews/sehk/2025/0523/2025052301545.pdf,,2025-05-23 20:46:00,pdfs/01276/allotment_1.pdf,True
01276,"Jiangsu Hengrui Pharmaceuticals Co., Ltd.",2025-05-23,over_allotment_exercise,,,,,,False
01276,"Jiangsu Hengrui Pharmaceuticals Co., Ltd.",2025-05-23,stabilization,"Announcements and Notices - [Other - Miscellaneous] - FULL EXERCISE OF THE OVER-ALLOTMENT OPTION, STABILIZING ACTIONS AND END OF STABILIZATION PERIOD",https://www1.hkexnews.hk/listedco/listconews/sehk/2025/0619/2025061900409.pdf,,2025-06-19 16:44:00,pdfs/01276/stabilization_0.pdf,True
02565,"PegBio Co., Ltd.",2025-05-27,prospectus,Listing Documents - [Offer for Subscription] - GLOBAL OFFERING,https://www1.hkexnews.hk/listedco/listconews/sehk/2025/0519/2025051900013.pdf,,2025-05-19 06:26:00,pdfs/02565/prospectus_0.pdf,True
02565,"PegBio Co., Ltd.",2025-05-27,allotment,Announcements and Notices - [Allotment Results] - Announcement of Allotment Results,https://www1.hkexnews.hk/listedco/listconews/sehk/2025/0526/2025052601319.pdf,,2025-05-26 19:52:00,pdfs/02565/allotment_0.pdf,True
02565,"PegBio Co., Ltd.",2025-05-27,over_allotment_exercise,,,,,,False
02565,"PegBio Co., Ltd.",2025-05-27,stabilization,,,,,,False
02603,"Xiamen Jihong Co., Ltd",2025-05-27,prospectus,Listing Documents - [Offer for Subscription] - GLOBAL OFFERING,https://www1.hkexnews.hk/listedco/listconews/sehk/2025/0519/2025051900011.pdf,,2025-05-19 06:25:00,pdfs/02603/prospectus_0.pdf,True
02603,"Xiamen Jihong Co., Ltd",2025-05-27,allotment,Announcements and Notices - [Allotment Results] - ANNOUNCEMENT OF FINAL OFFER PRICE AND ALLOTMENT RESULTS,https://www1.hkexnews.hk/listedco/listconews/sehk/2025/0526/2025052601653.pdf,,2025-05-26 22:37:00,pdfs/02603/allotment_0.pdf,True
02603,"Xiamen Jihong Co., Ltd",2025-05-27,over_allotment_exercise,,,,,,False
02603,"Xiamen Jihong Co., Ltd",2025-05-27,stabilization,,,,,,False
02621,Shouhui Group Ltd.,2025-05-30,prospectus,Listing Documents - [Offer for Subscription] - GLOBAL OFFERING,https://www1.hkexnews.hk/listedco/listconews/sehk/2025/0522/2025052200031.pdf,,2025-05-22 06:25:00,pdfs/02621/prospectus_0.pdf,True
02621,Shouhui Group Ltd.,2025-05-30,allotment,Announcements and Notices - [Allotment Results] - ANNOUNCEMENT OF ALLOTMENT RESULTS,https://www1.hkexnews.hk/listedco/listconews/sehk/2025/0529/2025052902298.pdf,,2025-05-29 22:52:00,pdfs/02621/allotment_0.pdf,True
02621,Shouhui Group Ltd.,2025-05-30,over_allotment_exercise,,,,,,False
02621,Shouhui Group Ltd.,2025-05-30,stabilization,"Announcements and Notices - [Other - Miscellaneous] - END OF STABILIZATION PERIOD, STABILIZATION ACTIONS AND LAPSE OF OVER-ALLOTMENT OPTION",https://www1.hkexnews.hk/listedco/listconews/sehk/2025/0626/2025062601818.pdf,,2025-06-26 21:38:00,pdfs/02621/stabilization_0.pdf,True
02573,"Newtrend Group Holding Co., Ltd.",2025-06-10,prospectus,Listing Documents - [Offer for Subscription] - GLOBAL OFFERING,https://www1.hkexnews.hk/listedco/listconews/sehk/2025/0530/2025053000073.pdf,,2025-05-30 07:00:00,pdfs/02573/prospectus_0.pdf,True
02573,"Newtrend Group Holding Co., Ltd.",2025-06-10,allotment,Announcements and Notices - [Allotment Results] - ANNOUNCEMENT OF FINAL OFFER PRICE AND ALLOTMENT RESULTS,https://www1.hkexnews.hk/listedco/listconews/sehk/2025/0609/2025060901156.pdf,,2025-06-09 21:55:00,pdfs/02573/allotment_0.pdf,True
02573,"Newtrend Group Holding Co., Ltd.",2025-06-10,over_allotment_exercise,,,,,,False
02573,"Newtrend Group Holding Co., Ltd.",2025-06-10,stabilization,,,,,,False
02605,MetaLight Inc.,2025-06-10,prospectus,Listing Documents - [Offer for Subscription] - GLOBAL OFFERING,https://www1.hkexnews.hk/listedco/listconews/sehk/2025/0602/2025060200008.pdf,,2025-06-02 06:50:00,pdfs/02605/prospectus_0.pdf,True
02605,MetaLight Inc.,2025-06-10,allotment,Announcements and Notices - [Allotment Results] - ANNOUNCEMENT OF ALLOTMENT RESULTS,https://www1.hkexnews.hk/listedco/listconews/sehk/2025/0609/2025060901376.pdf,,2025-06-09 22:48:00,pdfs/02605/allotment_0.pdf,True
02605,MetaLight Inc.,2025-06-10,over_allotment_exercise,,,,,,False
02605,MetaLight Inc.,2025-06-10,stabilization,,,,,,False
09881,"Rongta Technology (Xiamen) Group Co., Ltd.",2025-06-10,prospectus,Listing Documents - [Offer for Subscription] - GLOBAL OFFERING,https://www1.hkexnews.hk/listedco/listconews/sehk/2025/0530/2025053000009.pdf,,2025-05-30 06:05:00,pdfs/09881/prospectus_0.pdf,True
09881,"Rongta Technology (Xiamen) Group Co., Ltd.",2025-06-10,allotment,Announcements and Notices - [Allotment Results] - ANNOUNCEMENT OF FINAL OFFER PRICE AND ALLOTMENT RESULTS,https://www1.hkexnews.hk/listedco/listconews/sehk/2025/0609/2025060900996.pdf,,2025-06-09 20:02:00,pdfs/09881/allotment_0.pdf,True
09881,"Rongta Technology (Xiamen) Group Co., Ltd.",2025-06-10,over_allotment_exercise,,,,,,False
09881,"Rongta Technology (Xiamen) Group Co., Ltd.",2025-06-10,stabilization,"Announcements and Notices - [Other - Miscellaneous] - END OF STABILISATION PERIOD, NO STABILISATION ACTION AND LAPSE OF OVER-ALLOTMENT OPTION",https://www1.hkexnews.hk/listedco/listconews/sehk/2025/0707/2025070700712.pdf,,2025-07-07 16:57:00,pdfs/09881/stabilization_0.pdf,True
03288,Foshan Haitian Flavouring and Food Company Ltd.,2025-06-19,prospectus,Listing Documents - [Offer for Subscription] - GLOBAL OFFERING,https://www1.hkexnews.hk/listedco/listconews/sehk/2025/0611/2025061100017.pdf,,2025-06-11 06:18:00,pdfs/03288/prospectus_0.pdf,True
03288,Foshan Haitian Flavouring and Food Company Ltd.,2025-06-19,allotment,Announcements and Notices - [Allotment Results] - ANNOUNCEMENT OF FINAL OFFER PRICE AND ALLOTMENT RESULTS,https://www1.hkexnews.hk/listedco/listconews/sehk/2025/0618/2025061801931.pdf,,2025-06-18 22:56:00,pdfs/03288/allotment_0.pdf,True
03288,Foshan Haitian Flavouring and Food Company Ltd.,2025-06-19,over_allotment_exercise,,,,,,False
03288,Foshan Haitian Flavouring and Food Company Ltd.,2025-06-19,stabilization,"(Cancelled and Reissued) Announcements and Notices - [Other - Miscellaneous] - PARTIAL EXERCISE OF THE OVER-ALLOTMENT OPTION, STABILIZING ACTIONS AND END OF THE STABILIZATION PERIOD",https://www1.hkexnews.hk/listedco/listconews/sehk/2025/0716/2025071601167.pdf,,2025-07-16 22:10:00,pdfs/03288/stabilization_0.pdf,True
03288,Foshan Haitian Flavouring and Food Company Ltd.,2025-06-19,stabilization,"Announcements and Notices - [Other - Miscellaneous] - (REVISED) PARTIAL EXERCISE OF THE OVER-ALLOTMENT OPTION, STABILIZING ACTIONS AND END OF THE STABILIZATION PERIOD",https://www1.hkexnews.hk/listedco/listconews/sehk/2025/0717/2025071700201.pdf,,2025-07-17 12:24:00,pdfs/03288/stabilization_1.pdf,True
02609,Bayzed Health Group Inc,2025-06-23,prospectus,Listing Documents - [Offer for Subscription] - GLOBAL OFFERING,https://www1.hkexnews.hk/listedco/listconews/sehk/2025/0613/2025061300019.pdf,,2025-06-13 06:11:00,pdfs/02609/prospectus_0.pdf,True
02609,Bayzed Health Group Inc,2025-06-23,allotment,Announcements and Notices - [Allotment Results] - ANNOUNCEMENT OF FINAL OFFER PRICE AND ALLOTMENT RESULTS,https://www1.hkexnews.hk/listedco/listconews/sehk/2025/0620/2025062001890.pdf,,2025-06-20 21:45:00,pdfs/02609/allotment_0.pdf,True
02609,Bayzed Health Group Inc,2025-06-23,over_allotment_exercise,,,,,,False
02609,Bayzed Health Group Inc,2025-06-23,stabilization,,,,,,False
02617,"TransThera Sciences (Nanjing), Inc.",2025-06-23,prospectus,Listing Documents - [Offer for Subscription] - GLOBAL OFFERING,https://www1.hkexnews.hk/listedco/listconews/sehk/2025/0613/2025061300035.pdf,,2025-06-13 06:18:00,pdfs/02617/prospectus_0.pdf,True
02617,"TransThera Sciences (Nanjing), Inc.",2025-06-23,allotment,Announcements and Notices - [Allotment Results] - ANNOUNCEMENT OF ALLOTMENT RESULTS,https://www1.hkexnews.hk/listedco/listconews/sehk/2025/0620/2025062002274.pdf,,2025-06-20 22:46:00,pdfs/02617/allotment_0.pdf,True
02617,"TransThera Sciences (Nanjing), Inc.",2025-06-23,over_allotment_exercise,,,,,,False
02617,"TransThera Sciences (Nanjing), Inc.",2025-06-23,stabilization,,,,,,False
02050,"Zhejiang Sanhua Intelligent Controls Co., Ltd.",2025-06-23,prospectus,Listing Documents - [Offer for Subscription] - GLOBAL OFFERING,https://www1.hkexnews.hk/listedco/listconews/sehk/2025/0613/2025061300017.pdf,,2025-06-13 06:11:00,pdfs/02050/prospectus_0.pdf,True
02050,"Zhejiang Sanhua Intelligent Controls Co., Ltd.",2025-06-23,allotment,Announcements and Notices - [Allotment Results] - ANNOUNCEMENT OF FINAL OFFER PRICE AND ALLOTMENT RESULTS,https://www1.hkexnews.hk/listedco/listconews/sehk/2025/0620/2025062002236.pdf,,2025-06-20 22:38:00,pdfs/02050/allotment_0.pdf,True
02050,"Zhejiang Sanhua Intelligent Controls Co., Ltd.",2025-06-23,over_allotment_exercise,,,,,,False
02050,"Zhejiang Sanhua Intelligent Controls Co., Ltd.",2025-06-23,stabilization,"Announcements and Notices - [Other - Miscellaneous] - FULL EXERCISE OF THE OVER-ALLOTMENT OPTION, STABILIZING ACTIONS AND END OF STABILIZATION PERIOD",https://www1.hkexnews.hk/listedco/listconews/sehk/2025/0718/2025071801258.pdf,,2025-07-18 21:58:00,pdfs/02050/stabilization_0.pdf,True
02643,CaoCao Inc.,2025-06-25,prospectus,Listing Documents - [Offer for Subscription] - GLOBAL OFFERING,https://www1.hkexnews.hk/listedco/listconews/sehk/2025/0617/2025061700008.pdf,,2025-06-17 06:20:00,pdfs/02643/prospectus_0.pdf,True
02643,CaoCao Inc.,2025-06-25,allotment,Announcements and Notices - [Allotment Results] - ANNOUNCEMENT OF ALLOTMENT RESULTS,https://www1.hkexnews.hk/listedco/listconews/sehk/2025/0624/2025062401322.pdf,,2025-06-24 22:37:00,pdfs/02643/allotment_0.pdf,True
02643,CaoCao Inc.,2025-06-25,over_allotment_exercise,,,,,,False
02643,CaoCao Inc.,2025-06-25,stabilization,"Announcements and Notices - [Other - Miscellaneous] - STABILIZING ACTIONS, END OF STABILIZATION PERIOD AND LAPSE OF OVER-ALLOTMENT OPTION",https://www1.hkexnews.hk/listedco/listconews/sehk/2025/0721/2025072100017.pdf,,2025-07-21 07:39:00,pdfs/02643/stabilization_0.pdf,True
02619,"X.J. Electrics (Hu Bei) Co., Ltd",2025-06-25,prospectus,Listing Documents - [Offer for Subscription] - GLOBAL OFFERING,https://www1.hkexnews.hk/listedco/listconews/sehk/2025/0617/2025061700043.pdf,,2025-06-17 06:56:00,pdfs/02619/prospectus_0.pdf,True
02619,"X.J. Electrics (Hu Bei) Co., Ltd",2025-06-25,allotment,Announcements and Notices - [Allotment Results] - ANNOUNCEMENT OF FINAL OFFER PRICE AND ALLOTMENT RESULTS,https://www1.hkexnews.hk/listedco/listconews/sehk/2025/0624/2025062401168.pdf,,2025-06-24 21:42:00,pdfs/02619/allotment_0.pdf,True
02619,"X.J. Electrics (Hu Bei) Co., Ltd",2025-06-25,over_allotment_exercise,,,,,,False
02619,"X.J. Electrics (Hu Bei) Co., Ltd",2025-06-25,stabilization,,,,,,False
06883,Eternal Beauty Holdings Limited,2025-06-26,prospectus,Listing Documents - [Offer for Subscription] - GLOBAL OFFERING,https://www1.hkexnews.hk/listedco/listconews/sehk/2025/0618/2025061800005.pdf,,2025-06-18 06:10:00,pdfs/06883/prospectus_0.pdf,True
06883,Eternal Beauty Holdings Limited,2025-06-26,allotment,Announcements and Notices - [Allotment Results] - ANNOUNCEMENT OF FINAL OFFER PRICE AND ALLOTMENT RESULTS,https://www1.hkexnews.hk/listedco/listconews/sehk/2025/0626/2025062600005.pdf,,2025-06-26 06:04:00,pdfs/06883/allotment_0.pdf,True
06883,Eternal Beauty Holdings Limited,2025-06-26,over_allotment_exercise,,,,,,False
06883,Eternal Beauty Holdings Limited,2025-06-26,stabilization,"Announcements and Notices - [Other - Miscellaneous] - STABILIZING ACTIONS, END OF STABILIZATION PERIOD AND LAPSE OF THE OVER-ALLOTMENT OPTION",https://www1.hkexnews.hk/listedco/listconews/sehk/2025/0723/2025072300810.pdf,,2025-07-23 18:05:00,pdfs/06883/stabilization_0.pdf,True
02508,SAINT BELLA Inc.,2025-06-26,prospectus,Listing Documents - [Offer for Subscription] - GLOBAL OFFERING,https://www1.hkexnews.hk/listedco/listconews/sehk/2025/0618/2025061800127.pdf,,2025-06-18 08:21:00,pdfs/02508/prospectus_0.pdf,True
02508,SAINT BELLA Inc.,2025-06-26,allotment,Announcements and Notices - [Allotment Results] - ANNOUNCEMENT OF FINAL OFFER PRICE AND ALLOTMENT RESULTS,https://www1.hkexnews.hk/listedco/listconews/sehk/2025/0625/2025062502266.pdf,,2025-06-25 22:58:00,pdfs/02508/allotment_0.pdf,True
02508,SAINT BELLA Inc.,2025-06-26,over_allotment_exercise,,,,,,False
02508,SAINT BELLA Inc.,2025-06-26,stabilization,"Announcements and Notices - [Other - Miscellaneous] - PARTIAL EXERCISE OF THE OVER-ALLOTMENT OPTION, STABILIZING ACTIONS AND END OF STABILIZATION PERIOD",https://www1.hkexnews.hk/listedco/listconews/sehk/2025/0723/2025072301180.pdf,,2025-07-23 22:44:00,pdfs/02508/stabilization_0.pdf,True
06168,"Zhou Liu Fu Jewellery Co., Ltd.",2025-06-26,prospectus,Listing Documents - [Offer for Subscription] - GLOBAL OFFERING,https://www1.hkexnews.hk/listedco/listconews/sehk/2025/0618/2025061800023.pdf,,2025-06-18 06:41:00,pdfs/06168/prospectus_0.pdf,True
06168,"Zhou Liu Fu Jewellery Co., Ltd.",2025-06-26,allotment,(Cancelled and Reissued) Announcements and Notices - [Allotment Results] - ANNOUNCEMENT OF FINAL OFFER PRICE AND ALLOTMENT RESULTS,https://www1.hkexnews.hk/listedco/listconews/sehk/2025/0625/2025062502268.pdf,,2025-06-25 22:58:00,pdfs/06168/allotment_0.pdf,True
06168,"Zhou Liu Fu Jewellery Co., Ltd.",2025-06-26,allotment,Announcements and Notices - [Allotment Results] - (Revised) ANNOUNCEMENT OF FINAL OFFER PRICE AND ALLOTMENT RESULTS,https://www1.hkexnews.hk/listedco/listconews/sehk/2025/0626/2025062600013.pdf,,2025-06-26 06:11:00,pdfs/06168/allotment_1.pdf,True
06168,"Zhou Liu Fu Jewellery Co., Ltd.",2025-06-26,over_allotment_exercise,,,,,,False
06168,"Zhou Liu Fu Jewellery Co., Ltd.",2025-06-26,stabilization,"Announcements and Notices - [Other - Miscellaneous] - FULL EXERCISE OF THE OVER-ALLOTMENT OPTION, STABILIZING ACTIONS AND END OF STABILIZATION PERIOD",https://www1.hkexnews.hk/listedco/listconews/sehk/2025/0723/2025072301100.pdf,,2025-07-23 20:50:00,pdfs/06168/stabilization_0.pdf,True
09678,"Unisound AI Technology Co., Ltd.",2025-06-30,prospectus,Listing Documents - [Offer for Subscription] - GLOBAL OFFERING,https://www1.hkexnews.hk/listedco/listconews/sehk/2025/0620/2025062000023.pdf,,2025-06-20 06:24:00,pdfs/09678/prospectus_0.pdf,True
09678,"Unisound AI Technology Co., Ltd.",2025-06-30,allotment,Announcements and Notices - [Allotment Results] - ANNOUNCEMENT OF FINAL OFFER PRICE AND ALLOTMENT RESULTS,https://www1.hkexnews.hk/listedco/listconews/sehk/2025/0627/2025062702974.pdf,,2025-06-27 21:43:00,pdfs/09678/allotment_0.pdf,True
09678,"Unisound AI Technology Co., Ltd.",2025-06-30,over_allotment_exercise,,,,,,False
09678,"Unisound AI Technology Co., Ltd.",2025-06-30,stabilization,"Announcements and Notices - [Other - Miscellaneous] - FULL EXERCISE OF THE OVER-ALLOTMENT OPTION, STABILIZING ACTIONS AND END OF THE STABILIZATION PERIOD",https://www1.hkexnews.hk/listedco/listconews/sehk/2025/0725/2025072501515.pdf,,2025-07-25 20:47:00,pdfs/09678/stabilization_0.pdf,True
03880,Medtide Inc.,2025-06-30,prospectus,Listing Documents - [Offer for Subscription] - GLOBAL OFFERING,https://www1.hkexnews.hk/listedco/listconews/sehk/2025/0620/2025062000021.pdf,,2025-06-20 06:23:00,pdfs/03880/prospectus_0.pdf,True
03880,Medtide Inc.,2025-06-30,allotment,Announcements and Notices - [Allotment Results] - ANNOUNCEMENT OF FINAL OFFER PRICE AND ALLOTMENT RESULTS,https://www1.hkexnews.hk/listedco/listconews/sehk/2025/0627/2025062703092.pdf,,2025-06-27 21:53:00,pdfs/03880/allotment_0.pdf,True
03880,Medtide Inc.,2025-06-30,over_allotment_exercise,,,,,,False
03880,Medtide Inc.,2025-06-30,stabilization,,,,,,False
06603,IFBH Limited,2025-06-30,prospectus,Listing Documents - [Offer for Subscription] - GLOBAL OFFERING,https://www1.hkexnews.hk/listedco/listconews/sehk/2025/0620/2025062000033.pdf,,2025-06-20 06:28:00,pdfs/06603/prospectus_0.pdf,True
06603,IFBH Limited,2025-06-30,allotment,Announcements and Notices - [Allotment Results] - ANNOUNCEMENT OF FINAL OFFER PRICE AND ALLOTMENT RESULTS,https://www1.hkexnews.hk/listedco/listconews/sehk/2025/0627/2025062703890.pdf,,2025-06-27 22:38:00,pdfs/06603/allotment_0.pdf,True
06603,IFBH Limited,2025-06-30,over_allotment_exercise,,,,,,False
06603,IFBH Limited,2025-06-30,stabilization,"Announcements and Notices - [Other - Miscellaneous] - FULL EXERCISE OF THE OVER-ALLOTMENT OPTION, STABILIZING ACTIONS AND END OF STABILIZATION PERIOD",https://www1.hkexnews.hk/listedco/listconews/sehk/2025/0725/2025072501707.pdf,,2025-07-25 21:48:00,pdfs/06603/stabilization_0.pdf,True
02592,Cloudbreak Pharma Inc.,2025-07-03,prospectus,Listing Documents - [Offer for Subscription] - GLOBAL OFFERING,https://www1.hkexnews.hk/listedco/listconews/sehk/2025/0624/2025062400005.pdf,,2025-06-24 06:07:00,pdfs/02592/prospectus_0.pdf,True
02592,Cloudbreak Pharma Inc.,2025-07-03,allotment,Announcements and Notices - [Allotment Results] - ANNOUNCEMENT OF ALLOTMENT RESULTS,https://www1.hkexnews.hk/listedco/listconews/sehk/2025/0702/2025070203783.pdf,,2025-07-02 20:04:00,pdfs/02592/allotment_0.pdf,True
02592,Cloudbreak Pharma Inc.,2025-07-03,over_allotment_exercise,,,,,,False
02592,Cloudbreak Pharma Inc.,2025-07-03,stabilization,,,,,,False
02648,"Anjoy Foods Group Co., Ltd.",2025-07-04,prospectus,Listing Documents - [Offer for Subscription] - GLOBAL OFFERING,https://www1.hkexnews.hk/listedco/listconews/sehk/2025/0625/2025062500043.pdf,,2025-06-25 06:17:00,pdfs/02648/prospectus_0.pdf,True
02648,"Anjoy Foods Group Co., Ltd.",2025-07-04,allotment,Announcements and Notices - [Allotment Results] - ANNOUNCEMENT OF FINAL OFFER PRICE AND ALLOTMENT RESULTS,https://www1.hkexnews.hk/listedco/listconews/sehk/2025/0703/2025070302241.pdf,,2025-07-03 22:33:00,pdfs/02648/allotment_0.pdf,True
02648,"Anjoy Foods Group Co., Ltd.",2025-07-04,over_allotment_exercise,,,,,,False
02648,"Anjoy Foods Group Co., Ltd.",2025-07-04,stabilization,"Announcements and Notices - [Other - Miscellaneous] - STABILIZING ACTIONS, END OF STABILIZATION PERIOD AND LAPSE OF THE OVER-ALLOTMENT OPTION",https://www1.hkexnews.hk/listedco/listconews/sehk/2025/0730/2025073001416.pdf,,2025-07-30 20:02:00,pdfs/02648/stabilization_0.pdf,True
01828,FWD Group Holdings Limited,2025-07-07,prospectus,Listing Documents - [Offer for Subscription] - GLOBAL OFFERING,https://www1.hkexnews.hk/listedco/listconews/sehk/2025/0626/2025062600017.pdf,,2025-06-26 06:20:00,pdfs/01828/prospectus_0.pdf,True
01828,FWD Group Holdings Limited,2025-07-07,allotment,Announcements and Notices - [Allotment Results] - ANNOUNCEMENT OF ALLOTMENT RESULTS,https://www1.hkexnews.hk/listedco/listconews/sehk/2025/0704/2025070402160.pdf,,2025-07-04 22:42:00,pdfs/01828/allotment_0.pdf,True
01828,FWD Group Holdings Limited,2025-07-07,over_allotment_exercise,,,,,,False
01828,FWD Group Holdings Limited,2025-07-07,stabilization,"Announcements and Notices - [Other - Miscellaneous] - PARTIAL EXERCISE OF THE OVER-ALLOTMENT OPTION, STABILISING ACTIONS AND END OF STABILISATION PERIOD",https://www1.hkexnews.hk/listedco/listconews/sehk/2025/0801/2025080103557.pdf,,2025-08-01 20:14:00,pdfs/01828/stabilization_0.pdf,True
02590,"Beijing Geekplus Technology Co., Ltd.",2025-07-09,prospectus,Listing Documents - [Offer for Subscription] - GLOBAL OFFERING,https://www1.hkexnews.hk/listedco/listconews/sehk/2025/0630/2025063000025.pdf,,2025-06-30 06:22:00,pdfs/02590/prospectus_0.pdf,True
02590,"Beijing Geekplus Technology Co., Ltd.",2025-07-09,allotment,Announcements and Notices - [Allotment Results] - ANNOUNCEMENT OF FINAL OFFER PRICE AND ALLOTMENT RESULTS,https://www1.hkexnews.hk/listedco/listconews/sehk/2025/0708/2025070801126.pdf,,2025-07-08 22:15:00,pdfs/02590/allotment_0.pdf,True
02590,"Beijing Geekplus Technology Co., Ltd.",2025-07-09,over_allotment_exercise,,,,,,False
02590,"Beijing Geekplus Technology Co., Ltd.",2025-07-09,stabilization,"Announcements and Notices - [Other - Miscellaneous] - PARTIAL EXERCISE OF THE OVER-ALLOTMENT OPTION, STABILIZING ACTIONS AND END OF THE STABILIZATION PERIOD",https://www1.hkexnews.hk/listedco/listconews/sehk/2025/0804/2025080400319.pdf,,2025-08-04 12:03:00,pdfs/02590/stabilization_0.pdf,True
02597,"Beijing Xunzhong Communication Technology Co., Ltd.",2025-07-09,prospectus,Listing Documents - [Offer for Subscription] - GLOBAL OFFERING,https://www1.hkexnews.hk/listedco/listconews/sehk/2025/0630/2025063000023.pdf,,2025-06-30 06:19:00,pdfs/02597/prospectus_0.pdf,True
02597,"Beijing Xunzhong Communication Technology Co., Ltd.",2025-07-09,allotment,Announcements and Notices - [Allotment Results] - ANNOUNCEMENT OF FINAL OFFER PRICE AND ALLOTMENT RESULTS,https://www1.hkexnews.hk/listedco/listconews/sehk/2025/0708/2025070801152.pdf,,2025-07-08 22:28:00,pdfs/02597/allotment_0.pdf,True
02597,"Beijing Xunzhong Communication Technology Co., Ltd.",2025-07-09,over_allotment_exercise,,,,,,False
02597,"Beijing Xunzhong Communication Technology Co., Ltd.",2025-07-09,stabilization,"Announcements and Notices - [Other - Miscellaneous] - END OF STABILIZATION PERIOD, NO STABILIZATION ACTIONS AND LAPSE OF OVER-ALLOTMENT OPTION",https://www1.hkexnews.hk/listedco/listconews/sehk/2025/0804/2025080400029.pdf,,2025-08-04 08:01:00,pdfs/02597/stabilization_0.pdf,True
01304,"Fortior Technology (Shenzhen) Co., Ltd.",2025-07-09,prospectus,Listing Documents - [Offer for Subscription] - GLOBAL OFFERING,https://www1.hkexnews.hk/listedco/listconews/sehk/2025/0630/2025063000015.pdf,,2025-06-30 06:10:00,pdfs/01304/prospectus_0.pdf,True
01304,"Fortior Technology (Shenzhen) Co., Ltd.",2025-07-09,allotment,Announcements and Notices - [Allotment Results] - ANNOUNCEMENT OF FINAL OFFER PRICE AND ALLOTMENT RESULTS,https://www1.hkexnews.hk/listedco/listconews/sehk/2025/0708/2025070801154.pdf,,2025-07-08 22:29:00,pdfs/01304/allotment_0.pdf,True
01304,"Fortior Technology (Shenzhen) Co., Ltd.",2025-07-09,over_allotment_exercise,Announcements and Notices - [Other - Miscellaneous] - FULL EXERCISE OF THE OVER-ALLOTMENT OPTION,https://www1.hkexnews.hk/listedco/listconews/sehk/2025/0724/2025072401522.pdf,,2025-07-24 19:04:00,pdfs/01304/over_allotment_exercise_0.pdf,True
01304,"Fortior Technology (Shenzhen) Co., Ltd.",2025-07-09,stabilization,Announcements and Notices - [Other - Miscellaneous] - STABILIZING ACTIONS AND END OF STABILIZATION PERIOD,https://www1.hkexnews.hk/listedco/listconews/sehk/2025/0803/2025080300007.pdf,,2025-08-03 18:07:00,pdfs/01304/stabilization_0.pdf,True
06613,"Lens Technology Co., Ltd.",2025-07-09,prospectus,Listing Documents - [Offer for Subscription] - GLOBAL OFFERING,https://www1.hkexnews.hk/listedco/listconews/sehk/2025/0630/2025063000031.pdf,,2025-06-30 06:30:00,pdfs/06613/prospectus_0.pdf,True
06613,"Lens Technology Co., Ltd.",2025-07-09,allotment,Announcements and Notices - [Allotment Results] - ANNOUNCEMENT OF FINAL OFFER PRICE AND ALLOTMENT RESULTS,https://www1.hkexnews.hk/listedco/listconews/sehk/2025/0708/2025070801180.pdf,,2025-07-08 22:52:00,pdfs/06613/allotment_0.pdf,True
06613,"Lens Technology Co., Ltd.",2025-07-09,over_allotment_exercise,,,,,,False
06613,"Lens Technology Co., Ltd.",2025-07-09,stabilization,"Announcements and Notices - [Other - Miscellaneous] - FULL EXERCISE OF THE OVER-ALLOTMENT OPTION, STABILIZING ACTIONS AND END OF STABILIZATION PERIOD",https://www1.hkexnews.hk/listedco/listconews/sehk/2025/0803/2025080300029.pdf,,2025-08-03 18:56:00,pdfs/06613/stabilization_0.pdf,True
02651,"Wuhan Dazhong Dental Medical Co., Ltd.",2025-07-09,prospectus,Listing Documents - [Offer for Subscription] - GLOBAL OFFERING,https://www1.hkexnews.hk/listedco/listconews/sehk/2025/0630/2025063000019.pdf,,2025-06-30 06:17:00,pdfs/02651/prospectus_0.pdf,True
02651,"Wuhan Dazhong Dental Medical Co., Ltd.",2025-07-09,allotment,Announcements and Notices - [Allotment Results] - ANNOUNCEMENT OF FINAL OFFER PRICE AND ALLOTMENT RESULTS,https://www1.hkexnews.hk/listedco/listconews/sehk/2025/0708/2025070801104.pdf,,2025-07-08 21:35:00,pdfs/02651/allotment_0.pdf,True
02651,"Wuhan Dazhong Dental Medical Co., Ltd.",2025-07-09,over_allotment_exercise,,,,,,False
02651,"Wuhan Dazhong Dental Medical Co., Ltd.",2025-07-09,stabilization,"Announcements and Notices - [Other - Miscellaneous] - END OF STABILIZATION PERIOD, NO STABILIZATION ACTIONS AND LAPSE OF OVER-ALLOTMENT OPTION",https://www1.hkexnews.hk/listedco/listconews/sehk/2025/0804/2025080401259.pdf,,2025-08-04 16:55:00,pdfs/02651/stabilization_0.pdf,True
09887,"Nanjing Leads Biolabs Co., Ltd.",2025-07-25,prospectus,Listing Documents - [Offer for Subscription] - GLOBAL OFFERING,https://www1.hkexnews.hk/listedco/listconews/sehk/2025/0717/2025071700005.pdf,,2025-07-17 06:15:00,pdfs/09887/prospectus_0.pdf,True
09887,"Nanjing Leads Biolabs Co., Ltd.",2025-07-25,allotment,Announcements and Notices - [Allotment Results] - ANNOUNCEMENT OF FINAL OFFER PRICE AND ALLOTMENT RESULTS,https://www1.hkexnews.hk/listedco/listconews/sehk/2025/0724/2025072401812.pdf,,2025-07-24 22:37:00,pdfs/09887/allotment_0.pdf,True
09887,"Nanjing Leads Biolabs Co., Ltd.",2025-07-25,over_allotment_exercise,Announcements and Notices - [Other - Miscellaneous] - FULL EXERCISE OF THE OVER-ALLOTMENT OPTION,https://www1.hkexnews.hk/listedco/listconews/sehk/2025/0807/2025080700061.pdf,,2025-08-07 07:31:00,pdfs/09887/over_allotment_exercise_0.pdf,True
09887,"Nanjing Leads Biolabs Co., Ltd.",2025-07-25,stabilization,Announcements and Notices - [Other - Miscellaneous] - STABILIZING ACTIONS AND END OF STABILIZATION PERIOD,https://www1.hkexnews.hk/listedco/listconews/sehk/2025/0821/2025082100862.pdf,,2025-08-21 18:34:00,pdfs/09887/stabilization_0.pdf,True
02627,"Ab&B Bio-Tech CO., LTD. JS",2025-08-11,prospectus,Listing Documents - [Offer for Subscription] - GLOBAL OFFERING,https://www1.hkexnews.hk/listedco/listconews/sehk/2025/0731/2025073100087.pdf,,2025-07-31 06:21:00,pdfs/02627/prospectus_0.pdf,True
02627,"Ab&B Bio-Tech CO., LTD. JS",2025-08-11,allotment,Announcements and Notices - [Allotment Results] - ANNOUNCEMENT OF FINAL OFFER PRICE AND ALLOTMENT RESULTS,https://www1.hkexnews.hk/listedco/listconews/sehk/2025/0808/2025080801368.pdf,,2025-08-08 21:15:00,pdfs/02627/allotment_0.pdf,True
02627,"Ab&B Bio-Tech CO., LTD. JS",2025-08-11,over_allotment_exercise,,,,,,False
02627,"Ab&B Bio-Tech CO., LTD. JS",2025-08-11,stabilization,,,,,,False
02591,"Guangzhou Innogen Pharmaceutical Group Co., Ltd.",2025-08-15,prospectus,Listing Documents - [Offer for Subscription] - GLOBAL OFFERING,https://www1.hkexnews.hk/listedco/listconews/sehk/2025/0807/2025080700013.pdf,,2025-08-07 06:13:00,pdfs/02591/prospectus_0.pdf,True
02591,"Guangzhou Innogen Pharmaceutical Group Co., Ltd.",2025-08-15,allotment,Announcements and Notices - [Allotment Results] - ANNOUNCEMENT OF ALLOTMENT RESULTS,https://www1.hkexnews.hk/listedco/listconews/sehk/2025/0814/2025081401622.pdf,,2025-08-14 22:22:00,pdfs/02591/allotment_0.pdf,True
02591,"Guangzhou Innogen Pharmaceutical Group Co., Ltd.",2025-08-15,over_allotment_exercise,,,,,,False
02591,"Guangzhou Innogen Pharmaceutical Group Co., Ltd.",2025-08-15,stabilization,,,,,,False
02631,"SICC CO., LTD.",2025-08-20,prospectus,Listing Documents - [Offer for Subscription] - GLOBAL OFFERING,https://www1.hkexnews.hk/listedco/listconews/sehk/2025/0811/2025081100005.pdf,,2025-08-11 06:14:00,pdfs/02631/prospectus_0.pdf,True
02631,"SICC CO., LTD.",2025-08-20,allotment,Announcements and Notices - [Allotment Results] - ANNOUNCEMENT OF FINAL OFFER PRICE AND ALLOTMENT RESULTS,https://www1.hkexnews.hk/listedco/listconews/sehk/2025/0819/2025081901728.pdf,,2025-08-19 22:40:00,pdfs/02631/allotment_0.pdf,True
02631,"SICC CO., LTD.",2025-08-20,over_allotment_exercise,,,,,,False
02631,"SICC CO., LTD.",2025-08-20,stabilization,"Announcements and Notices - [Other - Miscellaneous] - FULL EXERCISE OF THE OVER-ALLOTMENT OPTION, STABILIZING ACTIONS AND END OF STABILIZATION PERIOD",https://www1.hkexnews.hk/listedco/listconews/sehk/2025/0914/2025091400109.pdf,,2025-09-14 19:21:00,pdfs/02631/stabilization_0.pdf,True
06960,"SHUANGDENG GROUP CO., LTD.",2025-08-26,prospectus,Listing Documents - [Offer for Subscription] - GLOBAL OFFERING,https://www1.hkexnews.hk/listedco/listconews/sehk/2025/0818/2025081800011.pdf,,2025-08-18 06:12:00,pdfs/06960/prospectus_0.pdf,True
06960,"SHUANGDENG GROUP CO., LTD.",2025-08-26,allotment,Announcements and Notices - [Allotment Results] - ANNOUNCEMENT OF FINAL OFFER PRICE AND ALLOTMENT RESULTS,https://www1.hkexnews.hk/listedco/listconews/sehk/2025/0825/2025082502151.pdf,,2025-08-25 22:52:00,pdfs/06960/allotment_0.pdf,True
06960,"SHUANGDENG GROUP CO., LTD.",2025-08-26,over_allotment_exercise,,,,,,False
06960,"SHUANGDENG GROUP CO., LTD.",2025-08-26,stabilization,"Announcements and Notices - [Other - Miscellaneous] - FULL EXERCISE OF THE OVER-ALLOTMENT OPTION, STABILIZING ACTIONS AND THE END OF STABILIZATION PERIOD",https://www1.hkexnews.hk/listedco/listconews/sehk/2025/0921/2025092100013.pdf,,2025-09-21 18:13:00,pdfs/06960/stabilization_0.pdf,True
03858,Jiaxin International Resources Investment Limited,2025-08-28,prospectus,Listing Documents - [Offer for Subscription] - GLOBAL OFFERING,https://www1.hkexnews.hk/listedco/listconews/sehk/2025/0820/2025082000021.pdf,,2025-08-20 06:25:00,pdfs/03858/prospectus_0.pdf,True
03858,Jiaxin International Resources Investment Limited,2025-08-28,allotment,Announcements and Notices - [Allotment Results] - ANNOUNCEMENT OF ALLOTMENT RESULTS,https://www1.hkexnews.hk/listedco/listconews/sehk/2025/0827/2025082702293.pdf,,2025-08-27 22:50:00,pdfs/03858/allotment_0.pdf,True
03858,Jiaxin International Resources Investment Limited,2025-08-28,over_allotment_exercise,Announcements and Notices - [Other - Miscellaneous] - FULL EXERCISE OF THE OVER-ALLOTMENT OPTION,https://www1.hkexnews.hk/listedco/listconews/sehk/2025/0828/2025082802772.pdf,,2025-08-28 21:55:00,pdfs/03858/over_allotment_exercise_0.pdf,True
03858,Jiaxin International Resources Investment Limited,2025-08-28,stabilization,Announcements and Notices - [Other - Miscellaneous] - STABILIZING ACTIONS AND END OF STABILIZATION PERIOD,https://www1.hkexnews.hk/listedco/listconews/sehk/2025/0924/2025092401050.pdf,,2025-09-24 20:41:00,pdfs/03858/stabilization_0.pdf,True
02580,"AUX ELECTRIC CO., LTD.",2025-09-02,prospectus,Listing Documents - [Offer for Subscription] - GLOBAL OFFERING,https://www1.hkexnews.hk/listedco/listconews/sehk/2025/0825/2025082500011.pdf,,2025-08-25 06:16:00,pdfs/02580/prospectus_0.pdf,True
02580,"AUX ELECTRIC CO., LTD.",2025-09-02,prospectus,Listing Documents - [Offer for Subscription] - GLOBAL OFFERING,https://www1.hkexnews.hk/listedco/listconews/sehk/2025/0825/11807369/2025082500025.pdf,https://www1.hkexnews.hk/listedco/listconews/sehk/2025/0825/2025082500020.htm,2025-08-25 06:47:00,pdfs/02580/prospectus_1.pdf,True
02580,"AUX ELECTRIC CO., LTD.",2025-09-02,allotment,Announcements and Notices - [Allotment Results] - ANNOUNCEMENT OF FINAL OFFER PRICE AND ALLOTMENT RESULTS,https://www1.hkexnews.hk/listedco/listconews/sehk/2025/0901/2025090103683.pdf,,2025-09-01 22:34:00,pdfs/02580/allotment_0.pdf,True
02580,"AUX ELECTRIC CO., LTD.",2025-09-02,over_allotment_exercise,,,,,,False
02580,"AUX ELECTRIC CO., LTD.",2025-09-02,stabilization,"Announcements and Notices - [Other - Miscellaneous] - STABILIZING ACTIONS, END OF STABILIZATION PERIOD AND LAPSE OF THE OVER-ALLOTMENT OPTION",https://www1.hkexnews.hk/listedco/listconews/sehk/2025/0928/2025092800005.pdf,,2025-09-28 18:05:00,pdfs/02580/stabilization_0.pdf,True
02543,"DAHON TECH (SHENZHEN) CO., LTD.",2025-09-09,prospectus,Listing Documents - [Offer for Subscription] - GLOBAL OFFERING,https://www1.hkexnews.hk/listedco/listconews/sehk/2025/0901/2025090100007.pdf,,2025-09-01 06:10:00,pdfs/02543/prospectus_0.pdf,True
02543,"DAHON TECH (SHENZHEN) CO., LTD.",2025-09-09,allotment,Announcements and Notices - [Allotment Results] - ANNOUNCEMENT OF ALLOTMENT RESULTS,https://www1.hkexnews.hk/listedco/listconews/sehk/2025/0908/2025090801334.pdf,,2025-09-08 22:54:00,pdfs/02543/allotment_0.pdf,True
02543,"DAHON TECH (SHENZHEN) CO., LTD.",2025-09-09,over_allotment_exercise,,,,,,False
02543,"DAHON TECH (SHENZHEN) CO., LTD.",2025-09-09,stabilization,"Announcements and Notices - [Other - Miscellaneous] - PARTIAL EXERCISE OF THE OVER-ALLOTMENT OPTION, STABILIZING ACTIONS AND THE END OF STABILIZATION PERIOD",https://www1.hkexnews.hk/listedco/listconews/sehk/2025/1005/2025100500245.pdf,,2025-10-05 19:54:00,pdfs/02543/stabilization_0.pdf,True
02525,Hesai Group,2025-09-16,prospectus,Listing Documents - [Offer for Subscription] - GLOBAL OFFERING,https://www1.hkexnews.hk/listedco/listconews/sehk/2025/0908/2025090800017.pdf,,2025-09-08 06:22:00,pdfs/02525/prospectus_0.pdf,True
02525,Hesai Group,2025-09-16,allotment,Announcements and Notices - [Allotment Results] - ANNOUNCEMENT OF FINAL OFFER PRICE AND ALLOTMENT RESULTS,https://www1.hkexnews.hk/listedco/listconews/sehk/2025/0915/2025091501458.pdf,,2025-09-15 21:56:00,pdfs/02525/allotment_0.pdf,True
02525,Hesai Group,2025-09-16,over_allotment_exercise,Announcements and Notices - [Other - Miscellaneous] - FULL EXERCISE OF THE OVER-ALLOTMENT OPTION,https://www1.hkexnews.hk/listedco/listconews/sehk/2025/0916/2025091601478.pdf,,2025-09-16 22:33:00,pdfs/02525/over_allotment_exercise_0.pdf,True
02525,Hesai Group,2025-09-16,stabilization,Announcements and Notices - [Other - Miscellaneous] - STABILIZING ACTIONS AND END OF STABILIZATION PERIOD,https://www1.hkexnews.hk/listedco/listconews/sehk/2025/1012/2025101200001.pdf,,2025-10-12 18:02:00,pdfs/02525/stabilization_0.pdf,True
02656,160 Health International Limited,2025-09-17,prospectus,Listing Documents - [Offer for Subscription] - GLOBAL OFFERING,https://www1.hkexnews.hk/listedco/listconews/sehk/2025/0909/2025090900019.pdf,,2025-09-09 06:16:00,pdfs/02656/prospectus_0.pdf,True
02656,160 Health International Limited,2025-09-17,allotment,Announcements and Notices - [Allotment Results] - ANNOUNCEMENT OF FINAL OFFER PRICE AND ALLOTMENT RESULTS,https://www1.hkexnews.hk/listedco/listconews/sehk/2025/0916/2025091601472.pdf,,2025-09-16 22:31:00,pdfs/02656/allotment_0.pdf,True
02656,160 Health International Limited,2025-09-17,over_allotment_exercise,,,,,,False
02656,160 Health International Limited,2025-09-17,stabilization,,,,,,False
02595,GenFleet Therapeutics (Shanghai) Inc,2025-09-19,prospectus,Listing Documents - [Offer for Subscription] - GLOBAL OFFERING,https://www1.hkexnews.hk/listedco/listconews/sehk/2025/0911/2025091100031.pdf,,2025-09-11 06:59:00,pdfs/02595/prospectus_0.pdf,True
02595,GenFleet Therapeutics (Shanghai) Inc,2025-09-19,allotment,Announcements and Notices - [Allotment Results] - ANNOUNCEMENT OF ALLOTMENT RESULTS,https://www1.hkexnews.hk/listedco/listconews/sehk/2025/0918/2025091801757.pdf,,2025-09-18 22:45:00,pdfs/02595/allotment_0.pdf,True
02595,GenFleet Therapeutics (Shanghai) Inc,2025-09-19,over_allotment_exercise,,,,,,False
02595,GenFleet Therapeutics (Shanghai) Inc,2025-09-19,stabilization,"Announcements and Notices - [Other - Miscellaneous] - FULL EXERCISE OF THE OVER-ALLOTMENT OPTION, STABILIZING ACTIONS AND END OF STABILIZATION PERIOD",https://www1.hkexnews.hk/listedco/listconews/sehk/2025/1016/2025101601000.pdf,,2025-10-16 20:03:00,pdfs/02595/stabilization_0.pdf,True
06090,BUTONG GROUP,2025-09-23,prospectus,Listing Documents - [Offer for Subscription] - GLOBAL OFFERING,https://www1.hkexnews.hk/listedco/listconews/sehk/2025/0915/2025091500009.pdf,,2025-09-15 06:20:00,pdfs/06090/prospectus_0.pdf,True
06090,BUTONG GROUP,2025-09-23,allotment,Announcements and Notices - [Allotment Results] - ANNOUNCEMENT OF FINAL OFFER PRICE AND ALLOTMENT RESULTS,https://www1.hkexnews.hk/listedco/listconews/sehk/2025/0922/2025092201984.pdf,,2025-09-22 22:41:00,pdfs/06090/allotment_0.pdf,True
06090,BUTONG GROUP,2025-09-23,over_allotment_exercise,,,,,,False
06090,BUTONG GROUP,2025-09-23,stabilization,,,,,,False
09973,"Chery Automobile Co., Ltd.",2025-09-25,prospectus,Listing Documents - [Offer for Subscription] - GLOBAL OFFERING,https://www1.hkexnews.hk/listedco/listconews/sehk/2025/0917/2025091700013.pdf,,2025-09-17 06:29:00,pdfs/09973/prospectus_0.pdf,True
09973,"Chery Automobile Co., Ltd.",2025-09-25,allotment,Announcements and Notices - [Allotment Results] - ANNOUNCEMENT OF FINAL OFFER PRICE AND ALLOTMENT RESULTS,https://www1.hkexnews.hk/listedco/listconews/sehk/2025/0924/2025092401262.pdf,,2025-09-24 22:51:00,pdfs/09973/allotment_0.pdf,True
09973,"Chery Automobile Co., Ltd.",2025-09-25,over_allotment_exercise,,,,,,False
09973,"Chery Automobile Co., Ltd.",2025-09-25,stabilization,"Announcements and Notices - [Other - Miscellaneous] - PARTIAL EXERCISE OF THE OVER-ALLOTMENT OPTION, STABILIZING ACTIONS AND THE END OF STABILIZATION PERIOD",https://www1.hkexnews.hk/listedco/listconews/sehk/2025/1022/2025102201148.pdf,,2025-10-22 22:39:00,pdfs/09973/stabilization_0.pdf,True
02889,PATEO CONNECT Technology (Shanghai) Corporation,2025-09-30,prospectus,Listing Documents - [Offer for Subscription] - GLOBAL OFFERING,https://www1.hkexnews.hk/listedco/listconews/sehk/2025/0922/2025092200011.pdf,,2025-09-22 06:22:00,pdfs/02889/prospectus_0.pdf,True
02889,PATEO CONNECT Technology (Shanghai) Corporation,2025-09-30,allotment,Announcements and Notices - [Allotment Results] - ANNOUNCEMENT OF ALLOTMENT RESULTS,https://www1.hkexnews.hk/listedco/listconews/sehk/2025/0929/2025092903622.pdf,,2025-09-29 22:50:00,pdfs/02889/allotment_0.pdf,True
02889,PATEO CONNECT Technology (Shanghai) Corporation,2025-09-30,over_allotment_exercise,,,,,,False
02889,PATEO CONNECT Technology (Shanghai) Corporation,2025-09-30,stabilization,"Announcements and Notices - [Other - Miscellaneous] - END OF STABILIZATION PERIOD, NO STABILIZATION ACTIONS AND LAPSE OF OVER-ALLOTMENT OPTION",https://www1.hkexnews.hk/listedco/listconews/sehk/2025/1031/2025103102634.pdf,,2025-10-31 22:19:00,pdfs/02889/stabilization_0.pdf,True
02583,"Shenzhen Hiphine Precision Technology Co., Ltd.",2025-09-30,prospectus,Listing Documents - [Offer for Subscription] - GLOBAL OFFERING,https://www1.hkexnews.hk/listedco/listconews/sehk/2025/0919/2025091900019.pdf,,2025-09-19 06:08:00,pdfs/02583/prospectus_0.pdf,True
02583,"Shenzhen Hiphine Precision Technology Co., Ltd.",2025-09-30,allotment,Announcements and Notices - [Allotment Results] - ANNOUNCEMENT OF FINAL OFFER PRICE AND ALLOTMENT RESULTS,https://www1.hkexnews.hk/listedco/listconews/sehk/2025/0929/2025092902274.pdf,,2025-09-29 19:52:00,pdfs/02583/allotment_0.pdf,True
02583,"Shenzhen Hiphine Precision Technology Co., Ltd.",2025-09-30,over_allotment_exercise,,,,,,False
02583,"Shenzhen Hiphine Precision Technology Co., Ltd.",2025-09-30,stabilization,,,,,,False
02259,Zijin Gold International Company Limited,2025-09-30,prospectus,Listing Documents - [Offer for Subscription] - GLOBAL OFFERING,https://www1.hkexnews.hk/listedco/listconews/sehk/2025/0919/2025091900073.pdf,,2025-09-19 06:21:00,pdfs/02259/prospectus_0.pdf,True
02259,Zijin Gold International Company Limited,2025-09-30,allotment,Announcements and Notices - [Allotment Results] - ANNOUNCEMENT OF ALLOTMENT RESULTS,https://www1.hkexnews.hk/listedco/listconews/sehk/2025/0929/2025092903788.pdf,,2025-09-29 22:55:00,pdfs/02259/allotment_0.pdf,True
02259,Zijin Gold International Company Limited,2025-09-30,over_allotment_exercise,Announcements and Notices - [Other - Miscellaneous] - FULL EXERCISE OF THE OVER-ALLOTMENT OPTION,https://www1.hkexnews.hk/listedco/listconews/sehk/2025/1008/2025100802058.pdf,,2025-10-08 22:10:00,pdfs/02259/over_allotment_exercise_0.pdf,True
02259,Zijin Gold International Company Limited,2025-09-30,stabilization,Announcements and Notices - [Other - Miscellaneous] - STABILIZING ACTIONS AND END OF STABILIZATION PERIOD,https://www1.hkexnews.hk/listedco/listconews/sehk/2025/1026/2025102600001.pdf,,2025-10-26 18:01:00,pdfs/02259/stabilization_0.pdf,True
02652,"CF PharmTech, Inc.",2025-10-08,prospectus,Listing Documents - [Offer for Subscription] - GLOBAL OFFERING,https://www1.hkexnews.hk/listedco/listconews/sehk/2025/0926/2025092600041.pdf,,2025-09-26 06:25:00,pdfs/02652/prospectus_0.pdf,True
02652,"CF PharmTech, Inc.",2025-10-08,allotment,Announcements and Notices - [Allotment Results] - ANNOUNCEMENT OF ALLOTMENT RESULTS,https://www1.hkexnews.hk/listedco/listconews/sehk/2025/1006/2025100601430.pdf,,2025-10-06 22:50:00,pdfs/02652/allotment_0.pdf,True
02652,"CF PharmTech, Inc.",2025-10-08,over_allotment_exercise,,,,,,False
02652,"CF PharmTech, Inc.",2025-10-08,stabilization,,,,,,False
02650,"Shanghai Zhida Technology Development Co., Ltd.",2025-10-10,prospectus,Listing Documents - [Offer for Subscription] - GLOBAL OFFERING,https://www1.hkexnews.hk/listedco/listconews/sehk/2025/0930/2025093000033.pdf,,2025-09-30 06:21:00,pdfs/02650/prospectus_0.pdf,True
02650,"Shanghai Zhida Technology Development Co., Ltd.",2025-10-10,allotment,Announcements and Notices - [Allotment Results] - ANNOUNCEMENT OF FINAL OFFER PRICE AND ALLOTMENT RESULTS,https://www1.hkexnews.hk/listedco/listconews/sehk/2025/1009/2025100901252.pdf,,2025-10-09 22:31:00,pdfs/02650/allotment_0.pdf,True
02650,"Shanghai Zhida Technology Development Co., Ltd.",2025-10-10,over_allotment_exercise,,,,,,False
02650,"Shanghai Zhida Technology Development Co., Ltd.",2025-10-10,stabilization,"Announcements and Notices - [Other - Miscellaneous] - END OF STABILISATION PERIOD, NO STABILISATION ACTION AND LAPSE OF OVER-ALLOTMENT OPTION",https://www1.hkexnews.hk/listedco/listconews/sehk/2025/1105/2025110500584.pdf,,2025-11-05 16:30:00,pdfs/02650/stabilization_0.pdf,True
02575,"Xuanzhu Biopharmaceutical Co., Ltd.",2025-10-15,prospectus,Listing Documents - [Offer for Subscription] - GLOBAL OFFERING,https://www1.hkexnews.hk/listedco/listconews/sehk/2025/1006/2025100600007.pdf,,2025-10-06 06:14:00,pdfs/02575/prospectus_0.pdf,True
02575,"Xuanzhu Biopharmaceutical Co., Ltd.",2025-10-15,allotment,Announcements and Notices - [Allotment Results] - ANNOUNCEMENT OF ALLOTMENT RESULTS,https://www1.hkexnews.hk/listedco/listconews/sehk/2025/1014/2025101401222.pdf,,2025-10-14 21:28:00,pdfs/02575/allotment_0.pdf,True
02575,"Xuanzhu Biopharmaceutical Co., Ltd.",2025-10-15,over_allotment_exercise,,,,,,False
02575,"Xuanzhu Biopharmaceutical Co., Ltd.",2025-10-15,stabilization,,,,,,False
02670,"Beijing Yunji Technology Co., Ltd.",2025-10-16,prospectus,Listing Documents - [Offer for Subscription] - GLOBAL OFFERING,https://www1.hkexnews.hk/listedco/listconews/sehk/2025/1008/2025100800003.pdf,,2025-10-08 06:12:00,pdfs/02670/prospectus_0.pdf,True
02670,"Beijing Yunji Technology Co., Ltd.",2025-10-16,allotment,Announcements and Notices - [Allotment Results] - ANNOUNCEMENT OF ALLOTMENT RESULTS,https://www1.hkexnews.hk/listedco/listconews/sehk/2025/1015/2025101501398.pdf,,2025-10-15 22:37:00,pdfs/02670/allotment_0.pdf,True
02670,"Beijing Yunji Technology Co., Ltd.",2025-10-16,over_allotment_exercise,,,,,,False
02670,"Beijing Yunji Technology Co., Ltd.",2025-10-16,stabilization,"Announcements and Notices - [Other - Miscellaneous] - FULL EXERCISE OF THE OVER-ALLOTMENT OPTION, STABILIZING ACTIONS AND END OF STABILIZATION PERIOD",https://www1.hkexnews.hk/listedco/listconews/sehk/2025/1112/2025111201502.pdf,,2025-11-12 22:35:00,pdfs/02670/stabilization_0.pdf,True
02637,"Fujian Haixi Pharmaceuticals Co., Ltd.",2025-10-20,prospectus,Listing Documents - [Offer for Subscription] - GLOBAL OFFERING,https://www1.hkexnews.hk/listedco/listconews/sehk/2025/1009/2025100900041.pdf,,2025-10-09 06:34:00,pdfs/02637/prospectus_0.pdf,True
02637,"Fujian Haixi Pharmaceuticals Co., Ltd.",2025-10-20,allotment,Announcements and Notices - [Allotment Results] - ANNOUNCEMENT OF FINAL OFFER PRICE AND ALLOTMENT RESULTS,https://www1.hkexnews.hk/listedco/listconews/sehk/2025/1017/2025101701654.pdf,,2025-10-17 22:00:00,pdfs/02637/allotment_0.pdf,True
02637,"Fujian Haixi Pharmaceuticals Co., Ltd.",2025-10-20,over_allotment_exercise,,,,,,False
02637,"Fujian Haixi Pharmaceuticals Co., Ltd.",2025-10-20,stabilization,,,,,,False
06687,JST Group Corporation Limited,2025-10-21,prospectus,Listing Documents - [Offer for Subscription] - GLOBAL OFFERING,https://www1.hkexnews.hk/listedco/listconews/sehk/2025/1013/2025101300005.pdf,,2025-10-13 06:21:00,pdfs/06687/prospectus_0.pdf,True
06687,JST Group Corporation Limited,2025-10-21,allotment,Announcements and Notices - [Allotment Results] - ANNOUNCEMENT OF ALLOTMENT RESULTS,https://www1.hkexnews.hk/listedco/listconews/sehk/2025/1020/2025102001624.pdf,,2025-10-20 22:50:00,pdfs/06687/allotment_0.pdf,True
06687,JST Group Corporation Limited,2025-10-21,over_allotment_exercise,,,,,,False
06687,JST Group Corporation Limited,2025-10-21,stabilization,"Announcements and Notices - [Other - Miscellaneous] - FULL EXERCISE OF THE OVER-ALLOTMENT OPTION, STABILIZING ACTIONS AND THE END OF STABILIZATION PERIOD",https://www1.hkexnews.hk/listedco/listconews/sehk/2025/1116/2025111600017.pdf,,2025-11-16 18:08:00,pdfs/06687/stabilization_0.pdf,True
00638,Fibocom Wireless Inc.,2025-10-22,prospectus,Listing Documents - [Offer for Subscription] - GLOBAL OFFERING,https://www1.hkexnews.hk/listedco/listconews/sehk/2025/1014/2025101400007.pdf,,2025-10-14 06:09:00,pdfs/00638/prospectus_0.pdf,True
00638,Fibocom Wireless Inc.,2025-10-22,allotment,Announcements and Notices - [Allotment Results] - ANNOUNCEMENT OF FINAL OFFER PRICE AND ALLOTMENT RESULTS,https://www1.hkexnews.hk/listedco/listconews/sehk/2025/1021/2025102101036.pdf,,2025-10-21 22:35:00,pdfs/00638/allotment_0.pdf,True
00638,Fibocom Wireless Inc.,2025-10-22,over_allotment_exercise,,,,,,False
00638,Fibocom Wireless Inc.,2025-10-22,stabilization,"Announcements and Notices - [Other - Miscellaneous] - STABILIZING ACTIONS, END OF STABILIZATION PERIOD AND LAPSE OF THE OVER-ALLOTMENT OPTION",https://www1.hkexnews.hk/listedco/listconews/sehk/2025/1116/2025111600077.pdf,,2025-11-16 19:03:00,pdfs/00638/stabilization_0.pdf,True
06980,"Bama Tea Co., Ltd.",2025-10-28,prospectus,Listing Documents - [Offer for Subscription] - GLOBAL OFFERING,https://www1.hkexnews.hk/listedco/listconews/sehk/2025/1020/2025102000021.pdf,,2025-10-20 06:16:00,pdfs/06980/prospectus_0.pdf,True
06980,"Bama Tea Co., Ltd.",2025-10-28,allotment,Announcements and Notices - [Allotment Results] - Announcement of Final Offer Price and Allotment Results,https://www1.hkexnews.hk/listedco/listconews/sehk/2025/1027/2025102701732.pdf,,2025-10-27 22:49:00,pdfs/06980/allotment_0.pdf,True
06980,"Bama Tea Co., Ltd.",2025-10-28,over_allotment_exercise,,,,,,False
06980,"Bama Tea Co., Ltd.",2025-10-28,stabilization,,,,,,False
06166,"CIG SHANGHAI CO., LTD.",2025-10-28,prospectus,Listing Documents - [Offer for Subscription] - GLOBAL OFFERING,https://www1.hkexnews.hk/listedco/listconews/sehk/2025/1020/2025102000019.pdf,,2025-10-20 06:16:00,pdfs/06166/prospectus_0.pdf,True
06166,"CIG SHANGHAI CO., LTD.",2025-10-28,allotment,Announcements and Notices - [Allotment Results] - ANNOUNCEMENT OF FINAL OFFER PRICE AND ALLOTMENT RESULTS,https://www1.hkexnews.hk/listedco/listconews/sehk/2025/1027/2025102701698.pdf,,2025-10-27 22:32:00,pdfs/06166/allotment_0.pdf,True
06166,"CIG SHANGHAI CO., LTD.",2025-10-28,over_allotment_exercise,Announcements and Notices - [Other - Miscellaneous] - FULL EXERCISE OF THE OVER-ALLOTMENT OPTION,https://www1.hkexnews.hk/listedco/listconews/sehk/2025/1110/2025111001137.pdf,,2025-11-10 20:53:00,pdfs/06166/over_allotment_exercise_0.pdf,True
06166,"CIG SHANGHAI CO., LTD.",2025-10-28,stabilization,Announcements and Notices - [Other - Miscellaneous] - STABILIZING ACTIONS AND END OF STABILIZATION PERIOD,https://www1.hkexnews.hk/listedco/listconews/sehk/2025/1124/2025112401113.pdf,,2025-11-24 20:01:00,pdfs/06166/stabilization_0.pdf,True
01384,"Deepexi Technology Co., Ltd.",2025-10-28,prospectus,Listing Documents - [Offer for Subscription] - GLOBAL OFFERING,https://www1.hkexnews.hk/listedco/listconews/sehk/2025/1020/2025102000015.pdf,,2025-10-20 06:13:00,pdfs/01384/prospectus_0.pdf,True
01384,"Deepexi Technology Co., Ltd.",2025-10-28,allotment,Announcements and Notices - [Allotment Results] - ANNOUNCEMENT OF FINAL OFFER PRICE AND ALLOTMENT RESULTS,https://www1.hkexnews.hk/listedco/listconews/sehk/2025/1027/2025102701434.pdf,,2025-10-27 21:53:00,pdfs/01384/allotment_0.pdf,True
01384,"Deepexi Technology Co., Ltd.",2025-10-28,over_allotment_exercise,,,,,,False
01384,"Deepexi Technology Co., Ltd.",2025-10-28,stabilization,,,,,,False
06031,"SANY HEAVY INDUSTRY CO., LTD.",2025-10-28,prospectus,Listing Documents - [Offer for Subscription] - GLOBAL OFFERING,https://www1.hkexnews.hk/listedco/listconews/sehk/2025/1020/2025102000017.pdf,,2025-10-20 06:13:00,pdfs/06031/prospectus_0.pdf,True
06031,"SANY HEAVY INDUSTRY CO., LTD.",2025-10-28,allotment,Announcements and Notices - [Allotment Results] - ANNOUNCEMENT OF FINAL OFFER PRICE AND ALLOTMENT RESULTS,https://www1.hkexnews.hk/listedco/listconews/sehk/2025/1027/2025102701586.pdf,,2025-10-27 22:25:00,pdfs/06031/allotment_0.pdf,True
06031,"SANY HEAVY INDUSTRY CO., LTD.",2025-10-28,over_allotment_exercise,,,,,,False
06031,"SANY HEAVY INDUSTRY CO., LTD.",2025-10-28,stabilization,"Announcements and Notices - [Other - Miscellaneous] - PARTIAL EXERCISE OF THE OVER-ALLOTMENT OPTION, STABILIZING ACTIONS AND THE END OF STABILIZATION PERIOD",https://www1.hkexnews.hk/listedco/listconews/sehk/2025/1123/2025112300093.pdf,,2025-11-23 19:01:00,pdfs/06031/stabilization_0.pdf,True
02718,Mininglamp Technology,2025-11-03,prospectus,Listing Documents - [Offer for Subscription] - GLOBAL OFFERING,https://www1.hkexnews.hk/listedco/listconews/sehk/2025/1023/2025102300005.pdf,,2025-10-23 06:08:00,pdfs/02718/prospectus_0.pdf,True
02718,Mininglamp Technology,2025-11-03,allotment,Announcements and Notices - [Allotment Results] - ANNOUNCEMENT OF ALLOTMENT RESULTS,https://www1.hkexnews.hk/listedco/listconews/sehk/2025/1031/2025103103042.pdf,,2025-10-31 22:56:00,pdfs/02718/allotment_0.pdf,True
02718,Mininglamp Technology,2025-11-03,over_allotment_exercise,,,,,,False
02718,Mininglamp Technology,2025-11-03,stabilization,"Announcements and Notices - [Other - Miscellaneous] - FULL EXERCISE OF THE OVER-ALLOTMENT OPTION, STABILIZING ACTIONS AND END OF STABILIZATION PERIOD",https://www1.hkexnews.hk/listedco/listconews/sehk/2025/1127/2025112701372.pdf,,2025-11-27 19:59:00,pdfs/02718/stabilization_0.pdf,True
09927,"Seres Group Co., Ltd.",2025-11-05,prospectus,Listing Documents - [Offer for Subscription] - GLOBAL OFFERING,https://www1.hkexnews.hk/listedco/listconews/sehk/2025/1027/2025102700059.pdf,,2025-10-27 07:15:00,pdfs/09927/prospectus_0.pdf,True
09927,"Seres Group Co., Ltd.",2025-11-05,allotment,Announcements and Notices - [Allotment Results] - ANNOUNCEMENT OF ALLOTMENT RESULTS,https://www1.hkexnews.hk/listedco/listconews/sehk/2025/1104/2025110402282.pdf,,2025-11-04 22:49:00,pdfs/09927/allotment_0.pdf,True
09927,"Seres Group Co., Ltd.",2025-11-05,over_allotment_exercise,,,,,,False
09927,"Seres Group Co., Ltd.",2025-11-05,stabilization,"Announcements and Notices - [Other - Miscellaneous] - STABILIZING ACTIONS, END OF STABILIZATION PERIOD AND LAPSE OF THE OVER-ALLOTMENT OPTION",https://www1.hkexnews.hk/listedco/listconews/sehk/2025/1130/2025113000281.pdf,,2025-11-30 19:40:00,pdfs/09927/stabilization_0.pdf,True
02630,"Vigonvita Life Sciences Co., Ltd.",2025-11-06,prospectus,Listing Documents - [Offer for Subscription] - GLOBAL OFFERING,https://www1.hkexnews.hk/listedco/listconews/sehk/2025/1028/2025102800017.pdf,,2025-10-28 06:19:00,pdfs/02630/prospectus_0.pdf,True
02630,"Vigonvita Life Sciences Co., Ltd.",2025-11-06,allotment,Announcements and Notices - [Allotment Results] - ANNOUNCEMENT OF FINAL OFFER PRICE AND ALLOTMENT RESULTS,https://www1.hkexnews.hk/listedco/listconews/sehk/2025/1105/2025110502006.pdf,,2025-11-05 21:57:00,pdfs/02630/allotment_0.pdf,True
02630,"Vigonvita Life Sciences Co., Ltd.",2025-11-06,over_allotment_exercise,,,,,,False
02630,"Vigonvita Life Sciences Co., Ltd.",2025-11-06,stabilization,"Announcements and Notices - [Other - Miscellaneous] - END OF STABILIZATION PERIOD, NO STABILIZING ACTIONS AND LAPSE OF OVER-ALLOTMENT OPTION",https://www1.hkexnews.hk/listedco/listconews/sehk/2025/1203/2025120300845.pdf,,2025-12-03 16:37:00,pdfs/02630/stabilization_0.pdf,True
00800,WeRide Inc.,2025-11-06,prospectus,Listing Documents - [Offer for Subscription] - GLOBAL OFFERING,https://www1.hkexnews.hk/listedco/listconews/sehk/2025/1028/2025102800019.pdf,,2025-10-28 06:19:00,pdfs/00800/prospectus_0.pdf,True
00800,WeRide Inc.,2025-11-06,allotment,Announcements and Notices - [Allotment Results] - ANNOUNCEMENT OF FINAL OFFER PRICE AND ALLOTMENT RESULTS,https://www1.hkexnews.hk/listedco/listconews/sehk/2025/1105/2025110502014.pdf,,2025-11-05 22:02:00,pdfs/00800/allotment_0.pdf,True
00800,WeRide Inc.,2025-11-06,over_allotment_exercise,,,,,,False
00800,WeRide Inc.,2025-11-06,stabilization,"Announcements and Notices - [Other - Miscellaneous] - STABILIZING ACTIONS, END OF STABILIZATION PERIOD AND LAPSE OF THE OVER-ALLOTMENT OPTION",https://www1.hkexnews.hk/listedco/listconews/sehk/2025/1203/2025120301843.pdf,,2025-12-03 18:21:00,pdfs/00800/stabilization_0.pdf,True
00699,NINGBO JOYSON ELECTRONIC CORP.,2025-11-06,prospectus,Listing Documents - [Offer for Subscription] - GLOBAL OFFERING,https://www1.hkexnews.hk/listedco/listconews/sehk/2025/1028/2025102800057.pdf,,2025-10-28 07:10:00,pdfs/00699/prospectus_0.pdf,True
00699,NINGBO JOYSON ELECTRONIC CORP.,2025-11-06,allotment,Announcements and Notices - [Allotment Results] - ANNOUNCEMENT OF FINAL OFFER PRICE AND ALLOTMENT RESULTS,https://www1.hkexnews.hk/listedco/listconews/sehk/2025/1105/2025110502028.pdf,,2025-11-05 22:20:00,pdfs/00699/allotment_0.pdf,True
00699,NINGBO JOYSON ELECTRONIC CORP.,2025-11-06,over_allotment_exercise,,,,,,False
00699,NINGBO JOYSON ELECTRONIC CORP.,2025-11-06,stabilization,"Announcements and Notices - [Other - Miscellaneous] - END OF STABILIZATION PERIOD, STABILIZING ACTIONS AND LAPSE OF OVER-ALLOTMENT OPTION",https://www1.hkexnews.hk/listedco/listconews/sehk/2025/1204/2025120402068.pdf,,2025-12-04 18:55:00,pdfs/00699/stabilization_0.pdf,True
02026,Pony AI Inc.,2025-11-06,prospectus,Listing Documents - [Offer for Subscription] - GLOBAL OFFERING,https://www1.hkexnews.hk/listedco/listconews/sehk/2025/1028/2025102800087.pdf,,2025-10-28 07:13:00,pdfs/02026/prospectus_0.pdf,True
02026,Pony AI Inc.,2025-11-06,allotment,Announcements and Notices - [Allotment Results] - ANNOUNCEMENT OF ALLOTMENT RESULTS,https://www1.hkexnews.hk/listedco/listconews/sehk/2025/1105/2025110502018.pdf,,2025-11-05 22:10:00,pdfs/02026/allotment_0.pdf,True
02026,Pony AI Inc.,2025-11-06,over_allotment_exercise,,,,,,False
02026,Pony AI Inc.,2025-11-06,stabilization,"Announcements and Notices - [Other - Miscellaneous] - STABILIZING ACTIONS, END OF STABILIZATION PERIOD AND LAPSE OF THE OVER-ALLOTMENT OPTION",https://www1.hkexnews.hk/listedco/listconews/sehk/2025/1203/2025120302148.pdf,,2025-12-03 20:00:00,pdfs/02026/stabilization_0.pdf,True
02698,Softcare Limited,2025-11-10,prospectus,Listing Documents - [Offer for Subscription] - GLOBAL OFFERING,https://www1.hkexnews.hk/listedco/listconews/sehk/2025/1031/2025103100021.pdf,,2025-10-31 06:22:00,pdfs/02698/prospectus_0.pdf,True
02698,Softcare Limited,2025-11-10,allotment,Announcements and Notices - [Allotment Results] - ANNOUNCEMENT OF FINAL OFFER PRICE AND ALLOTMENT RESULTS,https://www1.hkexnews.hk/listedco/listconews/sehk/2025/1107/2025110701708.pdf,,2025-11-07 22:35:00,pdfs/02698/allotment_0.pdf,True
02698,Softcare Limited,2025-11-10,over_allotment_exercise,,,,,,False
02698,Softcare Limited,2025-11-10,stabilization,"Announcements and Notices - [Other - Miscellaneous] - FULL EXERCISE OF THE OVER-ALLOTMENT OPTION, STABILIZING ACTIONS AND THE END OF STABILIZATION PERIOD",https://www1.hkexnews.hk/listedco/listconews/sehk/2025/1205/2025120501683.pdf,,2025-12-05 21:34:00,pdfs/02698/stabilization_0.pdf,True
02579,"CNGR Advanced Material Co., Ltd.",2025-11-17,prospectus,Listing Documents - [Offer for Subscription] - GLOBAL OFFERING,https://www1.hkexnews.hk/listedco/listconews/sehk/2025/1107/2025110700019.pdf,,2025-11-07 06:25:00,pdfs/02579/prospectus_0.pdf,True
02579,"CNGR Advanced Material Co., Ltd.",2025-11-17,prospectus,Listing Documents - [Offer for Subscription] - GLOBAL OFFERING,https://www1.hkexnews.hk/listedco/listconews/sehk/2025/1107/11908959/2025110700063.pdf,https://www1.hkexnews.hk/listedco/listconews/sehk/2025/1107/2025110700058.htm,2025-11-07 06:46:00,pdfs/02579/prospectus_1.pdf,True
02579,"CNGR Advanced Material Co., Ltd.",2025-11-17,allotment,Announcements and Notices - [Allotment Results] - ANNOUNCEMENT OF FINAL OFFER PRICE AND ALLOTMENT RESULTS,https://www1.hkexnews.hk/listedco/listconews/sehk/2025/1116/2025111600003.pdf,,2025-11-16 18:02:00,pdfs/02579/allotment_0.pdf,True
02579,"CNGR Advanced Material Co., Ltd.",2025-11-17,over_allotment_exercise,,,,,,False
02579,"CNGR Advanced Material Co., Ltd.",2025-11-17,stabilization,"Announcements and Notices - [Other - Miscellaneous] - STABILIZING ACTIONS, END OF STABILIZATION PERIOD AND LAPSE OF THE OVER-ALLOTMENT OPTION",https://www1.hkexnews.hk/listedco/listconews/sehk/2025/1212/2025121200406.pdf,,2025-12-12 16:31:00,pdfs/02579/stabilization_0.pdf,True
02788,Chuangxin Industries Holdings Limited,2025-11-24,prospectus,Listing Documents - [Offer for Subscription] - GLOBAL OFFERING,https://www1.hkexnews.hk/listedco/listconews/sehk/2025/1114/2025111400009.pdf,,2025-11-14 06:15:00,pdfs/02788/prospectus_0.pdf,True
02788,Chuangxin Industries Holdings Limited,2025-11-24,allotment,Announcements and Notices - [Allotment Results] - ANNOUNCEMENT OF FINAL OFFER PRICE AND ALLOTMENT RESULTS,https://www1.hkexnews.hk/listedco/listconews/sehk/2025/1121/2025112101421.pdf,,2025-11-21 22:14:00,pdfs/02788/allotment_0.pdf,True
02788,Chuangxin Industries Holdings Limited,2025-11-24,over_allotment_exercise,Announcements and Notices - [Other - Miscellaneous] - FULL EXERCISE OF THE OVER-ALLOTMENT OPTION,https://www1.hkexnews.hk/listedco/listconews/sehk/2025/1202/2025120202722.pdf,,2025-12-02 21:13:00,pdfs/02788/over_allotment_exercise_0.pdf,True
02788,Chuangxin Industries Holdings Limited,2025-11-24,stabilization,Announcements and Notices - [Other - Miscellaneous] - STABILIZING ACTIONS AND END OF STABILIZATION PERIOD,https://www1.hkexnews.hk/listedco/listconews/sehk/2025/1219/2025121901467.pdf,,2025-12-19 20:12:00,pdfs/02788/stabilization_0.pdf,True
02685,Quantgroup Holding Limited,2025-11-27,prospectus,Listing Documents - [Offer for Subscription] - GLOBAL OFFERING,https://www1.hkexnews.hk/listedco/listconews/sehk/2025/1119/2025111900009.pdf,,2025-11-19 06:14:00,pdfs/02685/prospectus_0.pdf,True
02685,Quantgroup Holding Limited,2025-11-27,allotment,Announcements and Notices - [Allotment Results] - ANNOUNCEMENT OF FINAL OFFER PRICE AND ALLOTMENT RESULTS,https://www1.hkexnews.hk/listedco/listconews/sehk/2025/1126/2025112601522.pdf,,2025-11-26 22:22:00,pdfs/02685/allotment_0.pdf,True
02685,Quantgroup Holding Limited,2025-11-27,over_allotment_exercise,,,,,,False
02685,Quantgroup Holding Limited,2025-11-27,stabilization,"Announcements and Notices - [Other - Miscellaneous] - PARTIAL EXERCISE OF THE OVER-ALLOTMENT OPTION, STABILIZING ACTIONS AND END OF STABILIZATION PERIOD",https://www1.hkexnews.hk/listedco/listconews/sehk/2025/1224/2025122401992.pdf,,2025-12-24 22:35:00,pdfs/02685/stabilization_0.pdf,True
09609,"Hebei Haiwei Electronic New Material Technology Co., Ltd.",2025-11-28,prospectus,Listing Documents - [Offer for Subscription] - GLOBAL OFFERING,https://www1.hkexnews.hk/listedco/listconews/sehk/2025/1120/2025112000009.pdf,,2025-11-20 06:07:00,pdfs/09609/prospectus_0.pdf,True
09609,"Hebei Haiwei Electronic New Material Technology Co., Ltd.",2025-11-28,allotment,Announcements and Notices - [Allotment Results] - ANNOUNCEMENT OF ALLOTMENT RESULTS,https://www1.hkexnews.hk/listedco/listconews/sehk/2025/1127/2025112701630.pdf,,2025-11-27 21:41:00,pdfs/09609/allotment_0.pdf,True
09609,"Hebei Haiwei Electronic New Material Technology Co., Ltd.",2025-11-28,over_allotment_exercise,,,,,,False
09609,"Hebei Haiwei Electronic New Material Technology Co., Ltd.",2025-11-28,stabilization,"Announcements and Notices - [Other - Miscellaneous] - PARTIAL EXERCISE OF THE OVER-ALLOTMENT OPTION,STABILIZING ACTIONS AND END OF STABILIZATION PERIOD",https://www1.hkexnews.hk/listedco/listconews/sehk/2025/1228/2025122800169.pdf,,2025-12-28 18:41:00,pdfs/09609/stabilization_0.pdf,True
02693,"ANHUI JINYAN KAOLIN NEW MATERIALS CO., LTD.",2025-12-03,prospectus,Listing Documents - [Offer for Subscription] - GLOBAL OFFERING,https://www1.hkexnews.hk/listedco/listconews/sehk/2025/1125/2025112500049.pdf,,2025-11-25 06:20:00,pdfs/02693/prospectus_0.pdf,True
02693,"ANHUI JINYAN KAOLIN NEW MATERIALS CO., LTD.",2025-12-03,allotment,Announcements and Notices - [Allotment Results] - ANNOUNCEMENT OF FINAL OFFER PRICE AND ALLOTMENT RESULTS,https://www1.hkexnews.hk/listedco/listconews/sehk/2025/1202/2025120202632.pdf,,2025-12-02 20:45:00,pdfs/02693/allotment_0.pdf,True
02693,"ANHUI JINYAN KAOLIN NEW MATERIALS CO., LTD.",2025-12-03,over_allotment_exercise,,,,,,False
02693,"ANHUI JINYAN KAOLIN NEW MATERIALS CO., LTD.",2025-12-03,stabilization,"Announcements and Notices - [Other - Miscellaneous] - END OF STABILISATION PERIOD, STABILIZING ACTIONS AND LAPSE OF OVER-ALLOTMENT OPTION",https://www1.hkexnews.hk/listedco/listconews/sehk/2025/1228/2025122800123.pdf,,2025-12-28 18:23:00,pdfs/02693/stabilization_0.pdf,True
02539,"Lemo Services Co., Ltd",2025-12-03,prospectus,Listing Documents - [Offer for Subscription] - GLOBAL OFFERING,https://www1.hkexnews.hk/listedco/listconews/sehk/2025/1125/2025112500051.pdf,,2025-11-25 06:22:00,pdfs/02539/prospectus_0.pdf,True
02539,"Lemo Services Co., Ltd",2025-12-03,allotment,Announcements and Notices - [Allotment Results] - ANNOUNCEMENT OF FINAL OFFER PRICE AND ALLOTMENT RESULTS,https://www1.hkexnews.hk/listedco/listconews/sehk/2025/1202/2025120202454.pdf,,2025-12-02 19:46:00,pdfs/02539/allotment_0.pdf,True
02539,"Lemo Services Co., Ltd",2025-12-03,over_allotment_exercise,,,,,,False
02539,"Lemo Services Co., Ltd",2025-12-03,stabilization,,,,,,False
02408,"Guangzhou Xiao Noodles Catering Management Co., Ltd.",2025-12-05,prospectus,Listing Documents - [Offer for Subscription] - GLOBAL OFFERING,https://www1.hkexnews.hk/listedco/listconews/sehk/2025/1127/2025112700009.pdf,,2025-11-27 06:12:00,pdfs/02408/prospectus_0.pdf,True
02408,"Guangzhou Xiao Noodles Catering Management Co., Ltd.",2025-12-05,allotment,Announcements and Notices - [Allotment Results] - ANNOUNCEMENT OF FINAL OFFER PRICE AND ALLOTMENT RESULTS,https://www1.hkexnews.hk/listedco/listconews/sehk/2025/1204/2025120402156.pdf,,2025-12-04 19:43:00,pdfs/02408/allotment_0.pdf,True
02408,"Guangzhou Xiao Noodles Catering Management Co., Ltd.",2025-12-05,over_allotment_exercise,,,,,,False
02408,"Guangzhou Xiao Noodles Catering Management Co., Ltd.",2025-12-05,stabilization,"Announcements and Notices - [Other - Miscellaneous] - END OF STABILIZATION PERIOD, STABILIZING ACTIONS AND LAPSE OF OVER-ALLOTMENT OPTION",https://www1.hkexnews.hk/listedco/listconews/sehk/2026/0101/2026010100007.pdf,,2026-01-01 18:03:00,pdfs/02408/stabilization_0.pdf,True
02658,"Guangdong Tianyu Semiconductor Co., Ltd.",2025-12-05,prospectus,Listing Documents - [Offer for Subscription] - GLOBAL OFFERING,https://www1.hkexnews.hk/listedco/listconews/sehk/2025/1127/2025112700013.pdf,,2025-11-27 06:14:00,pdfs/02658/prospectus_0.pdf,True
02658,"Guangdong Tianyu Semiconductor Co., Ltd.",2025-12-05,allotment,Announcements and Notices - [Allotment Results] - ANNOUNCEMENT OF ALLOTMENT RESULTS,https://www1.hkexnews.hk/listedco/listconews/sehk/2025/1204/2025120402598.pdf,,2025-12-04 22:49:00,pdfs/02658/allotment_0.pdf,True
02658,"Guangdong Tianyu Semiconductor Co., Ltd.",2025-12-05,over_allotment_exercise,,,,,,False
02658,"Guangdong Tianyu Semiconductor Co., Ltd.",2025-12-05,stabilization,"Announcements and Notices - [Other - Miscellaneous] - END OF STABILIZATION PERIOD, NO STABILIZATION ACTION AND LAPSE OF OVER-ALLOTMENT OPTION",https://www1.hkexnews.hk/listedco/listconews/sehk/2026/0101/2026010100003.pdf,,2026-01-01 18:03:00,pdfs/02658/stabilization_0.pdf,True
02676,"Suzhou Novosense Microelectronics Co., Ltd.",2025-12-08,prospectus,Listing Documents - [Offer for Subscription] - GLOBAL OFFERING,https://www1.hkexnews.hk/listedco/listconews/sehk/2025/1128/2025112800015.pdf,,2025-11-28 06:16:00,pdfs/02676/prospectus_0.pdf,True
02676,"Suzhou Novosense Microelectronics Co., Ltd.",2025-12-08,allotment,Announcements and Notices - [Allotment Results] - ANNOUNCEMENT OF FINAL OFFER PRICE AND ALLOTMENT RESULTS,https://www1.hkexnews.hk/listedco/listconews/sehk/2025/1205/2025120501747.pdf,,2025-12-05 22:00:00,pdfs/02676/allotment_0.pdf,True
02676,"Suzhou Novosense Microelectronics Co., Ltd.",2025-12-08,over_allotment_exercise,,,,,,False
02676,"Suzhou Novosense Microelectronics Co., Ltd.",2025-12-08,stabilization,"Announcements and Notices - [Other - Miscellaneous] - PARTIAL EXERCISE OF THE OVER-ALLOTMENT OPTION, STABILIZING ACTIONS AND END OF STABILIZATION PERIOD",https://www1.hkexnews.hk/listedco/listconews/sehk/2026/0102/2026010203002.pdf,,2026-01-02 21:32:00,pdfs/02676/stabilization_0.pdf,True
02687,"SHANGHAI ABLE DIGITAL SCIENCE&TECH CO., LTD.",2025-12-08,prospectus,Listing Documents - [Offer for Subscription] - GLOBAL OFFERING,https://www1.hkexnews.hk/listedco/listconews/sehk/2025/1128/2025112800005.pdf,,2025-11-28 06:06:00,pdfs/02687/prospectus_0.pdf,True
02687,"SHANGHAI ABLE DIGITAL SCIENCE&TECH CO., LTD.",2025-12-08,allotment,Announcements and Notices - [Allotment Results] - ANNOUNCEMENT OF FINAL OFFER PRICE AND ALLOTMENT RESULTS,https://www1.hkexnews.hk/listedco/listconews/sehk/2025/1205/2025120501787.pdf,,2025-12-05 22:10:00,pdfs/02687/allotment_0.pdf,True
02687,"SHANGHAI ABLE DIGITAL SCIENCE&TECH CO., LTD.",2025-12-08,over_allotment_exercise,,,,,,False
02687,"SHANGHAI ABLE DIGITAL SCIENCE&TECH CO., LTD.",2025-12-08,stabilization,,,,,,False
02659,"Shanghai Bao Pharmaceuticals Co., Ltd.",2025-12-10,prospectus,Listing Documents - [Offer for Subscription] - GLOBAL OFFERING,https://www1.hkexnews.hk/listedco/listconews/sehk/2025/1202/2025120200034.pdf,,2025-12-02 06:18:00,pdfs/02659/prospectus_0.pdf,True
02659,"Shanghai Bao Pharmaceuticals Co., Ltd.",2025-12-10,allotment,Announcements and Notices - [Allotment Results] - ANNOUNCEMENT OF FINAL OFFER PRICE AND ALLOTMENT RESULTS,https://www1.hkexnews.hk/listedco/listconews/sehk/2025/1209/2025120901444.pdf,,2025-12-09 22:01:00,pdfs/02659/allotment_0.pdf,True
02659,"Shanghai Bao Pharmaceuticals Co., Ltd.",2025-12-10,over_allotment_exercise,,,,,,False
02659,"Shanghai Bao Pharmaceuticals Co., Ltd.",2025-12-10,stabilization,,,,,,False
07618,"JINGDONG Industrials, Inc.",2025-12-11,prospectus,Listing Documents - [Offer for Subscription] - GLOBAL OFFERING,https://www1.hkexnews.hk/listedco/listconews/sehk/2025/1203/11940574/2025120300020.pdf,https://www1.hkexnews.hk/listedco/listconews/sehk/2025/1203/2025120300015.htm,2025-12-03 06:47:00,pdfs/07618/prospectus_0.pdf,True
07618,"JINGDONG Industrials, Inc.",2025-12-11,prospectus,Listing Documents - [Offer for Subscription] - GLOBAL OFFERING,https://www1.hkexnews.hk/listedco/listconews/sehk/2025/1203/2025120300086.pdf,,2025-12-03 06:57:00,pdfs/07618/prospectus_1.pdf,True
07618,"JINGDONG Industrials, Inc.",2025-12-11,allotment,Announcements and Notices - [Allotment Results] - ANNOUNCEMENT OF FINAL OFFER PRICE AND ALLOTMENT RESULTS,https://www1.hkexnews.hk/listedco/listconews/sehk/2025/1210/2025121001474.pdf,,2025-12-10 22:29:00,pdfs/07618/allotment_0.pdf,True
07618,"JINGDONG Industrials, Inc.",2025-12-11,over_allotment_exercise,,,,,,False
07618,"JINGDONG Industrials, Inc.",2025-12-11,stabilization,"Announcements and Notices - [Other - Miscellaneous] - PARTIAL EXERCISE OF THE OVER-ALLOTMENT OPTION, STABILIZING ACTIONS AND END OF STABILIZATION PERIOD",https://www1.hkexnews.hk/listedco/listconews/sehk/2026/0107/2026010701764.pdf,,2026-01-07 21:07:00,pdfs/07618/stabilization_0.pdf,True
02655,"Guoxia Technology Co., Ltd.",2025-12-16,prospectus,Listing Documents - [Offer for Subscription] - GLOBAL OFFERING,https://www1.hkexnews.hk/listedco/listconews/sehk/2025/1208/2025120800011.pdf,,2025-12-08 06:08:00,pdfs/02655/prospectus_0.pdf,True
02655,"Guoxia Technology Co., Ltd.",2025-12-16,allotment,Announcements and Notices - [Allotment Results] - ANNOUNCEMENT OF FINAL OFFER PRICE AND ALLOTMENT RESULTS,https://www1.hkexnews.hk/listedco/listconews/sehk/2025/1215/2025121501608.pdf,,2025-12-15 22:00:00,pdfs/02655/allotment_0.pdf,True
02655,"Guoxia Technology Co., Ltd.",2025-12-16,over_allotment_exercise,,,,,,False
02655,"Guoxia Technology Co., Ltd.",2025-12-16,stabilization,"Announcements and Notices - [Other - Miscellaneous] - FULL EXERCISE OF THE OVER-ALLOTMENT OPTION, STABILIZING ACTIONS AND END OF STABILIZATION PERIOD",https://www1.hkexnews.hk/listedco/listconews/sehk/2026/0109/2026010901587.pdf,,2026-01-09 22:56:00,pdfs/02655/stabilization_0.pdf,True
03887,HashKey Holdings Limited,2025-12-17,prospectus,Listing Documents - [Offer for Subscription] - GLOBAL OFFERING,https://www1.hkexnews.hk/listedco/listconews/sehk/2025/1209/2025120900025.pdf,,2025-12-09 06:20:00,pdfs/03887/prospectus_0.pdf,True
03887,HashKey Holdings Limited,2025-12-17,allotment,Announcements and Notices - [Allotment Results] - ANNOUNCEMENT OF FINAL OFFER PRICE AND ALLOTMENT RESULTS,https://www1.hkexnews.hk/listedco/listconews/sehk/2025/1216/2025121601390.pdf,,2025-12-16 22:38:00,pdfs/03887/allotment_0.pdf,True
03887,HashKey Holdings Limited,2025-12-17,over_allotment_exercise,,,,,,False
03887,HashKey Holdings Limited,2025-12-17,stabilization,"Announcements and Notices - [Other - Miscellaneous] - PARTIAL EXERCISE OF THE OVER-ALLOTMENT OPTION, STABILIZING ACTIONS AND END OF STABILIZATION PERIOD",https://www1.hkexnews.hk/listedco/listconews/sehk/2026/0112/2026011200057.pdf,,2026-01-12 08:00:00,pdfs/03887/stabilization_0.pdf,True
03881,CiDi Inc.,2025-12-19,prospectus,Listing Documents - [Offer for Subscription] - GLOBAL OFFERING,https://www1.hkexnews.hk/listedco/listconews/sehk/2025/1211/2025121100007.pdf,,2025-12-11 06:24:00,pdfs/03881/prospectus_0.pdf,True
03881,CiDi Inc.,2025-12-19,allotment,Announcements and Notices - [Allotment Results] - ANNOUNCEMENT OF FINAL OFFER PRICE AND ALLOTMENT RESULTS,https://www1.hkexnews.hk/listedco/listconews/sehk/2025/1218/2025121801904.pdf,,2025-12-18 22:58:00,pdfs/03881/allotment_0.pdf,True
03881,CiDi Inc.,2025-12-19,over_allotment_exercise,,,,,,False
03881,CiDi Inc.,2025-12-19,stabilization,"Announcements and Notices - [Other - Miscellaneous] - STABILIZING ACTIONS, END OF STABILIZATION PERIOD AND LAPSE OF THE OVER-ALLOTMENT OPTION",https://www1.hkexnews.hk/listedco/listconews/sehk/2026/0116/2026011600161.pdf,,2026-01-27 20:54:00,pdfs/03881/stabilization_0.pdf,True
02546,"Xizang Zhihui Mining Co., Ltd.",2025-12-19,prospectus,Listing Documents - [Offer for Subscription] - GLOBAL OFFERING,https://www1.hkexnews.hk/listedco/listconews/sehk/2025/1211/2025121100043.pdf,,2025-12-11 07:13:00,pdfs/02546/prospectus_0.pdf,True
02546,"Xizang Zhihui Mining Co., Ltd.",2025-12-19,allotment,Announcements and Notices - [Allotment Results] - ANNOUNCEMENT OF FINAL OFFER PRICE AND ALLOTMENT RESULTS,https://www1.hkexnews.hk/listedco/listconews/sehk/2025/1218/2025121801566.pdf,,2025-12-18 20:40:00,pdfs/02546/allotment_0.pdf,True
02546,"Xizang Zhihui Mining Co., Ltd.",2025-12-19,over_allotment_exercise,,,,,,False
02546,"Xizang Zhihui Mining Co., Ltd.",2025-12-19,stabilization,,,,,,False
02695,"Impression Dahongpao Co., Ltd.",2025-12-22,prospectus,Listing Documents - [Offer for Subscription] - GLOBAL OFFERING,https://www1.hkexnews.hk/listedco/listconews/sehk/2025/1212/2025121200055.pdf,,2025-12-12 06:15:00,pdfs/02695/prospectus_0.pdf,True
02695,"Impression Dahongpao Co., Ltd.",2025-12-22,allotment,Announcements and Notices - [Allotment Results] - ANNOUNCEMENT OF FINAL OFFER PRICE AND ALLOTMENT RESULTS,https://www1.hkexnews.hk/listedco/listconews/sehk/2025/1219/2025121901141.pdf,,2025-12-19 18:41:00,pdfs/02695/allotment_0.pdf,True
02695,"Impression Dahongpao Co., Ltd.",2025-12-22,over_allotment_exercise,,,,,,False
02695,"Impression Dahongpao Co., Ltd.",2025-12-22,stabilization,,,,,,False
02691,"Nanhua Futures Co., Ltd.",2025-12-22,prospectus,Listing Documents - [Offer for Subscription] - GLOBAL OFFERING,https://www1.hkexnews.hk/listedco/listconews/sehk/2025/1212/2025121200021.pdf,,2025-12-12 06:10:00,pdfs/02691/prospectus_0.pdf,True
02691,"Nanhua Futures Co., Ltd.",2025-12-22,allotment,Announcements and Notices - [Allotment Results] - ANNOUNCEMENT OF FINAL OFFER PRICE AND ALLOTMENT RESULTS,https://www1.hkexnews.hk/listedco/listconews/sehk/2025/1219/2025121902017.pdf,,2025-12-19 21:51:00,pdfs/02691/allotment_0.pdf,True
02691,"Nanhua Futures Co., Ltd.",2025-12-22,over_allotment_exercise,,,,,,False
02691,"Nanhua Futures Co., Ltd.",2025-12-22,stabilization,"Announcements and Notices - [Other - Miscellaneous] - END OF STABILISATION PERIOD, NO STABILISATION ACTIONS AND LAPSE OF OVER-ALLOTMENT OPTION",https://www1.hkexnews.hk/listedco/listconews/sehk/2026/0116/2026011600262.pdf,,2026-01-16 16:30:00,pdfs/02691/stabilization_0.pdf,True
02396,B&K CORPORATION LIMITED,2025-12-22,prospectus,Listing Documents - [Offer for Subscription] - GLOBAL OFFERING,https://www1.hkexnews.hk/listedco/listconews/sehk/2025/1212/2025121200081.pdf,,2025-12-12 06:21:00,pdfs/02396/prospectus_0.pdf,True
02396,B&K CORPORATION LIMITED,2025-12-22,allotment,Announcements and Notices - [Allotment Results] - ANNOUNCEMENT OF FINAL OFFER PRICE AND ALLOTMENT RESULTS,https://www1.hkexnews.hk/listedco/listconews/sehk/2025/1219/2025121901577.pdf,,2025-12-19 21:07:00,pdfs/02396/allotment_0.pdf,True
02396,B&K CORPORATION LIMITED,2025-12-22,over_allotment_exercise,,,,,,False
02396,B&K CORPORATION LIMITED,2025-12-22,stabilization,"Announcements and Notices - [Other - Miscellaneous] - END OF STABILIZATION PERIOD, NO STABILIZATION ACTIONS AND LAPSE OF OVER-ALLOTMENT OPTION",https://www1.hkexnews.hk/listedco/listconews/sehk/2026/0118/2026011800013.pdf,,2026-01-18 18:12:00,pdfs/02396/stabilization_0.pdf,True
02581,BenQ BM Holding Cayman Corp.,2025-12-22,prospectus,Listing Documents - [Offer for Subscription] - GLOBAL OFFERING,https://www1.hkexnews.hk/listedco/listconews/sehk/2025/1212/2025121200057.pdf,,2025-12-12 06:15:00,pdfs/02581/prospectus_0.pdf,True
02581,BenQ BM Holding Cayman Corp.,2025-12-22,allotment,Announcements and Notices - [Allotment Results] - ANNOUNCEMENT OF FINAL OFFER PRICE AND ALLOTMENT RESULTS,https://www1.hkexnews.hk/listedco/listconews/sehk/2025/1219/2025121901603.pdf,,2025-12-19 21:24:00,pdfs/02581/allotment_0.pdf,True
02581,BenQ BM Holding Cayman Corp.,2025-12-22,over_allotment_exercise,,,,,,False
02581,BenQ BM Holding Cayman Corp.,2025-12-22,stabilization,,,,,,False
03378,"Hanx Biopharmaceuticals (Wuhan) Co., Ltd.",2025-12-23,prospectus,Listing Documents - [Offer for Subscription] - GLOBAL OFFERING,https://www1.hkexnews.hk/listedco/listconews/sehk/2025/1215/2025121500027.pdf,,2025-12-15 06:19:00,pdfs/03378/prospectus_0.pdf,True
03378,"Hanx Biopharmaceuticals (Wuhan) Co., Ltd.",2025-12-23,allotment,Announcements and Notices - [Allotment Results] - ANNOUNCEMENT OF FINAL OFFER PRICE AND ALLOTMENT RESULTS,https://www1.hkexnews.hk/listedco/listconews/sehk/2025/1222/2025122201726.pdf,,2025-12-22 22:24:00,pdfs/03378/allotment_0.pdf,True
03378,"Hanx Biopharmaceuticals (Wuhan) Co., Ltd.",2025-12-23,over_allotment_exercise,,,,,,False
03378,"Hanx Biopharmaceuticals (Wuhan) Co., Ltd.",2025-12-23,stabilization,"Announcements and Notices - [Other - Miscellaneous] - END OF STABILIZATION PERIOD, NO STABILIZATION ACTIONS AND LAPSE OF OVER-ALLOTMENT OPTION",https://www1.hkexnews.hk/listedco/listconews/sehk/2026/0123/2026012301142.pdf,,2026-01-23 21:50:00,pdfs/03378/stabilization_0.pdf,True
02635,"Nuobikan Artificial Intelligence Technology (Chengdu) Co., Ltd.",2025-12-23,prospectus,Listing Documents - [Offer for Subscription] - GLOBAL OFFERING,https://www1.hkexnews.hk/listedco/listconews/sehk/2025/1215/2025121500019.pdf,,2025-12-15 06:14:00,pdfs/02635/prospectus_0.pdf,True
02635,"Nuobikan Artificial Intelligence Technology (Chengdu) Co., Ltd.",2025-12-23,allotment,Announcements and Notices - [Allotment Results] - ANNOUNCEMENT OF FINAL OFFER PRICE AND ALLOTMENT RESULTS,https://www1.hkexnews.hk/listedco/listconews/sehk/2025/1222/2025122201578.pdf,,2025-12-22 21:33:00,pdfs/02635/allotment_0.pdf,True
02635,"Nuobikan Artificial Intelligence Technology (Chengdu) Co., Ltd.",2025-12-23,over_allotment_exercise,,,,,,False
02635,"Nuobikan Artificial Intelligence Technology (Chengdu) Co., Ltd.",2025-12-23,stabilization,"Announcements and Notices - [Other - Miscellaneous] - END OF STABILIZATION PERIOD, NO STABILIZING ACTIONS AND LAPSE OF OVER-ALLOTMENT OPTION",https://www1.hkexnews.hk/listedco/listconews/sehk/2026/0119/2026011900805.pdf,,2026-01-19 18:53:00,pdfs/02635/stabilization_0.pdf,True
02661,QingSong Health Corporation,2025-12-23,prospectus,Listing Documents - [Offer for Subscription] - Global Offering,https://www1.hkexnews.hk/listedco/listconews/sehk/2025/1215/2025121500031.pdf,,2025-12-15 06:26:00,pdfs/02661/prospectus_0.pdf,True
02661,QingSong Health Corporation,2025-12-23,allotment,Announcements and Notices - [Allotment Results] - ANNOUNCEMENT OF ALLOTMENT RESULTS,https://www1.hkexnews.hk/listedco/listconews/sehk/2025/1222/2025122201716.pdf,,2025-12-22 22:16:00,pdfs/02661/allotment_0.pdf,True
02661,QingSong Health Corporation,2025-12-23,over_allotment_exercise,,,,,,False
02661,QingSong Health Corporation,2025-12-23,stabilization,"Announcements and Notices - [Other - Miscellaneous] - END OF STABILISATION PERIOD, NO STABILISING ACTION AND LAPSE OF THE OVER-ALLOTMENT OPTION",https://www1.hkexnews.hk/listedco/listconews/sehk/2026/0118/2026011800009.pdf,,2026-01-18 18:08:00,pdfs/02661/stabilization_0.pdf,True
03317,"Shenzhen Xunce Technology Co., Ltd.",2025-12-30,prospectus,Listing Documents - [Offer for Subscription] - Global Offering,https://www1.hkexnews.hk/listedco/listconews/sehk/2025/1218/2025121800027.pdf,,2025-12-18 06:22:00,pdfs/03317/prospectus_0.pdf,True
03317,"Shenzhen Xunce Technology Co., Ltd.",2025-12-30,allotment,Announcements and Notices - [Allotment Results] - ANNOUNCEMENT OF FINAL OFFER PRICE AND ALLOTMENT RESULTS,https://www1.hkexnews.hk/listedco/listconews/sehk/2025/1229/2025122902057.pdf,,2025-12-29 22:20:00,pdfs/03317/allotment_0.pdf,True
03317,"Shenzhen Xunce Technology Co., Ltd.",2025-12-30,over_allotment_exercise,,,,,,False
03317,"Shenzhen Xunce Technology Co., Ltd.",2025-12-30,stabilization,"Announcements and Notices - [Other - Miscellaneous] - PARTIAL EXERCISE OF THE OVER-ALLOTMENT OPTION, STABILIZING ACTIONS AND THE END OF STABILIZATION PERIOD",https://www1.hkexnews.hk/listedco/listconews/sehk/2026/0123/2026012300001.pdf,,2026-01-23 06:06:00,pdfs/03317/stabilization_0.pdf,True
06651,"Beijing 51WORLD Digital Twin Technology Co., Ltd.",2025-12-30,prospectus,Listing Documents - [Offer for Subscription] - GLOBAL OFFERING,https://www1.hkexnews.hk/listedco/listconews/sehk/2025/1218/2025121800029.pdf,,2025-12-18 06:22:00,pdfs/06651/prospectus_0.pdf,True
06651,"Beijing 51WORLD Digital Twin Technology Co., Ltd.",2025-12-30,allotment,Announcements and Notices - [Allotment Results] - ANNOUNCEMENT OF ALLOTMENT RESULTS,https://www1.hkexnews.hk/listedco/listconews/sehk/2025/1229/2025122902393.pdf,,2025-12-29 22:49:00,pdfs/06651/allotment_0.pdf,True
06651,"Beijing 51WORLD Digital Twin Technology Co., Ltd.",2025-12-30,over_allotment_exercise,,,,,,False
06651,"Beijing 51WORLD Digital Twin Technology Co., Ltd.",2025-12-30,stabilization,"Announcements and Notices - [Other - Miscellaneous] - END OF STABILIZATION PERIOD, NO STABILIZING ACTION AND LAPSE OF THE OVER-ALLOTMENT OPTION",https://www1.hkexnews.hk/listedco/listconews/sehk/2026/0122/2026012200344.pdf,,2026-01-22 16:33:00,pdfs/06651/stabilization_0.pdf,True
03696,InSilico Medicine Cayman TopCo,2025-12-30,prospectus,Listing Documents - [Offer for Subscription] - GLOBAL OFFERING,https://www1.hkexnews.hk/listedco/listconews/sehk/2025/1218/2025121800031.pdf,,2025-12-18 06:22:00,pdfs/03696/prospectus_0.pdf,True
03696,InSilico Medicine Cayman TopCo,2025-12-30,allotment,Announcements and Notices - [Allotment Results] - ANNOUNCEMENT OF ALLOTMENT RESULTS,https://www1.hkexnews.hk/listedco/listconews/sehk/2025/1229/2025122902395.pdf,,2025-12-29 22:49:00,pdfs/03696/allotment_0.pdf,True
03696,InSilico Medicine Cayman TopCo,2025-12-30,over_allotment_exercise,Announcements and Notices - [Other - Miscellaneous] - FULL EXERCISE OF THE OVER-ALLOTMENT OPTION,https://www1.hkexnews.hk/listedco/listconews/sehk/2026/0116/2026011601767.pdf,,2026-01-16 22:24:00,pdfs/03696/over_allotment_exercise_0.pdf,True
03696,InSilico Medicine Cayman TopCo,2025-12-30,stabilization,Announcements and Notices - [Other - Miscellaneous] - STABILIZING ACTIONS AND END OF STABILIZATION PERIOD,https://www1.hkexnews.hk/listedco/listconews/sehk/2026/0122/2026012201223.pdf,,2026-01-22 21:13:00,pdfs/03696/stabilization_0.pdf,True
06600,"OneRobotics (Shenzhen) Co., Ltd.",2025-12-30,prospectus,Listing Documents - [Offer for Subscription] - GLOBAL OFFERING,https://www1.hkexnews.hk/listedco/listconews/sehk/2025/1218/2025121800167.pdf,,2025-12-18 06:51:00,pdfs/06600/prospectus_0.pdf,True
06600,"OneRobotics (Shenzhen) Co., Ltd.",2025-12-30,allotment,Announcements and Notices - [Allotment Results] - ANNOUNCEMENT OF FINAL OFFER PRICE AND ALLOTMENT RESULTS,https://www1.hkexnews.hk/listedco/listconews/sehk/2025/1229/2025122902399.pdf,,2025-12-29 22:51:00,pdfs/06600/allotment_0.pdf,True
06600,"OneRobotics (Shenzhen) Co., Ltd.",2025-12-30,over_allotment_exercise,,,,,,False
06600,"OneRobotics (Shenzhen) Co., Ltd.",2025-12-30,stabilization,"Announcements and Notices - [Other - Miscellaneous] - PARTIAL EXERCISE OF THE OVER-ALLOTMENT OPTION, STABILIZING ACTIONS AND END OF STABILIZATION PERIOD",https://www1.hkexnews.hk/listedco/listconews/sehk/2026/0122/2026012201287.pdf,,2026-01-22 21:47:00,pdfs/06600/stabilization_0.pdf,True
02657,"SHANGHAI FOREST CABIN COSMETICS GROUP CO., LTD.",2025-12-30,prospectus,Listing Documents - [Offer for Subscription] - GLOBAL OFFERING,https://www1.hkexnews.hk/listedco/listconews/sehk/2025/1218/2025121800221.pdf,,2025-12-18 07:35:00,pdfs/02657/prospectus_0.pdf,True
02657,"SHANGHAI FOREST CABIN COSMETICS GROUP CO., LTD.",2025-12-30,allotment,Announcements and Notices - [Allotment Results] - ANNOUNCEMENT OF ALLOTMENT RESULTS,https://www1.hkexnews.hk/listedco/listconews/sehk/2025/1229/2025122902127.pdf,,2025-12-29 22:36:00,pdfs/02657/allotment_0.pdf,True
02657,"SHANGHAI FOREST CABIN COSMETICS GROUP CO., LTD.",2025-12-30,over_allotment_exercise,,,,,,False
02657,"SHANGHAI FOREST CABIN COSMETICS GROUP CO., LTD.",2025-12-30,stabilization,"Announcements and Notices - [Other - Miscellaneous] - FULLY EXERCISE OF THE OVER-ALLOTMENT OPTION, STABILIZING ACTIONS AND END OF STABILIZATION PERIOD",https://www1.hkexnews.hk/listedco/listconews/sehk/2026/0122/2026012201117.pdf,,2026-01-22 21:00:00,pdfs/02657/stabilization_0.pdf,True
02671,"USAS Building System (Shanghai) Co., Ltd.",2025-12-30,prospectus,Listing Documents - [Offer for Subscription] - GLOBAL OFFERING,https://www1.hkexnews.hk/listedco/listconews/sehk/2025/1218/2025121800035.pdf,,2025-12-18 06:25:00,pdfs/02671/prospectus_0.pdf,True
02671,"USAS Building System (Shanghai) Co., Ltd.",2025-12-30,allotment,Announcements and Notices - [Allotment Results] - ANNOUNCEMENT OF FINAL OFFER PRICE AND ALLOTMENT RESULTS,https://www1.hkexnews.hk/listedco/listconews/sehk/2025/1229/2025122902215.pdf,,2025-12-29 22:42:00,pdfs/02671/allotment_0.pdf,True
02671,"USAS Building System (Shanghai) Co., Ltd.",2025-12-30,over_allotment_exercise,,,,,,False
02671,"USAS Building System (Shanghai) Co., Ltd.",2025-12-30,stabilization,,,,,,False
06082,"Shanghai Biren Technology Co., Ltd.",2026-01-02,prospectus,Listing Documents - [Offer for Subscription] - GLOBAL OFFERING,https://www1.hkexnews.hk/listedco/listconews/sehk/2025/1222/2025122200019.pdf,,2025-12-22 06:15:00,pdfs/06082/prospectus_0.pdf,True
06082,"Shanghai Biren Technology Co., Ltd.",2026-01-02,allotment,Announcements and Notices - [Allotment Results] - ANNOUNCEMENT OF FINAL OFFER PRICE AND ALLOTMENT RESULTS,https://www1.hkexnews.hk/listedco/listconews/sehk/2025/1231/2025123102783.pdf,,2025-12-31 22:50:00,pdfs/06082/allotment_0.pdf,True
06082,"Shanghai Biren Technology Co., Ltd.",2026-01-02,over_allotment_exercise,,,,,,False
06082,"Shanghai Biren Technology Co., Ltd.",2026-01-02,stabilization,"Announcements and Notices - [Other - Miscellaneous] - FULL EXERCISE OF THE OVER-ALLOTMENT OPTION, STABILIZING ACTIONS AND END OF STABILIZATION PERIOD",https://www1.hkexnews.hk/listedco/listconews/sehk/2026/0128/2026012800772.pdf,,2026-01-28 18:52:00,pdfs/06082/stabilization_0.pdf,True
02513,Knowledge Atlas Technology Joint Stock Company Limited,2026-01-08,prospectus,Listing Documents - [Offer for Subscription] - GLOBAL OFFERING,https://www1.hkexnews.hk/listedco/listconews/sehk/2025/1230/2025123000017.pdf,,2025-12-30 06:19:00,pdfs/02513/prospectus_0.pdf,True
02513,Knowledge Atlas Technology Joint Stock Company Limited,2026-01-08,allotment,Announcements and Notices - [Allotment Results] - ANNOUNCEMENT OF OFFER PRICE AND ALLOTMENT RESULTS,https://www1.hkexnews.hk/listedco/listconews/sehk/2026/0107/2026010701798.pdf,,2026-01-07 21:57:00,pdfs/02513/allotment_0.pdf,True
02513,Knowledge Atlas Technology Joint Stock Company Limited,2026-01-08,over_allotment_exercise,,,,,,False
02513,Knowledge Atlas Technology Joint Stock Company Limited,2026-01-08,stabilization,"Announcements and Notices - [Other - Miscellaneous] - Full Exercise of the Over-Allotment Option, Stabilizing Actions and End of Stabilization Period",https://www1.hkexnews.hk/listedco/listconews/sehk/2026/0204/2026020402110.pdf,,2026-02-04 21:30:00,pdfs/02513/stabilization_0.pdf,True
09903,"Shanghai Iluvatar CoreX Semiconductor Co., Ltd.",2026-01-08,prospectus,Listing Documents - [Offer for Subscription] - GLOBAL OFFERING,https://www1.hkexnews.hk/listedco/listconews/sehk/2025/1230/2025123000019.pdf,,2025-12-30 06:25:00,pdfs/09903/prospectus_0.pdf,True
09903,"Shanghai Iluvatar CoreX Semiconductor Co., Ltd.",2026-01-08,allotment,Announcements and Notices - [Allotment Results] - ANNOUNCEMENT OF ALLOTMENT RESULTS,https://www1.hkexnews.hk/listedco/listconews/sehk/2026/0107/2026010701802.pdf,,2026-01-07 21:58:00,pdfs/09903/allotment_0.pdf,True
09903,"Shanghai Iluvatar CoreX Semiconductor Co., Ltd.",2026-01-08,over_allotment_exercise,,,,,,False
09903,"Shanghai Iluvatar CoreX Semiconductor Co., Ltd.",2026-01-08,stabilization,,,,,,False
02675,"Shenzhen Edge Medical Co., Ltd.",2026-01-08,prospectus,Listing Documents - [Offer for Subscription] - GLOBAL OFFERING,https://www1.hkexnews.hk/listedco/listconews/sehk/2025/1230/2025123000029.pdf,,2025-12-30 06:39:00,pdfs/02675/prospectus_0.pdf,True
02675,"Shenzhen Edge Medical Co., Ltd.",2026-01-08,allotment,Announcements and Notices - [Allotment Results] - ANNOUNCEMENT OF ALLOTMENT RESULTS,https://www1.hkexnews.hk/listedco/listconews/sehk/2026/0107/2026010701900.pdf,,2026-01-07 22:47:00,pdfs/02675/allotment_0.pdf,True
02675,"Shenzhen Edge Medical Co., Ltd.",2026-01-08,over_allotment_exercise,,,,,,False
02675,"Shenzhen Edge Medical Co., Ltd.",2026-01-08,stabilization,"Announcements and Notices - [Other - Miscellaneous] - FULL EXERCISE OF THE OVER-ALLOTMENT OPTION, STABILIZING ACTIONS AND END OF STABILIZATION PERIOD",https://www1.hkexnews.hk/listedco/listconews/sehk/2026/0204/2026020402144.pdf,,2026-02-04 22:10:00,pdfs/02675/stabilization_0.pdf,True
00100,MiniMax Group Inc.,2026-01-09,prospectus,Listing Documents - [Offer for Subscription] - GLOBAL OFFERING,https://www1.hkexnews.hk/listedco/listconews/sehk/2025/1231/2025123100025.pdf,,2025-12-31 06:10:00,pdfs/00100/prospectus_0.pdf,True
00100,MiniMax Group Inc.,2026-01-09,allotment,Announcements and Notices - [Allotment Results] - ANNOUNCEMENT OF FINAL OFFER PRICE AND ALLOTMENT RESULTS,https://www1.hkexnews.hk/listedco/listconews/sehk/2026/0108/2026010801342.pdf,,2026-01-08 22:40:00,pdfs/00100/allotment_0.pdf,True
00100,MiniMax Group Inc.,2026-01-09,over_allotment_exercise,Announcements and Notices - [Other - Miscellaneous] - FULL EXERCISE OF THE OVER-ALLOTMENT OPTION,https://www1.hkexnews.hk/listedco/listconews/sehk/2026/0111/2026011100015.pdf,,2026-01-11 19:13:00,pdfs/00100/over_allotment_exercise_0.pdf,True
00100,MiniMax Group Inc.,2026-01-09,stabilization,Announcements and Notices - [Other - Miscellaneous] - STABILIZING ACTIONS AND END OF STABILIZATION PERIOD,https://www1.hkexnews.hk/listedco/listconews/sehk/2026/0205/2026020502043.pdf,,2026-02-05 18:44:00,pdfs/00100/stabilization_0.pdf,True
06938,"Suzhou Ribo Life Science Co., Ltd.",2026-01-09,prospectus,Listing Documents - [Offer for Subscription] - GLOBAL OFFERING,https://www1.hkexnews.hk/listedco/listconews/sehk/2025/1231/2025123100037.pdf,,2025-12-31 06:14:00,pdfs/06938/prospectus_0.pdf,True
06938,"Suzhou Ribo Life Science Co., Ltd.",2026-01-09,allotment,Announcements and Notices - [Allotment Results] - ANNOUNCEMENT OF ALLOTMENT RESULTS,https://www1.hkexnews.hk/listedco/listconews/sehk/2026/0108/2026010801352.pdf,,2026-01-08 22:43:00,pdfs/06938/allotment_0.pdf,True
06938,"Suzhou Ribo Life Science Co., Ltd.",2026-01-09,over_allotment_exercise,,,,,,False
06938,"Suzhou Ribo Life Science Co., Ltd.",2026-01-09,stabilization,"Announcements and Notices - [Other - Miscellaneous] - FULL EXERCISE OF THE OVER-ALLOTMENT OPTION, STABILIZING ACTIONS AND END OF STABILIZATION PERIOD",https://www1.hkexnews.hk/listedco/listconews/sehk/2026/0205/2026020502414.pdf,,2026-02-05 22:34:00,pdfs/06938/stabilization_0.pdf,True
03636,"Yunnan Jinxun Resources Co., Ltd.",2026-01-09,prospectus,Listing Documents - [Offer for Subscription] - GLOBAL OFFERING,https://www1.hkexnews.hk/listedco/listconews/sehk/2025/1231/2025123100041.pdf,,2025-12-31 06:16:00,pdfs/03636/prospectus_0.pdf,True
03636,"Yunnan Jinxun Resources Co., Ltd.",2026-01-09,allotment,Announcements and Notices - [Allotment Results] - ANNOUNCEMENT OF FINAL OFFER PRICE AND ALLOTMENT RESULTS,https://www1.hkexnews.hk/listedco/listconews/sehk/2026/0108/2026010801368.pdf,,2026-01-08 22:46:00,pdfs/03636/allotment_0.pdf,True
03636,"Yunnan Jinxun Resources Co., Ltd.",2026-01-09,over_allotment_exercise,,,,,,False
03636,"Yunnan Jinxun Resources Co., Ltd.",2026-01-09,stabilization,"Announcements and Notices - [Other - Miscellaneous] - FULL EXERCISE OF THE OVER-ALLOTMENT OPTION, STABILIZING ACTIONS AND THE END OF STABILIZATION PERIOD",https://www1.hkexnews.hk/listedco/listconews/sehk/2026/0205/2026020501967.pdf,,2026-02-05 18:33:00,pdfs/03636/stabilization_0.pdf,True
00501,"OmniVision Integrated Circuits Group, Inc.",2026-01-12,prospectus,Listing Documents - [Offer for Subscription] - Global Offering,https://www1.hkexnews.hk/listedco/listconews/sehk/2025/1231/2025123100089.pdf,,2025-12-31 06:28:00,pdfs/00501/prospectus_0.pdf,True
00501,"OmniVision Integrated Circuits Group, Inc.",2026-01-12,allotment,Announcements and Notices - [Allotment Results] - ANNOUNCEMENT OF ALLOTMENT RESULTS,https://www1.hkexnews.hk/listedco/listconews/sehk/2026/0109/2026010901581.pdf,,2026-01-09 22:49:00,pdfs/00501/allotment_0.pdf,True
00501,"OmniVision Integrated Circuits Group, Inc.",2026-01-12,over_allotment_exercise,,,,,,False
00501,"OmniVision Integrated Circuits Group, Inc.",2026-01-12,stabilization,"Announcements and Notices - [Other - Miscellaneous] - PARTIAL EXERCISE OF THE OVER-ALLOTMENT OPTION, STABILIZING ACTIONS AND END OF STABILIZATION PERIOD",https://www1.hkexnews.hk/listedco/listconews/sehk/2026/0206/2026020601086.pdf,,2026-02-06 20:53:00,pdfs/00501/stabilization_0.pdf,True
03986,GigaDevice Semiconductor Inc.,2026-01-13,prospectus,Listing Documents - [Offer for Subscription] - GLOBAL OFFERING,https://www1.hkexnews.hk/listedco/listconews/sehk/2025/1231/2025123100035.pdf,,2025-12-31 06:14:00,pdfs/03986/prospectus_0.pdf,True
03986,GigaDevice Semiconductor Inc.,2026-01-13,allotment,Announcements and Notices - [Allotment Results] - ANNOUNCEMENT OF FINAL OFFER PRICE AND ALLOTMENT RESULTS,https://www1.hkexnews.hk/listedco/listconews/sehk/2026/0112/2026011201539.pdf,,2026-01-12 22:30:00,pdfs/03986/allotment_0.pdf,True
03986,GigaDevice Semiconductor Inc.,2026-01-13,over_allotment_exercise,,,,,,False
03986,GigaDevice Semiconductor Inc.,2026-01-13,stabilization,"Announcements and Notices - [Other - Miscellaneous] - FULL EXERCISE OF THE OVER-ALLOTMENT OPTION, STABILIZING ACTIONS AND END OF STABILIZATION PERIOD",https://www1.hkexnews.hk/listedco/listconews/sehk/2026/0208/2026020800007.pdf,,2026-02-08 18:05:00,pdfs/03986/stabilization_0.pdf,True
01641,"Hongxing Coldchain (Hunan) Co., Ltd.",2026-01-13,prospectus,Listing Documents - [Offer for Subscription] - Global Offering,https://www1.hkexnews.hk/listedco/listconews/sehk/2025/1231/2025123100085.pdf,,2025-12-31 06:28:00,pdfs/01641/prospectus_0.pdf,True
01641,"Hongxing Coldchain (Hunan) Co., Ltd.",2026-01-13,allotment,Announcements and Notices - [Allotment Results] - ANNOUNCEMENT OF FINAL OFFER PRICE AND ALLOTMENT RESULTS,https://www1.hkexnews.hk/listedco/listconews/sehk/2026/0112/2026011201301.pdf,,2026-01-12 21:30:00,pdfs/01641/allotment_0.pdf,True
01641,"Hongxing Coldchain (Hunan) Co., Ltd.",2026-01-13,over_allotment_exercise,,,,,,False
01641,"Hongxing Coldchain (Hunan) Co., Ltd.",2026-01-13,stabilization,,,,,,False
09611,"Shanghai Longcheer Technology Co., Ltd.",2026-01-22,prospectus,Listing Documents - [Offer for Subscription] - GLOBAL OFFERING,https://www1.hkexnews.hk/listedco/listconews/sehk/2026/0114/2026011400011.pdf,,2026-01-14 06:19:00,pdfs/09611/prospectus_0.pdf,True
09611,"Shanghai Longcheer Technology Co., Ltd.",2026-01-22,allotment,Announcements and Notices - [Allotment Results] - ANNOUNCEMENT OF FINAL OFFER PRICE AND ALLOTMENT RESULTS,https://www1.hkexnews.hk/listedco/listconews/sehk/2026/0121/2026012101145.pdf,,2026-01-21 22:27:00,pdfs/09611/allotment_0.pdf,True
09611,"Shanghai Longcheer Technology Co., Ltd.",2026-01-22,over_allotment_exercise,,,,,,False
09611,"Shanghai Longcheer Technology Co., Ltd.",2026-01-22,stabilization,"Announcements and Notices - [Other - Miscellaneous] - STABILIZING ACTIONS, END OF STABILIZATION PERIOD AND LAPSE OF THE OVER-ALLOTMENT OPTION",https://www1.hkexnews.hk/listedco/listconews/sehk/2026/0223/2026022300424.pdf,,2026-02-23 16:50:00,pdfs/09611/stabilization_0.pdf,True
01768,"BUSY MING GROUP CO., LTD.",2026-01-28,prospectus,Listing Documents - [Offer for Subscription] - GLOBAL OFFERING,https://www1.hkexnews.hk/listedco/listconews/sehk/2026/0120/2026012000025.pdf,,2026-01-20 06:15:00,pdfs/01768/prospectus_0.pdf,True
01768,"BUSY MING GROUP CO., LTD.",2026-01-28,allotment,Announcements and Notices - [Allotment Results] - ANNOUNCEMENT OF FINAL OFFER PRICE AND ALLOTMENT RESULTS,https://www1.hkexnews.hk/listedco/listconews/sehk/2026/0127/2026012701713.pdf,,2026-01-27 22:20:00,pdfs/01768/allotment_0.pdf,True
01768,"BUSY MING GROUP CO., LTD.",2026-01-28,over_allotment_exercise,Announcements and Notices - [Other - Miscellaneous] - FULL EXERCISE OF THE OVER-ALLOTMENT OPTION,https://www1.hkexnews.hk/listedco/listconews/sehk/2026/0210/2026021001012.pdf,,2026-02-10 19:41:00,pdfs/01768/over_allotment_exercise_0.pdf,True
01768,"BUSY MING GROUP CO., LTD.",2026-01-28,stabilization,Announcements and Notices - [Other - Miscellaneous] - STABILIZING ACTIONS AND END OF STABILIZATION PERIOD,https://www1.hkexnews.hk/listedco/listconews/sehk/2026/0223/2026022300458.pdf,,2026-02-23 17:02:00,pdfs/01768/stabilization_0.pdf,True
09980,"Eastroc Beverage (Group) Co., Ltd.",2026-02-03,prospectus,Listing Documents - [Offer for Subscription] - GLOBAL OFFERING,https://www1.hkexnews.hk/listedco/listconews/sehk/2026/0126/2026012600003.pdf,,2026-01-26 06:06:00,pdfs/09980/prospectus_0.pdf,True
09980,"Eastroc Beverage (Group) Co., Ltd.",2026-02-03,allotment,Announcements and Notices - [Allotment Results] - ANNOUNCEMENT OF FINAL OFFER PRICE AND ALLOTMENT RESULTS,https://www1.hkexnews.hk/listedco/listconews/sehk/2026/0202/2026020203212.pdf,,2026-02-02 22:57:00,pdfs/09980/allotment_0.pdf,True
09980,"Eastroc Beverage (Group) Co., Ltd.",2026-02-03,over_allotment_exercise,,,,,,False
09980,"Eastroc Beverage (Group) Co., Ltd.",2026-02-03,stabilization,"Announcements and Notices - [Other - Miscellaneous] - PARTIAL EXERCISE OF THE OVER-ALLOTMENT OPTION, STABILIZING ACTIONS AND END OF STABILIZATION PERIOD",https://www1.hkexnews.hk/listedco/listconews/sehk/2026/0301/2026030100013.pdf,,2026-03-01 18:07:00,pdfs/09980/stabilization_0.pdf,True
02768,"Qingdao Gon Technology Co., Ltd.",2026-02-04,prospectus,Listing Documents - [Offer for Subscription] - GLOBAL OFFERING,https://www1.hkexnews.hk/listedco/listconews/sehk/2026/0127/2026012700009.pdf,,2026-01-27 06:21:00,pdfs/02768/prospectus_0.pdf,True
02768,"Qingdao Gon Technology Co., Ltd.",2026-02-04,allotment,Announcements and Notices - [Allotment Results] - ANNOUNCEMENT OF FINAL OFFER PRICE AND ALLOTMENT RESULTS,https://www1.hkexnews.hk/listedco/listconews/sehk/2026/0203/2026020302602.pdf,,2026-02-03 22:56:00,pdfs/02768/allotment_0.pdf,True
02768,"Qingdao Gon Technology Co., Ltd.",2026-02-04,over_allotment_exercise,,,,,,False
02768,"Qingdao Gon Technology Co., Ltd.",2026-02-04,stabilization,,,,,,False
02677,Distinct Healthcare Holdings Limited,2026-02-06,prospectus,Listing Documents - [Offer for Subscription] - GLOBAL OFFERING,https://www1.hkexnews.hk/listedco/listconews/sehk/2026/0129/2026012900021.pdf,,2026-01-29 06:24:00,pdfs/02677/prospectus_0.pdf,True
02677,Distinct Healthcare Holdings Limited,2026-02-06,allotment,Announcements and Notices - [Allotment Results] - ANNOUNCEMENT OF FINAL OFFER PRICE AND ALLOTMENT RESULTS,https://www1.hkexnews.hk/listedco/listconews/sehk/2026/0205/2026020501800.pdf,,2026-02-05 18:11:00,pdfs/02677/allotment_0.pdf,True
02677,Distinct Healthcare Holdings Limited,2026-02-06,over_allotment_exercise,,,,,,False
02677,Distinct Healthcare Holdings Limited,2026-02-06,stabilization,"Announcements and Notices - [Other - Miscellaneous] - PARTIAL EXERCISE OF THE OVER-ALLOTMENT OPTION,STABILIZING ACTIONS AND END OF STABILIZATION PERIOD",https://www1.hkexnews.hk/listedco/listconews/sehk/2026/0305/2026030502008.pdf,,2026-03-05 21:14:00,pdfs/02677/stabilization_0.pdf,True
02714,"Muyuan Foods Co., Ltd.",2026-02-06,prospectus,Listing Documents - [Offer for Subscription] - GLOBAL OFFERING,https://www1.hkexnews.hk/listedco/listconews/sehk/2026/0129/2026012900023.pdf,,2026-01-29 06:24:00,pdfs/02714/prospectus_0.pdf,True
02714,"Muyuan Foods Co., Ltd.",2026-02-06,allotment,Announcements and Notices - [Allotment Results] - ANNOUNCEMENT OF ALLOTMENT RESULTS,https://www1.hkexnews.hk/listedco/listconews/sehk/2026/0205/2026020502402.pdf,,2026-02-05 22:18:00,pdfs/02714/allotment_0.pdf,True
02714,"Muyuan Foods Co., Ltd.",2026-02-06,over_allotment_exercise,,,,,,False
02714,"Muyuan Foods Co., Ltd.",2026-02-06,stabilization,"Announcements and Notices - [Other - Miscellaneous] - PARTIAL EXERCISE OF THE OVER-ALLOTMENT OPTION, STABILIZING ACTIONS AND END OF STABILIZATION PERIOD",https://www1.hkexnews.hk/listedco/listconews/sehk/2026/0305/2026030501974.pdf,,2026-03-05 20:53:00,pdfs/02714/stabilization_0.pdf,True
03200,"Shenzhen Han’s CNC Technology Co., Ltd.",2026-02-06,prospectus,Listing Documents - [Offer for Subscription] - Global Offering,https://www1.hkexnews.hk/listedco/listconews/sehk/2026/0129/2026012900019.pdf,,2026-01-29 06:23:00,pdfs/03200/prospectus_0.pdf,True
03200,"Shenzhen Han’s CNC Technology Co., Ltd.",2026-02-06,allotment,Announcements and Notices - [Allotment Results] - ANNOUNCEMENT OF FINAL OFFER PRICE AND ALLOTMENT RESULTS,https://www1.hkexnews.hk/listedco/listconews/sehk/2026/0205/2026020502290.pdf,,2026-02-05 20:55:00,pdfs/03200/allotment_0.pdf,True
03200,"Shenzhen Han’s CNC Technology Co., Ltd.",2026-02-06,over_allotment_exercise,,,,,,False
03200,"Shenzhen Han’s CNC Technology Co., Ltd.",2026-02-06,stabilization,"Announcements and Notices - [Other - Miscellaneous] - FULL EXERCISE OF THE OVER-ALLOTMENT OPTION, STABILIZING ACTIONS AND END OF STABILIZATION PERIOD",https://www1.hkexnews.hk/listedco/listconews/sehk/2026/0305/2026030501746.pdf,,2026-03-05 19:04:00,pdfs/03200/stabilization_0.pdf,True
06809,"Montage Technology Co., Ltd.",2026-02-09,prospectus,Listing Documents - [Offer for Subscription] - GLOBAL OFFERING,https://www1.hkexnews.hk/listedco/listconews/sehk/2026/0130/2026013000007.pdf,,2026-01-30 06:14:00,pdfs/06809/prospectus_0.pdf,True
06809,"Montage Technology Co., Ltd.",2026-02-09,allotment,Announcements and Notices - [Allotment Results] - ANNOUNCEMENT OF FINAL OFFER PRICE AND ALLOTMENT RESULTS,https://www1.hkexnews.hk/listedco/listconews/sehk/2026/0206/2026020601350.pdf,,2026-02-06 22:30:00,pdfs/06809/allotment_0.pdf,True
06809,"Montage Technology Co., Ltd.",2026-02-09,over_allotment_exercise,Announcements and Notices - [Other - Miscellaneous] - FULL EXERCISE OF THE OVER-ALLOTMENT OPTION,https://www1.hkexnews.hk/listedco/listconews/sehk/2026/0210/2026021001534.pdf,,2026-02-10 22:51:00,pdfs/06809/over_allotment_exercise_0.pdf,True
06809,"Montage Technology Co., Ltd.",2026-02-09,stabilization,Announcements and Notices - [Other - Miscellaneous] - STABILIZING ACTIONS AND END OF STABILIZATION PERIOD,https://www1.hkexnews.hk/listedco/listconews/sehk/2026/0306/2026030600629.pdf,,2026-03-06 17:00:00,pdfs/06809/stabilization_0.pdf,True
00600,"Axera Semiconductor Co., Ltd.",2026-02-10,prospectus,Listing Documents - [Offer for Subscription] - GLOBAL OFFERING,https://www1.hkexnews.hk/listedco/listconews/sehk/2026/0130/2026013000009.pdf,,2026-01-30 06:25:00,pdfs/00600/prospectus_0.pdf,True
00600,"Axera Semiconductor Co., Ltd.",2026-02-10,allotment,Announcements and Notices - [Allotment Results] - ANNOUNCEMENT OF ALLOTMENT RESULTS,https://www1.hkexnews.hk/listedco/listconews/sehk/2026/0209/2026020901278.pdf,,2026-02-09 22:42:00,pdfs/00600/allotment_0.pdf,True
00600,"Axera Semiconductor Co., Ltd.",2026-02-10,over_allotment_exercise,,,,,,False
00600,"Axera Semiconductor Co., Ltd.",2026-02-10,stabilization,"Announcements and Notices - [Other - Miscellaneous] - PARTIAL EXERCISE OF THE OVER-ALLOTMENT OPTION, STABILIZING ACTIONS AND END OF STABILIZATION PERIOD",https://www1.hkexnews.hk/listedco/listconews/sehk/2026/0308/2026030800189.pdf,,2026-03-08 19:07:00,pdfs/00600/stabilization_0.pdf,True
02720,Ridge Outdoor International Limited,2026-02-10,prospectus,Listing Documents - [Offer for Subscription] - GLOBAL OFFERING,https://www1.hkexnews.hk/listedco/listconews/sehk/2026/0130/2026013002014.pdf,,2026-01-30 22:04:00,pdfs/02720/prospectus_0.pdf,True
02720,Ridge Outdoor International Limited,2026-02-10,allotment,Announcements and Notices - [Allotment Results] - ANNOUNCEMENT OF FINAL OFFER PRICE AND ALLOTMENT RESULTS,https://www1.hkexnews.hk/listedco/listconews/sehk/2026/0209/2026020901096.pdf,,2026-02-09 21:10:00,pdfs/02720/allotment_0.pdf,True
02720,Ridge Outdoor International Limited,2026-02-10,over_allotment_exercise,,,,,,False
02720,Ridge Outdoor International Limited,2026-02-10,stabilization,,,,,,False
00470,"WUXI LEAD INTELLIGENT EQUIPMENT CO., LTD.",2026-02-11,prospectus,Listing Documents - [Offer for Subscription] - GLOBAL OFFERING,https://www1.hkexnews.hk/listedco/listconews/sehk/2026/0203/2026020300009.pdf,,2026-02-03 06:21:00,pdfs/00470/prospectus_0.pdf,True
00470,"WUXI LEAD INTELLIGENT EQUIPMENT CO., LTD.",2026-02-11,allotment,Announcements and Notices - [Allotment Results] - ANNOUNCEMENT OF ALLOTMENT RESULTS,https://www1.hkexnews.hk/listedco/listconews/sehk/2026/0210/2026021001338.pdf,,2026-02-10 22:25:00,pdfs/00470/allotment_0.pdf,True
00470,"WUXI LEAD INTELLIGENT EQUIPMENT CO., LTD.",2026-02-11,over_allotment_exercise,,,,,,False
00470,"WUXI LEAD INTELLIGENT EQUIPMENT CO., LTD.",2026-02-11,stabilization,"Announcements and Notices - [Other - Miscellaneous] - PARTIAL EXERCISE OF THE OVER-ALLOTMENT OPTION, STABILIZING ACTIONS AND THE END OF STABILIZATION PERIOD",https://www1.hkexnews.hk/listedco/listconews/sehk/2026/0308/2026030800191.pdf,,2026-03-08 19:46:00,pdfs/00470/stabilization_0.pdf,True
02706,"Beijing Haizhi Technology Group Co., Ltd.",2026-02-13,prospectus,Listing Documents - [Offer for Subscription] - GLOBAL OFFERING,https://www1.hkexnews.hk/listedco/listconews/sehk/2026/0205/2026020500037.pdf,,2026-02-05 06:14:00,pdfs/02706/prospectus_0.pdf,True
02706,"Beijing Haizhi Technology Group Co., Ltd.",2026-02-13,allotment,Announcements and Notices - [Allotment Results] - ANNOUNCEMENT OF FINAL OFFER PRICE AND ALLOTMENT RESULTS,https://www1.hkexnews.hk/listedco/listconews/sehk/2026/0212/2026021201324.pdf,,2026-02-12 21:11:00,pdfs/02706/allotment_0.pdf,True
02706,"Beijing Haizhi Technology Group Co., Ltd.",2026-02-13,over_allotment_exercise,,,,,,False
02706,"Beijing Haizhi Technology Group Co., Ltd.",2026-02-13,stabilization,,,,,,False
09981,"Shenzhen Woer Heat-Shrinkable Material Co., Ltd.",2026-02-13,prospectus,Listing Documents - [Offer for Subscription] - GLOBAL OFFERING,https://www1.hkexnews.hk/listedco/listconews/sehk/2026/0205/2026020500055.pdf,,2026-02-05 06:22:00,pdfs/09981/prospectus_0.pdf,True
09981,"Shenzhen Woer Heat-Shrinkable Material Co., Ltd.",2026-02-13,prospectus,Listing Documents - [Offer for Subscription] - GLOBAL OFFERING,https://www1.hkexnews.hk/listedco/listconews/sehk/2026/0205/12015007/2026020500097.pdf,https://www1.hkexnews.hk/listedco/listconews/sehk/2026/0205/2026020500092.htm,2026-02-05 06:40:00,pdfs/09981/prospectus_1.pdf,True
09981,"Shenzhen Woer Heat-Shrinkable Material Co., Ltd.",2026-02-13,allotment,Announcements and Notices - [Allotment Results] - ANNOUNCEMENT OF ALLOTMENT RESULTS,https://www1.hkexnews.hk/listedco/listconews/sehk/2026/0212/2026021201492.pdf,,2026-02-12 22:56:00,pdfs/09981/allotment_0.pdf,True
09981,"Shenzhen Woer Heat-Shrinkable Material Co., Ltd.",2026-02-13,over_allotment_exercise,,,,,,False
09981,"Shenzhen Woer Heat-Shrinkable Material Co., Ltd.",2026-02-13,stabilization,,,,,,False
02649,"ALSCO Pooling Service Co., Ltd.",2026-03-09,prospectus,Listing Documents - [Offer for Subscription] - GLOBAL OFFERING,https://www1.hkexnews.hk/listedco/listconews/sehk/2026/0227/2026022700013.pdf,,2026-02-27 06:15:00,pdfs/02649/prospectus_0.pdf,True
02649,"ALSCO Pooling Service Co., Ltd.",2026-03-09,allotment,Announcements and Notices - [Allotment Results] - ANNOUNCEMENT OF ALLOTMENT RESULTS,https://www1.hkexnews.hk/listedco/listconews/sehk/2026/0306/2026030601405.pdf,,2026-03-06 21:28:00,pdfs/02649/allotment_0.pdf,True
02649,"ALSCO Pooling Service Co., Ltd.",2026-03-09,over_allotment_exercise,,,,,,False
02649,"ALSCO Pooling Service Co., Ltd.",2026-03-09,stabilization,,,,,,False
02715,"ESTUN AUTOMATION CO., LTD",2026-03-09,prospectus,Listing Documents - [Offer for Subscription] - GLOBAL OFFERING,https://www1.hkexnews.hk/listedco/listconews/sehk/2026/0227/2026022700017.pdf,,2026-02-27 06:16:00,pdfs/02715/prospectus_0.pdf,True
02715,"ESTUN AUTOMATION CO., LTD",2026-03-09,allotment,Announcements and Notices - [Allotment Results] - ANNOUNCEMENT OF FINAL OFFER PRICE AND ALLOTMENT RESULTS,https://www1.hkexnews.hk/listedco/listconews/sehk/2026/0306/2026030601391.pdf,,2026-03-06 21:18:00,pdfs/02715/allotment_0.pdf,True
02715,"ESTUN AUTOMATION CO., LTD",2026-03-09,over_allotment_exercise,,,,,,False
02715,"ESTUN AUTOMATION CO., LTD",2026-03-09,stabilization,"Announcements and Notices - [Other - Miscellaneous] - STABILIZING ACTIONS, END OF STABILIZATION PERIOD AND LAPSE OF THE OVER-ALLOTMENT OPTION",https://www1.hkexnews.hk/listedco/listconews/sehk/2026/0407/2026040700049.pdf,,2026-04-07 18:11:00,pdfs/02715/stabilization_0.pdf,True
02692,"Shenzhen Zhaowei Machinery & Electronics Co., Ltd.",2026-03-09,prospectus,Listing Documents - [Offer for Subscription] - GLOBAL OFFERING,https://www1.hkexnews.hk/listedco/listconews/sehk/2026/0227/2026022700015.pdf,,2026-02-27 06:16:00,pdfs/02692/prospectus_0.pdf,True
02692,"Shenzhen Zhaowei Machinery & Electronics Co., Ltd.",2026-03-09,allotment,Announcements and Notices - [Allotment Results] - ANNOUNCEMENT OF ALLOTMENT RESULTS,https://www1.hkexnews.hk/listedco/listconews/sehk/2026/0306/2026030601575.pdf,,2026-03-06 22:41:00,pdfs/02692/allotment_0.pdf,True
02692,"Shenzhen Zhaowei Machinery & Electronics Co., Ltd.",2026-03-09,over_allotment_exercise,,,,,,False
02692,"Shenzhen Zhaowei Machinery & Electronics Co., Ltd.",2026-03-09,stabilization,,,,,,False
03268,"MeiG Smart Technology Co., Ltd.",2026-03-10,prospectus,Listing Documents - [Offer for Subscription] - GLOBAL OFFERING,https://www1.hkexnews.hk/listedco/listconews/sehk/2026/0227/2026022700019.pdf,,2026-02-27 06:18:00,pdfs/03268/prospectus_0.pdf,True
03268,"MeiG Smart Technology Co., Ltd.",2026-03-10,allotment,Announcements and Notices - [Allotment Results] - ANNOUNCEMENT OF ALLOTMENT RESULTS,https://www1.hkexnews.hk/listedco/listconews/sehk/2026/0309/2026030901426.pdf,,2026-03-09 22:31:00,pdfs/03268/allotment_0.pdf,True
03268,"MeiG Smart Technology Co., Ltd.",2026-03-10,over_allotment_exercise,,,,,,False
03268,"MeiG Smart Technology Co., Ltd.",2026-03-10,stabilization,,,,,,False
01989,Delton Technology (Guangzhou) Inc.,2026-03-20,prospectus,Listing Documents - [Offer for Subscription] - GLOBAL OFFERING,https://www1.hkexnews.hk/listedco/listconews/sehk/2026/0312/2026031200003.pdf,,2026-03-12 06:02:00,pdfs/01989/prospectus_0.pdf,True
01989,Delton Technology (Guangzhou) Inc.,2026-03-20,allotment,Announcements and Notices - [Allotment Results] - ANNOUNCEMENT OF FINAL OFFER PRICE AND ALLOTMENT RESULTS,https://www1.hkexnews.hk/listedco/listconews/sehk/2026/0319/2026031901556.pdf,,2026-03-19 22:09:00,pdfs/01989/allotment_0.pdf,True
01989,Delton Technology (Guangzhou) Inc.,2026-03-20,over_allotment_exercise,,,,,,False
01989,Delton Technology (Guangzhou) Inc.,2026-03-20,stabilization,,,,,,False
02701,Nsing Technologies Inc.,2026-03-23,prospectus,Listing Documents - [Offer for Subscription] - GLOBAL OFFERING,https://www1.hkexnews.hk/listedco/listconews/sehk/2026/0313/2026031300049.pdf,,2026-03-13 06:24:00,pdfs/02701/prospectus_0.pdf,True
02701,Nsing Technologies Inc.,2026-03-23,allotment,Announcements and Notices - [Allotment Results] - Announcement of Allotment Results,https://www1.hkexnews.hk/listedco/listconews/sehk/2026/0320/2026032001594.pdf,,2026-03-20 21:01:00,pdfs/02701/allotment_0.pdf,True
02701,Nsing Technologies Inc.,2026-03-23,over_allotment_exercise,,,,,,False
02701,Nsing Technologies Inc.,2026-03-23,stabilization,,,,,,False
03355,FS.COM Ltd.,2026-03-23,prospectus,Listing Documents - [Offer for Subscription] - GLOBAL OFFERING,https://www1.hkexnews.hk/listedco/listconews/sehk/2026/0313/2026031300015.pdf,,2026-03-13 06:17:00,pdfs/03355/prospectus_0.pdf,True
03355,FS.COM Ltd.,2026-03-23,allotment,Announcements and Notices - [Allotment Results] - Announcement of Final Offer Price and Allotment Results,https://www1.hkexnews.hk/listedco/listconews/sehk/2026/0320/2026032001750.pdf,,2026-03-20 22:07:00,pdfs/03355/allotment_0.pdf,True
03355,FS.COM Ltd.,2026-03-23,over_allotment_exercise,,,,,,False
03355,FS.COM Ltd.,2026-03-23,stabilization,"Announcements and Notices - [Other - Miscellaneous] - PARTIAL EXERCISE OF THE OVER-ALLOTMENT OPTION, STABILIZING ACTIONS AND END OF STABILIZATION PERIOD",https://www1.hkexnews.hk/listedco/listconews/sehk/2026/0417/2026041701549.pdf,,2026-04-17 20:53:00,pdfs/03355/stabilization_0.pdf,True
02729,"Zhejiang Galaxis Technology Group Co., Ltd.",2026-03-24,prospectus,Listing Documents - [Offer for Subscription] - GLOBAL OFFERING,https://www1.hkexnews.hk/listedco/listconews/sehk/2026/0316/2026031600013.pdf,,2026-03-16 06:16:00,pdfs/02729/prospectus_0.pdf,True
02729,"Zhejiang Galaxis Technology Group Co., Ltd.",2026-03-24,allotment,Announcements and Notices - [Allotment Results] - ANNOUNCEMENT OF FINAL OFFER PRICE AND ALLOTMENT RESULTS,https://www1.hkexnews.hk/listedco/listconews/sehk/2026/0323/2026032301408.pdf,,2026-03-23 20:38:00,pdfs/02729/allotment_0.pdf,True
02729,"Zhejiang Galaxis Technology Group Co., Ltd.",2026-03-24,over_allotment_exercise,,,,,,False
02729,"Zhejiang Galaxis Technology Group Co., Ltd.",2026-03-24,stabilization,"Announcements and Notices - [Other - Miscellaneous] - END OF STABILIZATION PERIOD, NO STABILIZATION ACTIONS AND LAPSE OF OVER-ALLOTMENT OPTION",https://www1.hkexnews.hk/listedco/listconews/sehk/2026/0420/2026042000237.pdf,,2026-04-20 12:00:00,pdfs/02729/stabilization_0.pdf,True
02632,"Jiangsu New Vision Automotive Electronics Co., Ltd.",2026-03-24,prospectus,Listing Documents - [Offer for Subscription] - GLOBAL OFFERING,https://www1.hkexnews.hk/listedco/listconews/sehk/2026/0316/2026031600011.pdf,,2026-03-16 06:15:00,pdfs/02632/prospectus_0.pdf,True
02632,"Jiangsu New Vision Automotive Electronics Co., Ltd.",2026-03-24,allotment,Announcements and Notices - [Allotment Results] - ANNOUNCEMENT OF FINAL OFFER PRICE AND ALLOTMENT RESULTS,https://www1.hkexnews.hk/listedco/listconews/sehk/2026/0323/2026032301630.pdf,,2026-03-23 22:27:00,pdfs/02632/allotment_0.pdf,True
02632,"Jiangsu New Vision Automotive Electronics Co., Ltd.",2026-03-24,over_allotment_exercise,,,,,,False
02632,"Jiangsu New Vision Automotive Electronics Co., Ltd.",2026-03-24,stabilization,,,,,,False
01021,"Guangdong Huayan Robotics Co., Ltd.",2026-03-30,prospectus,Listing Documents - [Offer for Subscription] - GLOBAL OFFERING,https://www1.hkexnews.hk/listedco/listconews/sehk/2026/0320/2026032000035.pdf,,2026-03-20 06:19:00,pdfs/01021/prospectus_0.pdf,True
01021,"Guangdong Huayan Robotics Co., Ltd.",2026-03-30,allotment,Announcements and Notices - [Allotment Results] - ANNOUNCEMENT OF FINAL OFFER PRICE AND ALLOTMENT RESULTS,https://www1.hkexnews.hk/listedco/listconews/sehk/2026/0327/2026032703804.pdf,,2026-03-27 22:27:00,pdfs/01021/allotment_0.pdf,True
01021,"Guangdong Huayan Robotics Co., Ltd.",2026-03-30,over_allotment_exercise,,,,,,False
01021,"Guangdong Huayan Robotics Co., Ltd.",2026-03-30,stabilization,"Announcements and Notices - [Other - Miscellaneous] - PARTIAL EXERCISE OF THE OVER-ALLOTMENT OPTION, STABILIZING ACTIONS AND THE END OF STABILIZATION PERIOD",https://www1.hkexnews.hk/listedco/listconews/sehk/2026/0426/2026042600007.pdf,,2026-04-26 18:04:00,pdfs/01021/stabilization_0.pdf,True
02526,"Hangzhou Diagens Biotechnology Co., Ltd.",2026-03-30,prospectus,Listing Documents - [Offer for Subscription] - GLOBAL OFFERING,https://www1.hkexnews.hk/listedco/listconews/sehk/2026/0320/2026032000025.pdf,,2026-03-20 06:12:00,pdfs/02526/prospectus_0.pdf,True
02526,"Hangzhou Diagens Biotechnology Co., Ltd.",2026-03-30,allotment,Announcements and Notices - [Allotment Results] - Announcement of Allotment Results,https://www1.hkexnews.hk/listedco/listconews/sehk/2026/0327/2026032702330.pdf,,2026-03-27 20:11:00,pdfs/02526/allotment_0.pdf,True
02526,"Hangzhou Diagens Biotechnology Co., Ltd.",2026-03-30,over_allotment_exercise,,,,,,False
02526,"Hangzhou Diagens Biotechnology Co., Ltd.",2026-03-30,stabilization,,,,,,False
02726,"Epiworld International Co., Ltd.",2026-03-30,prospectus,Listing Documents - [Offer for Subscription] - GLOBAL OFFERING,https://www1.hkexnews.hk/listedco/listconews/sehk/2026/0320/2026032000029.pdf,,2026-03-20 06:14:00,pdfs/02726/prospectus_0.pdf,True
02726,"Epiworld International Co., Ltd.",2026-03-30,allotment,Announcements and Notices - [Allotment Results] - ANNOUNCEMENT OF ALLOTMENT RESULTS,https://www1.hkexnews.hk/listedco/listconews/sehk/2026/0327/2026032702128.pdf,,2026-03-27 19:46:00,pdfs/02726/allotment_0.pdf,True
02726,"Epiworld International Co., Ltd.",2026-03-30,over_allotment_exercise,,,,,,False
02726,"Epiworld International Co., Ltd.",2026-03-30,stabilization,,,,,,False
06636,"Shandong Extreme Vision Technology Co., Ltd.",2026-03-30,prospectus,Listing Documents - [Offer for Subscription] - GLOBAL OFFERING,https://www1.hkexnews.hk/listedco/listconews/sehk/2026/0320/2026032000097.pdf,,2026-03-20 06:38:00,pdfs/06636/prospectus_0.pdf,True
06636,"Shandong Extreme Vision Technology Co., Ltd.",2026-03-30,allotment,Announcements and Notices - [Allotment Results] - ANNOUNCEMENT OF ALLOTMENT RESULTS,https://www1.hkexnews.hk/listedco/listconews/sehk/2026/0327/2026032703232.pdf,,2026-03-27 21:59:00,pdfs/06636/allotment_0.pdf,True
06636,"Shandong Extreme Vision Technology Co., Ltd.",2026-03-30,over_allotment_exercise,,,,,,False
06636,"Shandong Extreme Vision Technology Co., Ltd.",2026-03-30,stabilization,,,,,,False
00664,"Hangzhou Tongshifu Cultural and Creative (Group) Co., Ltd.",2026-03-31,prospectus,Listing Documents - [Offer for Subscription] - GLOBAL OFFERING,https://www1.hkexnews.hk/listedco/listconews/sehk/2026/0323/2026032300037.pdf,,2026-03-23 06:22:00,pdfs/00664/prospectus_0.pdf,True
00664,"Hangzhou Tongshifu Cultural and Creative (Group) Co., Ltd.",2026-03-31,allotment,Announcements and Notices - [Allotment Results] - ANNOUNCEMENT OF FINAL OFFER PRICE AND ALLOTMENT RESULTS,https://www1.hkexnews.hk/listedco/listconews/sehk/2026/0330/2026033003120.pdf,,2026-03-30 22:11:00,pdfs/00664/allotment_0.pdf,True
00664,"Hangzhou Tongshifu Cultural and Creative (Group) Co., Ltd.",2026-03-31,over_allotment_exercise,,,,,,False
00664,"Hangzhou Tongshifu Cultural and Creative (Group) Co., Ltd.",2026-03-31,stabilization,"Announcements and Notices - [Other - Miscellaneous] - END OF STABILIZATION PERIOD, NO STABILIZATION ACTIONS AND LAPSE OF OVER-ALLOTMENT OPTION",https://www1.hkexnews.hk/listedco/listconews/sehk/2026/0430/2026043004704.pdf,,2026-04-30 22:50:00,pdfs/00664/stabilization_0.pdf,True
03625,"Shanghai FourSemi Semiconductor Co., Ltd.",2026-03-31,prospectus,Listing Documents - [Offer for Subscription] - Global Offering,https://www1.hkexnews.hk/listedco/listconews/sehk/2026/0323/2026032300023.pdf,,2026-03-23 06:15:00,pdfs/03625/prospectus_0.pdf,True
03625,"Shanghai FourSemi Semiconductor Co., Ltd.",2026-03-31,allotment,Announcements and Notices - [Allotment Results] - ANNOUNCEMENT OF FINAL OFFER PRICE AND ALLOTMENT RESULTS,https://www1.hkexnews.hk/listedco/listconews/sehk/2026/0330/2026033003564.pdf,,2026-03-30 22:33:00,pdfs/03625/allotment_0.pdf,True
03625,"Shanghai FourSemi Semiconductor Co., Ltd.",2026-03-31,over_allotment_exercise,,,,,,False
03625,"Shanghai FourSemi Semiconductor Co., Ltd.",2026-03-31,stabilization,,,,,,False
06656,"Sigenergy Technology Co., Ltd.",2026-04-16,prospectus,Listing Documents - [Offer for Subscription] - GLOBAL OFFERING,https://www1.hkexnews.hk/listedco/listconews/sehk/2026/0408/2026040800017.pdf,,2026-04-08 06:21:00,pdfs/06656/prospectus_0.pdf,True
06656,"Sigenergy Technology Co., Ltd.",2026-04-16,allotment,Announcements and Notices - [Allotment Results] - ANNOUNCEMENT OF ALLOTMENT RESULTS,https://www1.hkexnews.hk/listedco/listconews/sehk/2026/0415/2026041501574.pdf,,2026-04-15 22:32:00,pdfs/06656/allotment_0.pdf,True
06656,"Sigenergy Technology Co., Ltd.",2026-04-16,over_allotment_exercise,,,,,,False
06656,"Sigenergy Technology Co., Ltd.",2026-04-16,stabilization,"Announcements and Notices - [Other - Miscellaneous] - FULL EXERCISE OF THE OVER-ALLOTMENT OPTION, STABILIZING ACTIONS AND THE END OF STABILIZATION PERIOD",https://www1.hkexnews.hk/listedco/listconews/sehk/2026/0513/2026051301292.pdf,,2026-05-13 21:34:00,pdfs/06656/stabilization_0.pdf,True
03277,Gpixel Changchun Microelectronics Inc.,2026-04-17,prospectus,Listing Documents - [Offer for Subscription] - GLOBAL OFFERING,https://www1.hkexnews.hk/listedco/listconews/sehk/2026/0409/2026040900047.pdf,,2026-04-09 06:40:00,pdfs/03277/prospectus_0.pdf,True
03277,Gpixel Changchun Microelectronics Inc.,2026-04-17,allotment,Announcements and Notices - [Allotment Results] - ANNOUNCEMENT OF ALLOTMENT RESULTS,https://www1.hkexnews.hk/listedco/listconews/sehk/2026/0416/2026041602158.pdf,,2026-04-16 22:56:00,pdfs/03277/allotment_0.pdf,True
03277,Gpixel Changchun Microelectronics Inc.,2026-04-17,over_allotment_exercise,Announcements and Notices - [Other - Miscellaneous] - FULL EXERCISE OF THE OVER-ALLOTMENT OPTION,https://www1.hkexnews.hk/listedco/listconews/sehk/2026/0508/2026050801115.pdf,,2026-05-08 18:36:00,pdfs/03277/over_allotment_exercise_0.pdf,True
03277,Gpixel Changchun Microelectronics Inc.,2026-04-17,stabilization,Announcements and Notices - [Other - Miscellaneous] - STABILIZING ACTION AND END OF STABILIZATION PERIOD,https://www1.hkexnews.hk/listedco/listconews/sehk/2026/0514/2026051400392.pdf,,2026-05-14 16:39:00,pdfs/03277/stabilization_0.pdf,True
00068,Manycore Tech Inc.,2026-04-17,prospectus,Listing Documents - [Offer for Subscription] - GLOBAL OFFERING,https://www1.hkexnews.hk/listedco/listconews/sehk/2026/0409/2026040900025.pdf,,2026-04-09 06:16:00,pdfs/00068/prospectus_0.pdf,True
00068,Manycore Tech Inc.,2026-04-17,allotment,Announcements and Notices - [Allotment Results] - ANNOUNCEMENT OF FINAL OFFER PRICE AND ALLOTMENT RESULTS,https://www1.hkexnews.hk/listedco/listconews/sehk/2026/0416/2026041601684.pdf,,2026-04-16 20:59:00,pdfs/00068/allotment_0.pdf,True
00068,Manycore Tech Inc.,2026-04-17,over_allotment_exercise,Announcements and Notices - [Other - Miscellaneous] - FULL EXERCISE OF THE OVER-ALLOTMENT OPTION,https://www1.hkexnews.hk/listedco/listconews/sehk/2026/0420/2026042001756.pdf,,2026-04-20 22:39:00,pdfs/00068/over_allotment_exercise_0.pdf,True
00068,Manycore Tech Inc.,2026-04-17,stabilization,Announcements and Notices - [Other - Miscellaneous] - STABILIZING ACTIONS AND END OF STABILIZATION PERIOD,https://www1.hkexnews.hk/listedco/listconews/sehk/2026/0518/2026051801670.pdf,,2026-05-22 22:42:00,pdfs/00068/stabilization_0.pdf,True
02476,"Victory Giant Technology (HuiZhou) Co., Ltd.",2026-04-21,prospectus,Listing Documents - [Offer for Subscription] - GLOBAL OFFERING,https://www1.hkexnews.hk/listedco/listconews/sehk/2026/0413/2026041300005.pdf,,2026-04-13 06:12:00,pdfs/02476/prospectus_0.pdf,True
02476,"Victory Giant Technology (HuiZhou) Co., Ltd.",2026-04-21,allotment,Announcements and Notices - [Allotment Results] - ANNOUNCEMENT OF FINAL OFFER PRICE AND ALLOTMENT RESULTS,https://www1.hkexnews.hk/listedco/listconews/sehk/2026/0420/2026042001650.pdf,,2026-04-20 22:10:00,pdfs/02476/allotment_0.pdf,True
02476,"Victory Giant Technology (HuiZhou) Co., Ltd.",2026-04-21,over_allotment_exercise,Announcements and Notices - [Other - Miscellaneous] - FULL EXERCISE OF THE OVER-ALLOTMENT OPTION,https://www1.hkexnews.hk/listedco/listconews/sehk/2026/0422/2026042201506.pdf,,2026-04-22 18:57:00,pdfs/02476/over_allotment_exercise_0.pdf,True
02476,"Victory Giant Technology (HuiZhou) Co., Ltd.",2026-04-21,stabilization,Announcements and Notices - [Other - Miscellaneous] - STABILIZING ACTIONS AND END OF STABILIZATION PERIOD,https://www1.hkexnews.hk/listedco/listconews/sehk/2026/0518/2026051800452.pdf,,2026-05-18 16:32:00,pdfs/02476/stabilization_0.pdf,True
03296,"Huaqin Co., Ltd.",2026-04-23,prospectus,Listing Documents - [Offer for Subscription] - GLOBAL OFFERING,https://www1.hkexnews.hk/listedco/listconews/sehk/2026/0415/2026041500011.pdf,,2026-04-15 06:09:00,pdfs/03296/prospectus_0.pdf,True
03296,"Huaqin Co., Ltd.",2026-04-23,allotment,Announcements and Notices - [Allotment Results] - ANNOUNCEMENT OF FINAL OFFER PRICE AND ALLOTMENT RESULTS,https://www1.hkexnews.hk/listedco/listconews/sehk/2026/0422/2026042202072.pdf,,2026-04-22 22:21:00,pdfs/03296/allotment_0.pdf,True
03296,"Huaqin Co., Ltd.",2026-04-23,over_allotment_exercise,,,,,,False
03296,"Huaqin Co., Ltd.",2026-04-23,stabilization,"Announcements and Notices - [Other - Miscellaneous] - FULL EXERCISE OF THE OVER-ALLOTMENT OPTION, STABILIZING ACTIONS AND END OF STABILIZATION PERIOD",https://www1.hkexnews.hk/listedco/listconews/sehk/2026/0520/2026052001304.pdf,,2026-05-20 20:42:00,pdfs/03296/stabilization_0.pdf,True
01879,"Shanghai Xizhi Technology Co., Ltd.",2026-04-28,prospectus,Listing Documents - [Offer for Subscription] - GLOBAL OFFERING,https://www1.hkexnews.hk/listedco/listconews/sehk/2026/0420/2026042000021.pdf,,2026-04-20 06:25:00,pdfs/01879/prospectus_0.pdf,True
01879,"Shanghai Xizhi Technology Co., Ltd.",2026-04-28,allotment,Announcements and Notices - [Allotment Results] - ANNOUNCEMENT OF FINAL OFFER PRICE AND ALLOTMENT RESULTS,https://www1.hkexnews.hk/listedco/listconews/sehk/2026/0427/2026042703526.pdf,,2026-04-27 22:58:00,pdfs/01879/allotment_0.pdf,True
01879,"Shanghai Xizhi Technology Co., Ltd.",2026-04-28,over_allotment_exercise,Announcements and Notices - [Other - Miscellaneous] - FULL EXERCISE OF THE OVER-ALLOTMENT OPTION,https://www1.hkexnews.hk/listedco/listconews/sehk/2026/0511/2026051101122.pdf,,2026-05-11 19:09:00,pdfs/01879/over_allotment_exercise_0.pdf,True
01879,"Shanghai Xizhi Technology Co., Ltd.",2026-04-28,stabilization,Announcements and Notices - [Other - Miscellaneous] - STABILIZING ACTIONS AND END OF STABILIZATION PERIOD,https://www1.hkexnews.hk/listedco/listconews/sehk/2026/0525/2026052500077.pdf,,2026-05-25 18:36:00,pdfs/01879/stabilization_0.pdf,True
02493,"Mabwell (Shanghai) Bioscience Co., Ltd.",2026-04-28,prospectus,Listing Documents - [Offer for Subscription] - GLOBAL OFFERING,https://www1.hkexnews.hk/listedco/listconews/sehk/2026/0420/2026042000011.pdf,,2026-04-20 06:17:00,pdfs/02493/prospectus_0.pdf,True
02493,"Mabwell (Shanghai) Bioscience Co., Ltd.",2026-04-28,allotment,Announcements and Notices - [Allotment Results] - ANNOUNCEMENT OF FINAL OFFER PRICE AND ALLOTMENT RESULTS,https://www1.hkexnews.hk/listedco/listconews/sehk/2026/0427/2026042703128.pdf,,2026-04-27 22:08:00,pdfs/02493/allotment_0.pdf,True
02493,"Mabwell (Shanghai) Bioscience Co., Ltd.",2026-04-28,over_allotment_exercise,,,,,,False
02493,"Mabwell (Shanghai) Bioscience Co., Ltd.",2026-04-28,stabilization,,,,,,False
06810,"Shanghai Sunmi Technology Co., Ltd.",2026-04-29,prospectus,Listing Documents - [Offer for Subscription] - GLOBAL OFFERING,https://www1.hkexnews.hk/listedco/listconews/sehk/2026/0421/2026042100017.pdf,,2026-04-21 06:13:00,pdfs/06810/prospectus_0.pdf,True
06810,"Shanghai Sunmi Technology Co., Ltd.",2026-04-29,allotment,Announcements and Notices - [Allotment Results] - ANNOUNCEMENT OF ALLOTMENT RESULTS,https://www1.hkexnews.hk/listedco/listconews/sehk/2026/0428/2026042804737.pdf,,2026-04-28 22:30:00,pdfs/06810/allotment_0.pdf,True
06810,"Shanghai Sunmi Technology Co., Ltd.",2026-04-29,over_allotment_exercise,,,,,,False
06810,"Shanghai Sunmi Technology Co., Ltd.",2026-04-29,stabilization,,,,,,False
01609,"Star Sports Medicine Co., Ltd.",2026-05-05,prospectus,Listing Documents - [Offer for Subscription] - GLOBAL OFFERING,https://www1.hkexnews.hk/listedco/listconews/sehk/2026/0424/2026042400053.pdf,,2026-04-24 06:13:00,pdfs/01609/prospectus_0.pdf,True
01609,"Star Sports Medicine Co., Ltd.",2026-05-05,allotment,Announcements and Notices - [Allotment Results] - ANNOUNCEMENT OF ALLOTMENT RESULTS,https://www1.hkexnews.hk/listedco/listconews/sehk/2026/0504/2026050403728.pdf,,2026-05-04 22:50:00,pdfs/01609/allotment_0.pdf,True
01609,"Star Sports Medicine Co., Ltd.",2026-05-05,over_allotment_exercise,,,,,,False
01609,"Star Sports Medicine Co., Ltd.",2026-05-05,stabilization,,,,,,False
01187,"Cofoe Medical Technology Co., Ltd.",2026-05-06,prospectus,Listing Documents - [Offer for Subscription] - GLOBAL OFFERING,https://www1.hkexnews.hk/listedco/listconews/sehk/2026/0427/2026042700013.pdf,,2026-04-27 06:14:00,pdfs/01187/prospectus_0.pdf,True
01187,"Cofoe Medical Technology Co., Ltd.",2026-05-06,allotment,Announcements and Notices - [Allotment Results] - ANNOUNCEMENT OF FINAL OFFER PRICE AND ALLOTMENT RESULTS,https://www1.hkexnews.hk/listedco/listconews/sehk/2026/0505/2026050501942.pdf,,2026-05-05 22:12:00,pdfs/01187/allotment_0.pdf,True
01187,"Cofoe Medical Technology Co., Ltd.",2026-05-06,over_allotment_exercise,,,,,,False
01187,"Cofoe Medical Technology Co., Ltd.",2026-05-06,stabilization,,,,,,False
01236,"SHENZHEN LDROBOT CO., LTD",2026-05-11,prospectus,Listing Documents - [Offer for Subscription] - GLOBAL OFFERING,https://www1.hkexnews.hk/listedco/listconews/sehk/2026/0430/2026043000099.pdf,,2026-04-30 06:13:00,pdfs/01236/prospectus_0.pdf,True
01236,"SHENZHEN LDROBOT CO., LTD",2026-05-11,allotment,Announcements and Notices - [Allotment Results] - ANNOUNCEMENT OF FINAL OFFER PRICE AND ALLOTMENT RESULTS,https://www1.hkexnews.hk/listedco/listconews/sehk/2026/0508/2026050801854.pdf,,2026-05-08 22:38:00,pdfs/01236/allotment_0.pdf,True
01236,"SHENZHEN LDROBOT CO., LTD",2026-05-11,over_allotment_exercise,,,,,,False
01236,"SHENZHEN LDROBOT CO., LTD",2026-05-11,stabilization,"Announcements and Notices - [Other - Miscellaneous] - END OF STABILIZATION PERIOD, NO STABILIZATION ACTIONS AND LAPSE OF OVER-ALLOTMENT OPTION",https://www1.hkexnews.hk/listedco/listconews/sehk/2026/0609/2026060901520.pdf,,2026-06-09 22:06:00,pdfs/01236/stabilization_0.pdf,True
07630,"IMPACT Therapeutics, Inc",2026-05-13,prospectus,Listing Documents - [Offer for Subscription] - GLOBAL OFFERING,https://www1.hkexnews.hk/listedco/listconews/sehk/2026/0505/2026050500023.pdf,,2026-05-05 06:18:00,pdfs/07630/prospectus_0.pdf,True
07630,"IMPACT Therapeutics, Inc",2026-05-13,allotment,Announcements and Notices - [Allotment Results] - Announcement of Final Offer Price and Allotment Results,https://www1.hkexnews.hk/listedco/listconews/sehk/2026/0512/2026051201406.pdf,,2026-05-12 21:52:00,pdfs/07630/allotment_0.pdf,True
07630,"IMPACT Therapeutics, Inc",2026-05-13,over_allotment_exercise,Announcements and Notices - [Other - Miscellaneous] - FULL EXERCISE OF THE OVER-ALLOTMENT OPTION,https://www1.hkexnews.hk/listedco/listconews/sehk/2026/0605/2026060502042.pdf,,2026-06-05 20:52:00,pdfs/07630/over_allotment_exercise_0.pdf,True
07630,"IMPACT Therapeutics, Inc",2026-05-13,stabilization,Announcements and Notices - [Other - Miscellaneous] - STABILIZING ACTIONS AND END OF STABILIZATION PERIOD,https://www1.hkexnews.hk/listedco/listconews/sehk/2026/0608/2026060800490.pdf,,2026-06-08 16:50:00,pdfs/07630/stabilization_0.pdf,True
07666,"Metis TechBio Co., Ltd.",2026-05-13,prospectus,Listing Documents - [Offer for Subscription] - GLOBAL OFFERING,https://www1.hkexnews.hk/listedco/listconews/sehk/2026/0505/2026050500019.pdf,,2026-05-05 06:14:00,pdfs/07666/prospectus_0.pdf,True
07666,"Metis TechBio Co., Ltd.",2026-05-13,allotment,Announcements and Notices - [Allotment Results] - Announcement of Allotment Results,https://www1.hkexnews.hk/listedco/listconews/sehk/2026/0512/2026051201482.pdf,,2026-05-12 22:43:00,pdfs/07666/allotment_0.pdf,True
07666,"Metis TechBio Co., Ltd.",2026-05-13,over_allotment_exercise,,,,,,False
07666,"Metis TechBio Co., Ltd.",2026-05-13,stabilization,"Announcements and Notices - [Other - Miscellaneous] - FULL EXERCISE OF THE OVER-ALLOTMENT OPTION, STABILIZING ACTIONS AND END OF STABILIZATION PERIOD",https://www1.hkexnews.hk/listedco/listconews/sehk/2026/0605/2026060501450.pdf,,2026-06-05 18:49:00,pdfs/07666/stabilization_0.pdf,True
06871,"Robotphoenix Intelligent Technology Co., Ltd.",2026-05-18,prospectus,Listing Documents - [Offer for Subscription] - GLOBAL OFFERING,https://www1.hkexnews.hk/listedco/listconews/sehk/2026/0508/2026050800015.pdf,,2026-05-08 06:14:00,pdfs/06871/prospectus_0.pdf,True
06871,"Robotphoenix Intelligent Technology Co., Ltd.",2026-05-18,allotment,Announcements and Notices - [Allotment Results] - ANNOUNCEMENT OF ALLOTMENT RESULTS,https://www1.hkexnews.hk/listedco/listconews/sehk/2026/0515/2026051502141.pdf,,2026-05-15 22:57:00,pdfs/06871/allotment_0.pdf,True
06871,"Robotphoenix Intelligent Technology Co., Ltd.",2026-05-18,over_allotment_exercise,,,,,,False
06871,"Robotphoenix Intelligent Technology Co., Ltd.",2026-05-18,stabilization,,,,,,False
01511,"UISEE Technologies (Beijing) Co., Ltd.",2026-05-20,prospectus,Listing Documents - [Offer for Subscription] - GLOBAL OFFERING,https://www1.hkexnews.hk/listedco/listconews/sehk/2026/0512/2026051200147.pdf,,2026-05-12 06:37:00,pdfs/01511/prospectus_0.pdf,True
01511,"UISEE Technologies (Beijing) Co., Ltd.",2026-05-20,allotment,Announcements and Notices - [Allotment Results] - ANNOUNCEMENT OF ALLOTMENT RESULTS,https://www1.hkexnews.hk/listedco/listconews/sehk/2026/0519/2026051901257.pdf,,2026-05-19 21:52:00,pdfs/01511/allotment_0.pdf,True
01511,"UISEE Technologies (Beijing) Co., Ltd.",2026-05-20,over_allotment_exercise,,,,,,False
01511,"UISEE Technologies (Beijing) Co., Ltd.",2026-05-20,stabilization,,,,,,False
07688,"Shanghai Top Numerical Control Technology Co., Ltd.",2026-05-20,prospectus,Listing Documents - [Offer for Subscription] - GLOBAL OFFERING,https://www1.hkexnews.hk/listedco/listconews/sehk/2026/0512/2026051200017.pdf,,2026-05-12 06:09:00,pdfs/07688/prospectus_0.pdf,True
07688,"Shanghai Top Numerical Control Technology Co., Ltd.",2026-05-20,allotment,Announcements and Notices - [Allotment Results] - ANNOUNCEMENT OF ALLOTMENT RESULTS,https://www1.hkexnews.hk/listedco/listconews/sehk/2026/0519/2026051901261.pdf,,2026-05-19 21:54:00,pdfs/07688/allotment_0.pdf,True
07688,"Shanghai Top Numerical Control Technology Co., Ltd.",2026-05-20,over_allotment_exercise,,,,,,False
07688,"Shanghai Top Numerical Control Technology Co., Ltd.",2026-05-20,stabilization,"Announcements and Notices - [Other - Miscellaneous] - FULL EXERCISE OF THE OVER-ALLOTMENT OPTION, STABILIZING ACTIONS AND THE END OF STABILIZATION PERIOD",https://www1.hkexnews.hk/listedco/listconews/sehk/2026/0614/2026061400165.pdf,,2026-06-14 19:03:00,pdfs/07688/stabilization_0.pdf,True
06872,TenNor Therapeutics (Suzhou) Limited,2026-05-22,prospectus,Listing Documents - [Offer for Subscription] - GLOBAL OFFERING,https://www1.hkexnews.hk/listedco/listconews/sehk/2026/0514/2026051400013.pdf,,2026-05-14 06:14:00,pdfs/06872/prospectus_0.pdf,True
06872,TenNor Therapeutics (Suzhou) Limited,2026-05-22,allotment,Announcements and Notices - [Allotment Results] - ANNOUNCEMENT OF ALLOTMENT RESULTS,https://www1.hkexnews.hk/listedco/listconews/sehk/2026/0521/2026052101298.pdf,,2026-05-21 19:43:00,pdfs/06872/allotment_0.pdf,True
06872,TenNor Therapeutics (Suzhou) Limited,2026-05-22,over_allotment_exercise,,,,,,False
06872,TenNor Therapeutics (Suzhou) Limited,2026-05-22,stabilization,,,,,,False
00901,"Shenzhen SDMC Technology Co., Ltd.",2026-05-27,prospectus,Listing Documents - [Offer for Subscription] - GLOBAL OFFERING,https://www1.hkexnews.hk/listedco/listconews/sehk/2026/0518/2026051800027.pdf,,2026-05-18 06:37:00,pdfs/00901/prospectus_0.pdf,True
00901,"Shenzhen SDMC Technology Co., Ltd.",2026-05-27,allotment,Announcements and Notices - [Allotment Results] - ANNOUNCEMENT OF ALLOTMENT RESULTS,https://www1.hkexnews.hk/listedco/listconews/sehk/2026/0526/2026052602392.pdf,,2026-05-26 22:59:00,pdfs/00901/allotment_0.pdf,True
00901,"Shenzhen SDMC Technology Co., Ltd.",2026-05-27,allotment,Announcements and Notices - [Allotment Results] - ANNOUNCEMENT OF ALLOTMENT RESULTS,https://www1.hkexnews.hk/listedco/listconews/sehk/2026/0527/2026052700001.pdf,,2026-05-27 06:07:00,pdfs/00901/allotment_1.pdf,True
00901,"Shenzhen SDMC Technology Co., Ltd.",2026-05-27,over_allotment_exercise,,,,,,False
00901,"Shenzhen SDMC Technology Co., Ltd.",2026-05-27,stabilization,,,,,,False
02723,"Beijing DeepZero Technology Co., Ltd.",2026-05-27,prospectus,Listing Documents - [Offer for Subscription] - GLOBAL OFFERING,https://www1.hkexnews.hk/listedco/listconews/sehk/2026/0518/2026051800023.pdf,,2026-05-18 06:16:00,pdfs/02723/prospectus_0.pdf,True
02723,"Beijing DeepZero Technology Co., Ltd.",2026-05-27,allotment,Announcements and Notices - [Allotment Results] - ANNOUNCEMENT OF FINAL OFFER PRICE AND ALLOTMENT RESULTS,https://www1.hkexnews.hk/listedco/listconews/sehk/2026/0526/2026052602298.pdf,,2026-05-26 22:49:00,pdfs/02723/allotment_0.pdf,True
02723,"Beijing DeepZero Technology Co., Ltd.",2026-05-27,over_allotment_exercise,,,,,,False
02723,"Beijing DeepZero Technology Co., Ltd.",2026-05-27,stabilization,,,,,,False
03310,"Viewtrix Technology Co., Ltd",2026-05-27,prospectus,Listing Documents - [Offer for Subscription] - GLOBAL OFFERING,https://www1.hkexnews.hk/listedco/listconews/sehk/2026/0518/2026051800021.pdf,,2026-05-18 06:16:00,pdfs/03310/prospectus_0.pdf,True
03310,"Viewtrix Technology Co., Ltd",2026-05-27,allotment,Announcements and Notices - [Allotment Results] - Announcement of Allotment Results,https://www1.hkexnews.hk/listedco/listconews/sehk/2026/0526/2026052601908.pdf,,2026-05-26 22:05:00,pdfs/03310/allotment_0.pdf,True
03310,"Viewtrix Technology Co., Ltd",2026-05-27,over_allotment_exercise,Announcements and Notices - [Other - Miscellaneous] - FULL EXERCISE OF THE OVER-ALLOTMENT OPTION,https://www1.hkexnews.hk/listedco/listconews/sehk/2026/0618/2026061801408.pdf,,2026-06-18 19:13:00,pdfs/03310/over_allotment_exercise_0.pdf,True
03310,"Viewtrix Technology Co., Ltd",2026-05-27,stabilization,Announcements and Notices - [Other - Miscellaneous] - STABILIZING ACTIONS AND END OF STABILIZATION PERIOD,https://www1.hkexnews.hk/listedco/listconews/sehk/2026/0621/2026062100023.pdf,,2026-06-21 18:10:00,pdfs/03310/stabilization_0.pdf,True
03388,"Shenzhen Creality 3D Technology Co., Ltd.",2026-05-29,prospectus,Listing Documents - [Offer for Subscription] - GLOBAL OFFERING,https://www1.hkexnews.hk/listedco/listconews/sehk/2026/0520/2026052000023.pdf,,2026-05-20 06:15:00,pdfs/03388/prospectus_0.pdf,True
03388,"Shenzhen Creality 3D Technology Co., Ltd.",2026-05-29,allotment,Announcements and Notices - [Allotment Results] - ANNOUNCEMENT OF ALLOTMENT RESULTS,https://www1.hkexnews.hk/listedco/listconews/sehk/2026/0528/2026052802543.pdf,,2026-05-28 22:38:00,pdfs/03388/allotment_0.pdf,True
03388,"Shenzhen Creality 3D Technology Co., Ltd.",2026-05-29,over_allotment_exercise,,,,,,False
03388,"Shenzhen Creality 3D Technology Co., Ltd.",2026-05-29,stabilization,"Announcements and Notices - [Other - Miscellaneous] - FULL EXERCISE OF THE OVER-ALLOTMENT OPTION, STABILIZING ACTIONS AND THE END OF STABILIZATION PERIOD",https://www1.hkexnews.hk/listedco/listconews/sehk/2026/0625/2026062502150.pdf,,2026-06-25 22:25:00,pdfs/03388/stabilization_0.pdf,True
02553,"Beijing Shougang LanzaTech Technology Co., Ltd.",2026-06-03,prospectus,Listing Documents - [Offer for Subscription] - GLOBAL OFFERING,https://www1.hkexnews.hk/listedco/listconews/sehk/2026/0526/2026052600047.pdf,,2026-05-26 06:32:00,pdfs/02553/prospectus_0.pdf,True
02553,"Beijing Shougang LanzaTech Technology Co., Ltd.",2026-06-03,allotment,Announcements and Notices - [Allotment Results] - ANNOUNCEMENT OF FINAL OFFER PRICE AND ALLOTMENT RESULTS,https://www1.hkexnews.hk/listedco/listconews/sehk/2026/0602/2026060202644.pdf,,2026-06-02 21:18:00,pdfs/02553/allotment_0.pdf,True
02553,"Beijing Shougang LanzaTech Technology Co., Ltd.",2026-06-03,over_allotment_exercise,,,,,,False
02553,"Beijing Shougang LanzaTech Technology Co., Ltd.",2026-06-03,stabilization,"Announcements and Notices - [Other - Miscellaneous] - END OF STABILIZATION PERIOD, NO STABILIZING ACTION AND LAPSE OF THE OVER-ALLOTMENT OPTION",https://www1.hkexnews.hk/listedco/listconews/sehk/2026/0630/2026063000051.pdf,,2026-06-30 06:18:00,pdfs/02553/stabilization_0.pdf,True
01779,"LongBio Pharma (Suzhou) Co., Ltd.",2026-06-05,prospectus,Listing Documents - [Offer for Subscription] - GLOBAL OFFERING,https://www1.hkexnews.hk/listedco/listconews/sehk/2026/0528/2026052800023.pdf,,2026-05-28 06:17:00,pdfs/01779/prospectus_0.pdf,True
01779,"LongBio Pharma (Suzhou) Co., Ltd.",2026-06-05,allotment,Announcements and Notices - [Allotment Results] - Announcement of Allotment Results,https://www1.hkexnews.hk/listedco/listconews/sehk/2026/0604/2026060402923.pdf,,2026-06-04 22:24:00,pdfs/01779/allotment_0.pdf,True
01779,"LongBio Pharma (Suzhou) Co., Ltd.",2026-06-05,over_allotment_exercise,Announcements and Notices - [Other - Miscellaneous] - FULL EXERCISE OF THE OVER-ALLOTMENT OPTION,https://www1.hkexnews.hk/listedco/listconews/sehk/2026/0630/2026063003157.pdf,,2026-06-30 22:27:00,pdfs/01779/over_allotment_exercise_0.pdf,True
01779,"LongBio Pharma (Suzhou) Co., Ltd.",2026-06-05,stabilization,Announcements and Notices - [Other - Miscellaneous] - STABILIZING ACTIONS AND END OF STABILIZATION PERIOD,https://www1.hkexnews.hk/listedco/listconews/sehk/2026/0702/2026070203309.pdf,,2026-07-02 18:40:00,pdfs/01779/stabilization_0.pdf,True
02290,Lung Fung Group Holdings Limited,2026-06-05,prospectus,Listing Documents - [Offer for Subscription] - GLOBAL OFFERING,https://www1.hkexnews.hk/listedco/listconews/sehk/2026/0528/2026052800031.pdf,,2026-05-28 06:20:00,pdfs/02290/prospectus_0.pdf,True
02290,Lung Fung Group Holdings Limited,2026-06-05,allotment,Announcements and Notices - [Allotment Results] - ANNOUNCEMENT OF FINAL OFFER PRICE AND ALLOTMENT RESULTS,https://www1.hkexnews.hk/listedco/listconews/sehk/2026/0604/2026060402521.pdf,,2026-06-04 19:43:00,pdfs/02290/allotment_0.pdf,True
02290,Lung Fung Group Holdings Limited,2026-06-05,over_allotment_exercise,,,,,,False
02290,Lung Fung Group Holdings Limited,2026-06-05,stabilization,"Announcements and Notices - [Other - Miscellaneous] - END OF STABILISATION PERIOD, NO STABILISING ACTIONS AND LAPSE OF THE OVER-ALLOTMENT OPTION",https://www1.hkexnews.hk/listedco/listconews/sehk/2026/0702/2026070203049.pdf,,2026-07-02 18:01:00,pdfs/02290/stabilization_0.pdf,True
01081,"Dajin Heavy Industry Co., Ltd.",2026-06-05,prospectus,Listing Documents - [Offer for Subscription] - GLOBAL OFFERING,https://www1.hkexnews.hk/listedco/listconews/sehk/2026/0528/2026052800019.pdf,,2026-05-28 06:14:00,pdfs/01081/prospectus_0.pdf,True
01081,"Dajin Heavy Industry Co., Ltd.",2026-06-05,allotment,Announcements and Notices - [Allotment Results] - Announcement of Allotment Results,https://www1.hkexnews.hk/listedco/listconews/sehk/2026/0604/2026060402919.pdf,,2026-06-04 22:22:00,pdfs/01081/allotment_0.pdf,True
01081,"Dajin Heavy Industry Co., Ltd.",2026-06-05,over_allotment_exercise,,,,,,False
01081,"Dajin Heavy Industry Co., Ltd.",2026-06-05,stabilization,"Announcements and Notices - [Other - Miscellaneous] - PARTIAL EXERCISE OF THE OVER-ALLOTMENT OPTION, STABILIZING ACTIONS AND END OF STABILIZATION PERIOD",https://www1.hkexnews.hk/listedco/listconews/sehk/2026/0702/2026070203999.pdf,,2026-07-02 22:40:00,pdfs/01081/stabilization_0.pdf,True
06658,"Liuliumei Co., Ltd.",2026-06-15,prospectus,Listing Documents - [Offer for Subscription] - GLOBAL OFFERING,https://www1.hkexnews.hk/listedco/listconews/sehk/2026/0605/2026060500023.pdf,,2026-06-05 06:13:00,pdfs/06658/prospectus_0.pdf,True
06658,"Liuliumei Co., Ltd.",2026-06-15,allotment,Announcements and Notices - [Allotment Results] - ANNOUNCEMENT OF ALLOTMENT RESULTS,https://www1.hkexnews.hk/listedco/listconews/sehk/2026/0612/2026061202100.pdf,,2026-06-12 22:38:00,pdfs/06658/allotment_0.pdf,True
06658,"Liuliumei Co., Ltd.",2026-06-15,over_allotment_exercise,,,,,,False
06658,"Liuliumei Co., Ltd.",2026-06-15,stabilization,,,,,,False
06675,"SENASIC Electronics Technology Co., Ltd.",2026-06-17,prospectus,Listing Documents - [Offer for Subscription] - GLOBAL OFFERING,https://www1.hkexnews.hk/listedco/listconews/sehk/2026/0609/2026060900029.pdf,,2026-06-09 06:18:00,pdfs/06675/prospectus_0.pdf,True
06675,"SENASIC Electronics Technology Co., Ltd.",2026-06-17,allotment,Announcements and Notices - [Allotment Results] - ANNOUNCEMENT OF ALLOTMENT RESULTS,https://www1.hkexnews.hk/listedco/listconews/sehk/2026/0616/2026061601760.pdf,,2026-06-16 21:59:00,pdfs/06675/allotment_0.pdf,True
06675,"SENASIC Electronics Technology Co., Ltd.",2026-06-17,over_allotment_exercise,,,,,,False
06675,"SENASIC Electronics Technology Co., Ltd.",2026-06-17,stabilization,,,,,,False
01392,"Shenzhen HQVT Technology Co., Ltd.",2026-06-22,prospectus,Listing Documents - [Offer for Subscription] - GLOBAL OFFERING,https://www1.hkexnews.hk/listedco/listconews/sehk/2026/0611/2026061100015.pdf,,2026-06-11 06:21:00,pdfs/01392/prospectus_0.pdf,True
01392,"Shenzhen HQVT Technology Co., Ltd.",2026-06-22,allotment,Announcements and Notices - [Allotment Results] - ANNOUNCEMENT OF ALLOTMENT RESULTS,https://www1.hkexnews.hk/listedco/listconews/sehk/2026/0618/2026061802066.pdf,,2026-06-18 22:24:00,pdfs/01392/allotment_0.pdf,True
01392,"Shenzhen HQVT Technology Co., Ltd.",2026-06-22,over_allotment_exercise,,,,,,False
01392,"Shenzhen HQVT Technology Co., Ltd.",2026-06-22,stabilization,,,,,,False
06067,"Shenzhen Senior Technology Material Co., Ltd.",2026-06-23,prospectus,Listing Documents - [Offer for Subscription] - GLOBAL OFFERING,https://www1.hkexnews.hk/listedco/listconews/sehk/2026/0612/2026061200031.pdf,,2026-06-12 06:32:00,pdfs/06067/prospectus_0.pdf,True
06067,"Shenzhen Senior Technology Material Co., Ltd.",2026-06-23,allotment,Announcements and Notices - [Allotment Results] - ANNOUNCEMENT OF ALLOTMENT RESULTS,https://www1.hkexnews.hk/listedco/listconews/sehk/2026/0622/2026062202141.pdf,,2026-06-22 22:58:00,pdfs/06067/allotment_0.pdf,True
06067,"Shenzhen Senior Technology Material Co., Ltd.",2026-06-23,over_allotment_exercise,,,,,,False
06067,"Shenzhen Senior Technology Material Co., Ltd.",2026-06-23,stabilization,,,,,,False
06132,"HJ Science Co., Ltd.",2026-06-23,prospectus,Listing Documents - [Offer for Subscription] - GLOBAL OFFERING,https://www1.hkexnews.hk/listedco/listconews/sehk/2026/0612/2026061200083.pdf,,2026-06-12 07:15:00,pdfs/06132/prospectus_0.pdf,True
06132,"HJ Science Co., Ltd.",2026-06-23,allotment,Announcements and Notices - [Allotment Results] - ANNOUNCEMENT OF ALLOTMENT RESULTS,https://www1.hkexnews.hk/listedco/listconews/sehk/2026/0622/2026062201627.pdf,,2026-06-22 21:30:00,pdfs/06132/allotment_0.pdf,True
06132,"HJ Science Co., Ltd.",2026-06-23,over_allotment_exercise,,,,,,False
06132,"HJ Science Co., Ltd.",2026-06-23,stabilization,,,,,,False
02335,"Shaanxi Micot Pharmaceutical Technology Co., Ltd.",2026-06-24,prospectus,Listing Documents - [Offer for Subscription] - GLOBAL OFFERING,https://www1.hkexnews.hk/listedco/listconews/sehk/2026/0615/2026061500009.pdf,,2026-06-15 06:12:00,pdfs/02335/prospectus_0.pdf,True
02335,"Shaanxi Micot Pharmaceutical Technology Co., Ltd.",2026-06-24,allotment,Announcements and Notices - [Allotment Results] - ANNOUNCEMENT OF ALLOTMENT RESULTS,https://www1.hkexnews.hk/listedco/listconews/sehk/2026/0623/2026062301227.pdf,,2026-06-23 19:30:00,pdfs/02335/allotment_0.pdf,True
02335,"Shaanxi Micot Pharmaceutical Technology Co., Ltd.",2026-06-24,over_allotment_exercise,,,,,,False
02335,"Shaanxi Micot Pharmaceutical Technology Co., Ltd.",2026-06-24,stabilization,,,,,,False
06106,"Shanghai Seer Intelligent Technology Co., Ltd.",2026-06-24,prospectus,Listing Documents - [Offer for Subscription] - GLOBAL OFFERING,https://www1.hkexnews.hk/listedco/listconews/sehk/2026/0615/2026061500013.pdf,,2026-06-15 06:22:00,pdfs/06106/prospectus_0.pdf,True
06106,"Shanghai Seer Intelligent Technology Co., Ltd.",2026-06-24,allotment,Announcements and Notices - [Allotment Results] - ANNOUNCEMENT OF ALLOTMENT RESULTS,https://www1.hkexnews.hk/listedco/listconews/sehk/2026/0623/2026062302143.pdf,,2026-06-23 22:57:00,pdfs/06106/allotment_0.pdf,True
06106,"Shanghai Seer Intelligent Technology Co., Ltd.",2026-06-24,over_allotment_exercise,,,,,,False
06106,"Shanghai Seer Intelligent Technology Co., Ltd.",2026-06-24,stabilization,,,,,,False
02272,KEYTOP PARKING INC.,2026-06-26,prospectus,Listing Documents - [Offer for Subscription] - Global Offering,https://www1.hkexnews.hk/listedco/listconews/sehk/2026/0617/2026061700071.pdf,,2026-06-17 06:33:00,pdfs/02272/prospectus_0.pdf,True
02272,KEYTOP PARKING INC.,2026-06-26,allotment,Announcements and Notices - [Allotment Results] - ANNOUNCEMENT OF ALLOTMENT RESULTS,https://www1.hkexnews.hk/listedco/listconews/sehk/2026/0625/2026062501916.pdf,,2026-06-25 21:12:00,pdfs/02272/allotment_0.pdf,True
02272,KEYTOP PARKING INC.,2026-06-26,over_allotment_exercise,,,,,,False
02272,KEYTOP PARKING INC.,2026-06-26,stabilization,,,,,,False
06228,PT MERDEKA GOLD RESOURCES Tbk- DRS,2026-06-26,prospectus,Listing Documents - [Offer for Subscription] - GLOBAL OFFERING OF DEPOSITARY RECEIPTS,https://www1.hkexnews.hk/listedco/listconews/sehk/2026/0617/2026061700075.pdf,,2026-06-17 06:34:00,pdfs/06228/prospectus_0.pdf,True
06228,PT MERDEKA GOLD RESOURCES Tbk- DRS,2026-06-26,allotment,Announcements and Notices - [Allotment Results] - ANNOUNCEMENT OF FINAL OFFER PRICE AND ALLOTMENT RESULTS,https://www1.hkexnews.hk/listedco/listconews/sehk/2026/0625/2026062502338.pdf,,2026-06-25 22:53:00,pdfs/06228/allotment_0.pdf,True
06228,PT MERDEKA GOLD RESOURCES Tbk- DRS,2026-06-26,over_allotment_exercise,,,,,,False
06228,PT MERDEKA GOLD RESOURCES Tbk- DRS,2026-06-26,stabilization,,,,,,False
03661,SG Micro Corp,2026-06-26,prospectus,Listing Documents - [Offer for Subscription] - GLOBAL OFFERING,https://www1.hkexnews.hk/listedco/listconews/sehk/2026/0617/2026061700041.pdf,,2026-06-17 06:24:00,pdfs/03661/prospectus_0.pdf,True
03661,SG Micro Corp,2026-06-26,prospectus,Listing Documents - [Offer for Subscription] - GLOBAL OFFERING,https://www1.hkexnews.hk/listedco/listconews/sehk/2026/0617/12205768/2026061700167.pdf,https://www1.hkexnews.hk/listedco/listconews/sehk/2026/0617/2026061700162.htm,2026-06-17 06:43:00,pdfs/03661/prospectus_1.pdf,True
03661,SG Micro Corp,2026-06-26,allotment,Announcements and Notices - [Allotment Results] - ANNOUNCEMENT OF FINAL OFFER PRICE AND ALLOTMENT RESULTS,https://www1.hkexnews.hk/listedco/listconews/sehk/2026/0625/2026062502076.pdf,,2026-06-25 22:21:00,pdfs/03661/allotment_0.pdf,True
03661,SG Micro Corp,2026-06-26,over_allotment_exercise,,,,,,False
03661,SG Micro Corp,2026-06-26,stabilization,,,,,,False
01688,LINGYI iTECH (GUANGDONG) COMPANY,2026-06-26,prospectus,Listing Documents - [Offer for Subscription] - GLOBAL OFFERING,https://www1.hkexnews.hk/listedco/listconews/sehk/2026/0617/2026061700029.pdf,,2026-06-17 06:13:00,pdfs/01688/prospectus_0.pdf,True
01688,LINGYI iTECH (GUANGDONG) COMPANY,2026-06-26,allotment,Announcements and Notices - [Allotment Results] - ANNOUNCEMENT OF FINAL OFFER PRICE AND ALLOTMENT RESULTS,https://www1.hkexnews.hk/listedco/listconews/sehk/2026/0625/2026062502292.pdf,,2026-06-25 22:41:00,pdfs/01688/allotment_0.pdf,True
01688,LINGYI iTECH (GUANGDONG) COMPANY,2026-06-26,over_allotment_exercise,,,,,,False
01688,LINGYI iTECH (GUANGDONG) COMPANY,2026-06-26,stabilization,,,,,,False
01956,"Beijing Zhongke WengeAI Science and Technology Co., Ltd.",2026-06-26,prospectus,Listing Documents - [Offer for Subscription] - GLOBAL OFFERING,https://www1.hkexnews.hk/listedco/listconews/sehk/2026/0617/2026061700025.pdf,,2026-06-17 06:11:00,pdfs/01956/prospectus_0.pdf,True
01956,"Beijing Zhongke WengeAI Science and Technology Co., Ltd.",2026-06-26,allotment,Announcements and Notices - [Allotment Results] - ANNOUNCEMENT OF ALLOTMENT RESULTS,https://www1.hkexnews.hk/listedco/listconews/sehk/2026/0625/2026062501938.pdf,,2026-06-25 21:27:00,pdfs/01956/allotment_0.pdf,True
01956,"Beijing Zhongke WengeAI Science and Technology Co., Ltd.",2026-06-26,over_allotment_exercise,,,,,,False
01956,"Beijing Zhongke WengeAI Science and Technology Co., Ltd.",2026-06-26,stabilization,,,,,,False
09630,"Circuit Fabology Microelectronics Equipment Co., Ltd.",2026-06-26,prospectus,Listing Documents - [Offer for Subscription] - GLOBAL OFFERING,https://www1.hkexnews.hk/listedco/listconews/sehk/2026/0617/2026061700039.pdf,,2026-06-17 06:17:00,pdfs/09630/prospectus_0.pdf,True
09630,"Circuit Fabology Microelectronics Equipment Co., Ltd.",2026-06-26,allotment,Announcements and Notices - [Allotment Results] - ANNOUNCEMENT OF FINAL OFFER PRICE AND ALLOTMENT RESULTS,https://www1.hkexnews.hk/listedco/listconews/sehk/2026/0625/2026062502296.pdf,,2026-06-25 22:42:00,pdfs/09630/allotment_0.pdf,True
09630,"Circuit Fabology Microelectronics Equipment Co., Ltd.",2026-06-26,over_allotment_exercise,,,,,,False
09630,"Circuit Fabology Microelectronics Equipment Co., Ltd.",2026-06-26,stabilization,,,,,,False
09637,Alebund Pharmaceuticals (Jiangsu) Limited,2026-06-29,prospectus,Listing Documents - [Offer for Subscription] - GLOBAL OFFERING,https://www1.hkexnews.hk/listedco/listconews/sehk/2026/0618/2026061800025.pdf,,2026-06-18 06:11:00,pdfs/09637/prospectus_0.pdf,True
09637,Alebund Pharmaceuticals (Jiangsu) Limited,2026-06-29,allotment,Announcements and Notices - [Allotment Results] - ANNOUNCEMENT OF FINAL OFFER PRICE AND ALLOTMENT RESULTS,https://www1.hkexnews.hk/listedco/listconews/sehk/2026/0626/2026062603033.pdf,,2026-06-26 22:44:00,pdfs/09637/allotment_0.pdf,True
09637,Alebund Pharmaceuticals (Jiangsu) Limited,2026-06-29,over_allotment_exercise,,,,,,False
09637,Alebund Pharmaceuticals (Jiangsu) Limited,2026-06-29,stabilization,,,,,,False
01191,"Crealights Technology Co., Ltd.",2026-06-29,prospectus,Listing Documents - [Offer for Subscription] - Global Offering,https://www1.hkexnews.hk/listedco/listconews/sehk/2026/0618/2026061800079.pdf,,2026-06-18 06:38:00,pdfs/01191/prospectus_0.pdf,True
01191,"Crealights Technology Co., Ltd.",2026-06-29,allotment,Announcements and Notices - [Allotment Results] - ANNOUNCEMENT OF ALLOTMENT RESULTS,https://www1.hkexnews.hk/listedco/listconews/sehk/2026/0626/2026062602599.pdf,,2026-06-26 21:58:00,pdfs/01191/allotment_0.pdf,True
01191,"Crealights Technology Co., Ltd.",2026-06-29,over_allotment_exercise,,,,,,False
01191,"Crealights Technology Co., Ltd.",2026-06-29,stabilization,,,,,,False
02672,"Baige Online Digital Technology Co., Ltd.",2026-06-29,prospectus,Listing Documents - [Offer for Subscription] - GLOBAL OFFERING,https://www1.hkexnews.hk/listedco/listconews/sehk/2026/0618/2026061800045.pdf,,2026-06-18 06:24:00,pdfs/02672/prospectus_0.pdf,True
02672,"Baige Online Digital Technology Co., Ltd.",2026-06-29,allotment,Announcements and Notices - [Allotment Results] - ANNOUNCEMENT OF ALLOTMENT RESULTS,https://www1.hkexnews.hk/listedco/listconews/sehk/2026/0626/2026062602363.pdf,,2026-06-26 21:13:00,pdfs/02672/allotment_0.pdf,True
02672,"Baige Online Digital Technology Co., Ltd.",2026-06-29,over_allotment_exercise,,,,,,False
02672,"Baige Online Digital Technology Co., Ltd.",2026-06-29,stabilization,,,,,,False
06915,Jiangxi Institute of Biological Products Inc.,2026-06-30,prospectus,Listing Documents - [Offer for Subscription] - GLOBAL OFFERING,https://www1.hkexnews.hk/listedco/listconews/sehk/2026/0622/2026062200065.pdf,,2026-06-22 06:33:00,pdfs/06915/prospectus_0.pdf,True
06915,Jiangxi Institute of Biological Products Inc.,2026-06-30,allotment,Announcements and Notices - [Allotment Results] - ANNOUNCEMENT OF ALLOTMENT RESULTS,https://www1.hkexnews.hk/listedco/listconews/sehk/2026/0629/2026062902075.pdf,,2026-06-29 21:13:00,pdfs/06915/allotment_0.pdf,True
06915,Jiangxi Institute of Biological Products Inc.,2026-06-30,over_allotment_exercise,,,,,,False
06915,Jiangxi Institute of Biological Products Inc.,2026-06-30,stabilization,,,,,,False
03952,"Zhejiang Laifual Drive Co., Ltd.",2026-06-30,prospectus,Listing Documents - [Offer for Subscription] - Global Offering,https://www1.hkexnews.hk/listedco/listconews/sehk/2026/0622/2026062200047.pdf,,2026-06-22 06:16:00,pdfs/03952/prospectus_0.pdf,True
03952,"Zhejiang Laifual Drive Co., Ltd.",2026-06-30,allotment,Announcements and Notices - [Allotment Results] - ANNOUNCEMENT OF FINAL OFFER PRICE AND ALLOTMENT RESULTS,https://www1.hkexnews.hk/listedco/listconews/sehk/2026/0629/2026062902089.pdf,,2026-06-29 21:17:00,pdfs/03952/allotment_0.pdf,True
03952,"Zhejiang Laifual Drive Co., Ltd.",2026-06-30,over_allotment_exercise,,,,,,False
03952,"Zhejiang Laifual Drive Co., Ltd.",2026-06-30,stabilization,,,,,,False
02697,"Guangdong True Health Medical Technology Development Co., Ltd.",2026-06-30,prospectus,Listing Documents - [Offer for Subscription] - GLOBAL OFFERING,https://www1.hkexnews.hk/listedco/listconews/sehk/2026/0622/2026062200041.pdf,,2026-06-22 06:16:00,pdfs/02697/prospectus_0.pdf,True
02697,"Guangdong True Health Medical Technology Development Co., Ltd.",2026-06-30,allotment,Announcements and Notices - [Allotment Results] - ANNOUNCEMENT OF FINAL OFFER PRICE AND ALLOTMENT RESULTS,https://www1.hkexnews.hk/listedco/listconews/sehk/2026/0629/2026062901959.pdf,,2026-06-29 20:35:00,pdfs/02697/allotment_0.pdf,True
02697,"Guangdong True Health Medical Technology Development Co., Ltd.",2026-06-30,over_allotment_exercise,,,,,,False
02697,"Guangdong True Health Medical Technology Development Co., Ltd.",2026-06-30,stabilization,,,,,,False
06715,"Hangzhou Qiandaohu Xunlong Sci-tech Co., Ltd.",2026-06-30,prospectus,Listing Documents - [Offer for Subscription] - GLOBAL OFFERING,https://www1.hkexnews.hk/listedco/listconews/sehk/2026/0622/2026062200025.pdf,,2026-06-22 06:09:00,pdfs/06715/prospectus_0.pdf,True
06715,"Hangzhou Qiandaohu Xunlong Sci-tech Co., Ltd.",2026-06-30,allotment,Announcements and Notices - [Allotment Results] - GLOBAL OFFERING,https://www1.hkexnews.hk/listedco/listconews/sehk/2026/0629/2026062902679.pdf,,2026-06-29 22:58:00,pdfs/06715/allotment_0.pdf,True
06715,"Hangzhou Qiandaohu Xunlong Sci-tech Co., Ltd.",2026-06-30,over_allotment_exercise,,,,,,False
06715,"Hangzhou Qiandaohu Xunlong Sci-tech Co., Ltd.",2026-06-30,stabilization,,,,,,False
